record_id,craft,material,technique,size,labor_hours,raw_material_cost,packaging_cost,transport_cost,complexity,customization,region,actual_selling_price
SIH-00001,Madhubani,Paper,Hand Painting,Large,38.6,440,145,250,High,Moderate,East India,9560
SIH-00002,Pashmina,Pashmina Wool,Hand Embroidery,Standard,75.0,8090,400,440,High,High,North India,35840
SIH-00003,Kondapalli Toys,Soft Wood,Hand Painting,Large,8.2,290,25,60,Medium,Standard,South India,1970
SIH-00004,Blue Pottery,Ceramic,Glazing,Medium,2.7,250,35,45,Low,Standard,West India,750
SIH-00005,Thanjavur Painting,Wood,Gold Leaf Work,Medium,39.0,3220,440,415,High,Moderate,South India,21920
SIH-00006,Sandalwood Carving,Sandalwood,Wood Carving,Small,26.9,2640,145,370,Medium,High,South India,11560
SIH-00007,Kondapalli Toys,Soft Wood,Hand Painting,Large,9.6,670,70,100,High,Moderate,South India,2780
SIH-00008,Pashmina,Pashmina Wool,Hand Embroidery,Standard,87.4,4260,540,565,Medium,Standard,North India,35850
SIH-00009,Kalamkari,Cotton,Block Printing,Small,7.7,420,30,50,Low,Moderate,South India,2070
SIH-00010,Phulkari,Cotton,Hand Embroidery,Standard,19.4,650,90,175,High,Light,North India,6830
SIH-00011,Kutch Embroidery,Cotton,Hand Embroidery,Small,22.9,260,60,95,Medium,High,West India,6320
SIH-00012,Pashmina,Pashmina Wool,Hand Embroidery,Standard,138.3,7040,660,735,High,Moderate,North India,62560
SIH-00013,Bastar Dhokra,Bell Metal,Lost Wax Casting,Medium,13.3,1910,135,195,Medium,Moderate,Central India,7190
SIH-00014,Pipili Applique,Cotton,Applique,Large,17.6,480,65,75,High,Light,East India,3370
SIH-00015,Sandalwood Carving,Sandalwood,Wood Carving,Small,28.3,1570,195,200,Low,Standard,South India,9180
SIH-00016,Dhokra,Brass,Lost Wax Casting,Large,19.2,1360,135,235,High,Light,Central India,5940
SIH-00017,Kalamkari,Cotton,Block Printing,Large,21.0,700,70,115,Medium,Light,South India,5370
SIH-00018,Sikki Craft,Sikki Grass,Hand Weaving,Small,5.5,80,30,25,Low,Standard,East India,950
SIH-00019,Pashmina,Pashmina Wool,Hand Embroidery,Standard,118.8,7720,305,545,High,High,North India,38500
SIH-00020,Sikki Craft,Sikki Grass,Hand Weaving,Medium,5.4,190,20,25,Low,Standard,East India,1070
SIH-00021,Pipili Applique,Cotton,Applique,Medium,8.2,330,20,45,Low,Standard,East India,1640
SIH-00022,Kashmir Walnut Wood Carving,Walnut Wood,Wood Carving,Medium,41.3,860,215,410,Medium,Light,North India,11520
SIH-00023,Madhubani,Paper,Hand Painting,Large,53.3,250,160,255,High,High,East India,13410
SIH-00024,Channapatna,Wood,Lac Turning,Medium,4.0,130,30,20,Low,Light,South India,1000
SIH-00025,Banarasi,Silk,Handloom Weaving,Standard,87.7,4890,355,565,Medium,Standard,North India,35990
SIH-00026,Blue Pottery,Ceramic,Glazing,Small,2.6,230,25,20,Low,Standard,West India,760
SIH-00027,Phulkari,Cotton,Hand Embroidery,Standard,25.3,790,145,135,Medium,Standard,North India,7190
SIH-00028,Kalamkari,Cotton,Block Printing,Large,23.5,740,70,150,High,Light,South India,5520
SIH-00029,Pipili Applique,Cotton,Applique,Large,11.3,280,20,50,Medium,Standard,East India,1920
SIH-00030,Pipili Applique,Cotton,Applique,Small,5.8,200,20,20,Low,Standard,East India,1090
SIH-00031,Pashmina,Pashmina Wool,Hand Embroidery,Standard,111.1,5710,725,525,High,Moderate,North India,44050
SIH-00032,Kondapalli Toys,Soft Wood,Hand Painting,Small,2.5,160,15,20,Low,Light,South India,700
SIH-00033,Madhubani,Paper,Hand Painting,Small,12.4,180,65,55,Low,Moderate,East India,3570
SIH-00034,Moradabad Metal Craft,Brass,Metal Engraving,Large,9.0,1310,85,150,High,Light,North India,4670
SIH-00035,Kalamkari,Cotton,Block Printing,Large,28.3,480,120,135,Medium,Light,South India,7690
SIH-00036,Banarasi,Silk,Handloom Weaving,Standard,101.2,4920,435,335,Medium,Light,North India,31480
SIH-00037,Terracotta,Clay,Hand Moulding,Medium,6.7,140,40,80,Low,Moderate,East India,1460
SIH-00038,Dhokra,Brass,Lost Wax Casting,Medium,23.2,1650,125,180,High,Moderate,Central India,7800
SIH-00039,Channapatna,Wood,Lac Turning,Small,1.6,100,15,20,Low,Standard,South India,500
SIH-00040,Blue Pottery,Ceramic,Glazing,Medium,3.4,370,40,60,Low,Standard,West India,1120
SIH-00041,Blue Pottery,Ceramic,Glazing,Small,2.1,170,25,35,Low,Moderate,West India,770
SIH-00042,Madhubani,Paper,Hand Painting,Small,20.2,160,50,90,Low,High,East India,4130
SIH-00043,Bastar Dhokra,Bell Metal,Lost Wax Casting,Small,10.4,1310,120,210,Low,Standard,Central India,4560
SIH-00044,Blue Pottery,Ceramic,Glazing,Small,1.5,200,20,20,Low,Light,West India,570
SIH-00045,Blue Pottery,Ceramic,Glazing,Medium,3.5,270,30,35,Low,Light,West India,1030
SIH-00046,Pipili Applique,Cotton,Applique,Medium,8.3,310,35,25,Medium,Standard,East India,1700
SIH-00047,Kashmir Walnut Wood Carving,Walnut Wood,Wood Carving,Small,4.3,780,65,50,Low,Moderate,North India,2480
SIH-00048,Pipili Applique,Cotton,Applique,Small,7.8,160,30,25,Low,Standard,East India,1530
SIH-00049,Blue Pottery,Ceramic,Glazing,Small,2.6,190,25,30,Low,Moderate,West India,850
SIH-00050,Kalamkari,Cotton,Block Printing,Large,18.3,710,65,90,High,Moderate,South India,5640
SIH-00051,Kashmir Walnut Wood Carving,Walnut Wood,Wood Carving,Medium,29.1,1060,225,365,Medium,Light,North India,10440
SIH-00052,Dhokra,Brass,Lost Wax Casting,Small,8.5,880,65,115,Low,Standard,Central India,3070
SIH-00053,Blue Pottery,Ceramic,Glazing,Small,1.9,240,30,35,Low,Standard,West India,720
SIH-00054,Moradabad Metal Craft,Brass,Metal Engraving,Large,16.0,2320,260,350,High,Moderate,North India,7240
SIH-00055,Kondapalli Toys,Soft Wood,Hand Painting,Medium,5.5,360,25,45,Medium,Moderate,South India,1490
SIH-00056,Phulkari,Cotton,Hand Embroidery,Standard,34.0,570,135,245,Medium,Standard,North India,9400
SIH-00057,Bastar Dhokra,Bell Metal,Lost Wax Casting,Small,3.1,1420,60,130,Low,Moderate,Central India,3050
SIH-00058,Dhokra,Brass,Lost Wax Casting,Large,14.0,3180,180,335,High,Moderate,Central India,8510
SIH-00059,Kashmir Walnut Wood Carving,Walnut Wood,Wood Carving,Small,14.8,820,140,230,Low,Standard,North India,6260
SIH-00060,Blue Pottery,Ceramic,Glazing,Medium,3.8,260,40,55,Low,Standard,West India,1040
SIH-00061,Kashmir Walnut Wood Carving,Walnut Wood,Wood Carving,Small,12.7,880,90,105,Low,Standard,North India,4150
SIH-00062,Blue Pottery,Ceramic,Glazing,Large,1.6,340,30,30,Medium,Standard,West India,710
SIH-00063,Sandalwood Carving,Sandalwood,Wood Carving,Large,63.4,5450,545,830,High,Light,South India,27490
SIH-00064,Channapatna,Wood,Lac Turning,Medium,2.9,120,20,30,Low,Light,South India,820
SIH-00065,Blue Pottery,Ceramic,Glazing,Small,1.8,240,15,30,Low,Standard,West India,710
SIH-00066,Blue Pottery,Ceramic,Glazing,Medium,2.7,250,25,45,Low,Standard,West India,860
SIH-00067,Sikki Craft,Sikki Grass,Hand Weaving,Medium,5.4,110,35,45,Medium,Standard,East India,1200
SIH-00068,Channapatna,Wood,Lac Turning,Large,4.5,120,15,50,Medium,Standard,South India,1130
SIH-00069,Dhokra,Brass,Lost Wax Casting,Large,25.1,1880,310,375,High,Standard,Central India,9550
SIH-00070,Kondapalli Toys,Soft Wood,Hand Painting,Large,7.0,240,55,30,Medium,Standard,South India,1890
SIH-00071,Kashmir Walnut Wood Carving,Walnut Wood,Wood Carving,Large,21.7,2310,160,220,High,Light,North India,9050
SIH-00072,Terracotta,Clay,Hand Moulding,Large,7.9,210,45,85,Low,Standard,East India,1620
SIH-00073,Channapatna,Wood,Lac Turning,Medium,3.0,130,15,20,Low,Standard,South India,720
SIH-00074,Sandalwood Carving,Sandalwood,Wood Carving,Small,30.5,1690,225,320,Medium,Moderate,South India,12310
SIH-00075,Blue Pottery,Ceramic,Glazing,Large,5.7,250,40,65,Medium,Moderate,West India,1500
SIH-00076,Madhubani,Paper,Hand Painting,Medium,25.3,190,50,90,Low,Standard,East India,4630
SIH-00077,Pipili Applique,Cotton,Applique,Small,7.8,300,20,45,Low,High,East India,2010
SIH-00078,Dhokra,Brass,Lost Wax Casting,Small,3.0,1450,65,75,Low,Standard,Central India,3110
SIH-00079,Blue Pottery,Ceramic,Glazing,Small,2.3,260,30,20,Low,Standard,West India,800
SIH-00080,Madhubani,Paper,Hand Painting,Medium,32.9,280,170,240,Medium,High,East India,9690
SIH-00081,Thanjavur Painting,Wood,Gold Leaf Work,Small,46.2,2210,315,490,Medium,High,South India,19650
SIH-00082,Sandalwood Carving,Sandalwood,Wood Carving,Medium,60.7,2800,420,400,Medium,Standard,South India,20590
SIH-00083,Moradabad Metal Craft,Brass,Metal Engraving,Small,6.4,470,65,90,Low,Light,North India,2350
SIH-00084,Blue Pottery,Ceramic,Glazing,Small,1.2,140,15,20,Low,Standard,West India,430
SIH-00085,Madhubani,Paper,Hand Painting,Large,30.5,260,50,90,Medium,Standard,East India,4760
SIH-00086,Madhubani,Paper,Hand Painting,Large,46.4,330,155,225,High,Light,East India,10140
SIH-00087,Pipili Applique,Cotton,Applique,Large,10.7,450,55,80,High,Standard,East India,2680
SIH-00088,Kondapalli Toys,Soft Wood,Hand Painting,Large,4.0,280,20,40,Medium,Standard,South India,1270
SIH-00089,Blue Pottery,Ceramic,Glazing,Large,5.9,630,55,60,Medium,Moderate,West India,2120
SIH-00090,Terracotta,Clay,Hand Moulding,Small,3.4,110,30,25,Low,Standard,East India,800
SIH-00091,Dhokra,Brass,Lost Wax Casting,Medium,21.8,1660,260,185,Medium,Standard,Central India,9540
SIH-00092,Kutch Embroidery,Cotton,Hand Embroidery,Large,24.8,710,85,140,High,Standard,West India,7560
SIH-00093,Moradabad Metal Craft,Brass,Metal Engraving,Small,8.6,1150,145,200,Low,Standard,North India,4660
SIH-00094,Kalamkari,Cotton,Block Printing,Large,12.2,990,60,105,Medium,Light,South India,3800
SIH-00095,Kalamkari,Cotton,Block Printing,Medium,9.9,560,40,35,Low,Light,South India,2320
SIH-00096,Terracotta,Clay,Hand Moulding,Small,2.4,170,15,30,Low,Standard,East India,580
SIH-00097,Sikki Craft,Sikki Grass,Hand Weaving,Large,14.7,200,80,105,High,Light,East India,2730
SIH-00098,Terracotta,Clay,Hand Moulding,Medium,5.6,210,50,70,Low,Light,East India,1390
SIH-00099,Blue Pottery,Ceramic,Glazing,Large,4.0,300,40,50,Medium,Standard,West India,1160
SIH-00100,Thanjavur Painting,Wood,Gold Leaf Work,Medium,33.0,3010,260,335,High,High,South India,17080
SIH-00101,Bastar Dhokra,Bell Metal,Lost Wax Casting,Large,40.6,1520,235,380,High,Light,Central India,14330
SIH-00102,Madhubani,Paper,Hand Painting,Medium,28.5,260,105,190,Medium,Moderate,East India,6940
SIH-00103,Blue Pottery,Ceramic,Glazing,Medium,3.7,180,45,45,Low,Standard,West India,1110
SIH-00104,Kondapalli Toys,Soft Wood,Hand Painting,Large,8.6,480,30,40,High,Standard,South India,1850
SIH-00105,Channapatna,Wood,Lac Turning,Large,5.5,180,20,25,Medium,Standard,South India,1250
SIH-00106,Madhubani,Paper,Hand Painting,Medium,34.8,240,105,135,Medium,Moderate,East India,9200
SIH-00107,Moradabad Metal Craft,Brass,Metal Engraving,Large,23.2,2340,230,320,High,Light,North India,9430
SIH-00108,Kondapalli Toys,Soft Wood,Hand Painting,Medium,2.3,230,15,30,Low,Standard,South India,940
SIH-00109,Pipili Applique,Cotton,Applique,Small,8.5,260,35,35,Low,Moderate,East India,2100
SIH-00110,Banarasi,Silk,Handloom Weaving,Standard,53.6,6000,365,470,Medium,Standard,North India,24660
SIH-00111,Sikki Craft,Sikki Grass,Hand Weaving,Large,6.3,190,30,45,Medium,Standard,East India,1620
SIH-00112,Channapatna,Wood,Lac Turning,Medium,3.1,150,15,20,Low,Standard,South India,680
SIH-00113,Blue Pottery,Ceramic,Glazing,Medium,0.9,340,15,35,Low,Standard,West India,620
SIH-00114,Channapatna,Wood,Lac Turning,Small,2.8,160,15,20,Low,Standard,South India,590
SIH-00115,Blue Pottery,Ceramic,Glazing,Small,2.4,220,30,20,Low,Standard,West India,700
SIH-00116,Blue Pottery,Ceramic,Glazing,Medium,3.2,380,40,50,Low,Standard,West India,1190
SIH-00117,Bastar Dhokra,Bell Metal,Lost Wax Casting,Large,17.9,1920,130,335,High,Standard,Central India,7190
SIH-00118,Blue Pottery,Ceramic,Glazing,Large,10.8,430,105,125,High,High,West India,2880
SIH-00119,Channapatna,Wood,Lac Turning,Medium,1.1,200,15,20,Low,Moderate,South India,530
SIH-00120,Terracotta,Clay,Hand Moulding,Small,4.8,140,15,20,Low,Light,East India,890
SIH-00121,Moradabad Metal Craft,Brass,Metal Engraving,Medium,19.2,1180,110,245,Medium,Light,North India,6200
SIH-00122,Blue Pottery,Ceramic,Glazing,Large,4.9,360,65,60,Medium,Standard,West India,1480
SIH-00123,Blue Pottery,Ceramic,Glazing,Small,2.9,130,15,35,Low,Standard,West India,680
SIH-00124,Blue Pottery,Ceramic,Glazing,Small,3.3,170,25,40,Low,Light,West India,860
SIH-00125,Thanjavur Painting,Wood,Gold Leaf Work,Large,56.3,3720,620,395,High,High,South India,25750
SIH-00126,Thanjavur Painting,Wood,Gold Leaf Work,Large,44.3,4250,280,725,High,Light,South India,23390
SIH-00127,Channapatna,Wood,Lac Turning,Large,5.9,190,25,35,Low,Standard,South India,1100
SIH-00128,Madhubani,Paper,Hand Painting,Large,63.1,450,200,215,High,Light,East India,14730
SIH-00129,Dhokra,Brass,Lost Wax Casting,Small,15.3,770,90,170,Low,Standard,Central India,4050
SIH-00130,Phulkari,Cotton,Hand Embroidery,Standard,29.5,600,155,145,High,Moderate,North India,9140
SIH-00131,Blue Pottery,Ceramic,Glazing,Small,2.2,160,20,20,Low,Standard,West India,670
SIH-00132,Dhokra,Brass,Lost Wax Casting,Medium,17.7,900,95,115,High,Moderate,Central India,5170
SIH-00133,Sikki Craft,Sikki Grass,Hand Weaving,Medium,6.5,150,25,50,Low,Standard,East India,1530
SIH-00134,Sikki Craft,Sikki Grass,Hand Weaving,Medium,1.2,130,15,20,Medium,Standard,East India,470
SIH-00135,Banarasi,Silk,Handloom Weaving,Standard,131.3,6380,700,975,High,Moderate,North India,56750
SIH-00136,Banarasi,Silk,Handloom Weaving,Standard,111.4,4670,545,705,Medium,Standard,North India,34590
SIH-00137,Pashmina,Pashmina Wool,Hand Embroidery,Standard,104.1,7490,375,735,Medium,Standard,North India,32710
SIH-00138,Blue Pottery,Ceramic,Glazing,Small,1.9,170,25,35,Low,Light,West India,650
SIH-00139,Banarasi,Silk,Handloom Weaving,Standard,118.6,5790,285,550,Medium,Light,North India,37430
SIH-00140,Banarasi,Silk,Handloom Weaving,Standard,98.4,5320,455,660,Medium,Standard,North India,35380
SIH-00141,Sikki Craft,Sikki Grass,Hand Weaving,Medium,9.5,140,30,80,Medium,Moderate,East India,2210
SIH-00142,Kalamkari,Cotton,Block Printing,Medium,2.8,330,15,30,Low,Standard,South India,1100
SIH-00143,Sikki Craft,Sikki Grass,Hand Weaving,Medium,4.4,130,15,30,Medium,Moderate,East India,1100
SIH-00144,Terracotta,Clay,Hand Moulding,Small,1.1,130,15,20,Low,Standard,East India,410
SIH-00145,Banarasi,Silk,Handloom Weaving,Standard,84.3,5530,330,390,High,Standard,North India,25260
SIH-00146,Blue Pottery,Ceramic,Glazing,Large,4.7,490,30,50,Medium,Light,West India,1560
SIH-00147,Sandalwood Carving,Sandalwood,Wood Carving,Medium,26.5,2660,335,230,Medium,Standard,South India,12520
SIH-00148,Pipili Applique,Cotton,Applique,Medium,2.8,260,15,20,Low,Standard,East India,830
SIH-00149,Madhubani,Paper,Hand Painting,Small,15.9,140,70,110,Low,Light,East India,4170
SIH-00150,Kashmir Walnut Wood Carving,Walnut Wood,Wood Carving,Medium,27.9,1940,155,405,Medium,Standard,North India,11150
SIH-00151,Madhubani,Paper,Hand Painting,Large,38.5,240,145,130,High,Standard,East India,7090
SIH-00152,Sandalwood Carving,Sandalwood,Wood Carving,Medium,44.3,2240,380,470,Medium,Standard,South India,13660
SIH-00153,Pashmina,Pashmina Wool,Hand Embroidery,Standard,122.8,4860,610,965,Medium,Standard,North India,43080
SIH-00154,Madhubani,Paper,Hand Painting,Large,25.6,310,75,115,High,Standard,East India,5540
SIH-00155,Pashmina,Pashmina Wool,Hand Embroidery,Standard,39.9,4770,125,240,Medium,Standard,North India,17960
SIH-00156,Terracotta,Clay,Hand Moulding,Medium,5.4,150,40,25,Low,Standard,East India,1050
SIH-00157,Kalamkari,Cotton,Block Printing,Small,6.9,230,30,50,Low,Light,South India,1860
SIH-00158,Blue Pottery,Ceramic,Glazing,Large,6.2,430,75,55,Medium,Moderate,West India,2070
SIH-00159,Pashmina,Pashmina Wool,Hand Embroidery,Standard,61.9,4360,365,460,Medium,Standard,North India,29300
SIH-00160,Pipili Applique,Cotton,Applique,Small,7.2,340,35,45,Low,Standard,East India,1680
SIH-00161,Kalamkari,Cotton,Block Printing,Large,14.8,810,35,70,High,Light,South India,3820
SIH-00162,Bastar Dhokra,Bell Metal,Lost Wax Casting,Small,10.0,1490,160,115,Low,Light,Central India,4790
SIH-00163,Kalamkari,Cotton,Block Printing,Large,19.6,530,65,85,Medium,Standard,South India,4240
SIH-00164,Kashmir Walnut Wood Carving,Walnut Wood,Wood Carving,Small,13.5,950,160,150,Low,Light,North India,5360
SIH-00165,Terracotta,Clay,Hand Moulding,Medium,5.4,160,30,35,Low,Moderate,East India,1000
SIH-00166,Phulkari,Cotton,Hand Embroidery,Standard,31.2,750,80,165,Medium,Standard,North India,7430
SIH-00167,Bastar Dhokra,Bell Metal,Lost Wax Casting,Large,12.2,2710,250,190,High,High,Central India,7680
SIH-00168,Sandalwood Carving,Sandalwood,Wood Carving,Medium,54.6,2030,355,575,Medium,Light,South India,16430
SIH-00169,Channapatna,Wood,Lac Turning,Large,5.9,250,25,45,Medium,Light,South India,1280
SIH-00170,Kutch Embroidery,Cotton,Hand Embroidery,Large,27.9,610,115,155,High,Moderate,West India,5960
SIH-00171,Blue Pottery,Ceramic,Glazing,Medium,2.0,250,30,45,Low,Light,West India,770
SIH-00172,Bastar Dhokra,Bell Metal,Lost Wax Casting,Large,12.7,3570,270,210,High,Light,Central India,9440
SIH-00173,Sikki Craft,Sikki Grass,Hand Weaving,Small,3.8,100,20,20,Low,Light,East India,780
SIH-00174,Terracotta,Clay,Hand Moulding,Large,9.6,180,70,45,Medium,High,East India,1870
SIH-00175,Blue Pottery,Ceramic,Glazing,Large,2.5,480,25,60,Medium,Light,West India,1220
SIH-00176,Blue Pottery,Ceramic,Glazing,Medium,2.5,360,30,40,Low,Standard,West India,1000
SIH-00177,Blue Pottery,Ceramic,Glazing,Large,6.6,420,55,55,Medium,Moderate,West India,1660
SIH-00178,Pashmina,Pashmina Wool,Hand Embroidery,Standard,112.4,6590,350,595,High,High,North India,38650
SIH-00179,Kashmir Walnut Wood Carving,Walnut Wood,Wood Carving,Large,10.9,1420,65,105,High,Moderate,North India,4730
SIH-00180,Blue Pottery,Ceramic,Glazing,Small,1.2,200,15,20,Low,Standard,West India,520
SIH-00181,Kalamkari,Cotton,Block Printing,Large,29.1,640,85,135,Medium,Standard,South India,7530
SIH-00182,Moradabad Metal Craft,Brass,Metal Engraving,Medium,6.5,930,60,110,Medium,Light,North India,2950
SIH-00183,Sikki Craft,Sikki Grass,Hand Weaving,Medium,5.7,140,30,20,Medium,Standard,East India,1360
SIH-00184,Moradabad Metal Craft,Brass,Metal Engraving,Small,3.8,1040,60,105,Low,Light,North India,2750
SIH-00185,Channapatna,Wood,Lac Turning,Large,6.9,210,40,50,Medium,Light,South India,1670
SIH-00186,Blue Pottery,Ceramic,Glazing,Large,6.7,370,45,85,Medium,Light,West India,1650
SIH-00187,Blue Pottery,Ceramic,Glazing,Large,4.2,450,60,65,Medium,Standard,West India,1490
SIH-00188,Banarasi,Silk,Handloom Weaving,Standard,54.9,3720,320,395,High,Standard,North India,23390
SIH-00189,Blue Pottery,Ceramic,Glazing,Small,1.8,180,25,20,Low,Standard,West India,660
SIH-00190,Pashmina,Pashmina Wool,Hand Embroidery,Standard,36.0,6150,320,245,Medium,Moderate,North India,21850
SIH-00191,Pipili Applique,Cotton,Applique,Large,10.0,460,40,60,Medium,Light,East India,2220
SIH-00192,Banarasi,Silk,Handloom Weaving,Standard,73.2,6740,590,765,Medium,Light,North India,35780
SIH-00193,Sandalwood Carving,Sandalwood,Wood Carving,Small,20.9,1190,95,155,Low,Standard,South India,6200
SIH-00194,Phulkari,Cotton,Hand Embroidery,Standard,33.2,540,110,95,High,Moderate,North India,8210
SIH-00195,Kashmir Walnut Wood Carving,Walnut Wood,Wood Carving,Large,59.7,2620,465,455,High,Light,North India,21550
SIH-00196,Dhokra,Brass,Lost Wax Casting,Large,13.6,2680,240,240,High,Moderate,Central India,7200
SIH-00197,Kutch Embroidery,Cotton,Hand Embroidery,Medium,27.2,470,80,130,High,High,West India,6800
SIH-00198,Channapatna,Wood,Lac Turning,Medium,2.4,190,20,20,Low,Moderate,South India,760
SIH-00199,Blue Pottery,Ceramic,Glazing,Small,1.7,170,20,20,Low,Standard,West India,500
SIH-00200,Banarasi,Silk,Handloom Weaving,Standard,67.4,5710,470,525,High,Standard,North India,27980
SIH-00201,Blue Pottery,Ceramic,Glazing,Medium,3.9,190,40,55,Low,Light,West India,1170
SIH-00202,Moradabad Metal Craft,Brass,Metal Engraving,Medium,11.2,1360,160,220,Medium,Standard,North India,4600
SIH-00203,Blue Pottery,Ceramic,Glazing,Large,6.9,380,55,80,Medium,High,West India,1740
SIH-00204,Kashmir Walnut Wood Carving,Walnut Wood,Wood Carving,Large,63.1,1880,470,715,High,Light,North India,19210
SIH-00205,Pipili Applique,Cotton,Applique,Large,21.7,470,75,105,Medium,Light,East India,4720
SIH-00206,Kondapalli Toys,Soft Wood,Hand Painting,Medium,2.6,200,15,20,Low,Standard,South India,870
SIH-00207,Bastar Dhokra,Bell Metal,Lost Wax Casting,Large,42.9,3170,415,450,High,Moderate,Central India,14400
SIH-00208,Dhokra,Brass,Lost Wax Casting,Small,8.8,490,85,60,Low,Moderate,Central India,2840
SIH-00209,Pipili Applique,Cotton,Applique,Large,17.4,390,45,115,High,Moderate,East India,3960
SIH-00210,Blue Pottery,Ceramic,Glazing,Large,4.4,550,35,45,Medium,Standard,West India,1520
SIH-00211,Madhubani,Paper,Hand Painting,Small,17.7,130,30,45,Low,Moderate,East India,3060
SIH-00212,Blue Pottery,Ceramic,Glazing,Large,4.9,280,60,35,Medium,Standard,West India,1460
SIH-00213,Terracotta,Clay,Hand Moulding,Medium,6.8,110,25,40,Low,Moderate,East India,1110
SIH-00214,Moradabad Metal Craft,Brass,Metal Engraving,Large,23.5,2440,355,370,High,Standard,North India,10210
SIH-00215,Dhokra,Brass,Lost Wax Casting,Small,15.3,700,115,155,Low,Moderate,Central India,4600
SIH-00216,Blue Pottery,Ceramic,Glazing,Small,2.9,120,15,35,Low,Standard,West India,810
SIH-00217,Banarasi,Silk,Handloom Weaving,Standard,87.3,3530,285,610,High,Standard,North India,26990
SIH-00218,Blue Pottery,Ceramic,Glazing,Small,2.5,250,20,30,Low,Standard,West India,750
SIH-00219,Kalamkari,Cotton,Block Printing,Large,20.5,1150,85,75,Medium,Standard,South India,4990
SIH-00220,Moradabad Metal Craft,Brass,Metal Engraving,Large,21.3,1770,130,305,High,Light,North India,8410
SIH-00221,Phulkari,Cotton,Hand Embroidery,Standard,30.0,690,170,160,Medium,Light,North India,8530
SIH-00222,Channapatna,Wood,Lac Turning,Small,2.8,130,25,35,Low,Light,South India,880
SIH-00223,Thanjavur Painting,Wood,Gold Leaf Work,Small,33.8,2890,535,495,Medium,Light,South India,20520
SIH-00224,Moradabad Metal Craft,Brass,Metal Engraving,Small,12.0,1120,140,110,Low,Light,North India,5610
SIH-00225,Kalamkari,Cotton,Block Printing,Small,8.3,190,25,50,Low,Light,South India,1750
SIH-00226,Dhokra,Brass,Lost Wax Casting,Large,31.9,3050,255,310,High,Light,Central India,10610
SIH-00227,Moradabad Metal Craft,Brass,Metal Engraving,Large,25.1,1510,270,345,High,Standard,North India,7450
SIH-00228,Blue Pottery,Ceramic,Glazing,Small,1.9,200,15,35,Low,Light,West India,610
SIH-00229,Blue Pottery,Ceramic,Glazing,Large,5.0,400,45,60,Medium,Standard,West India,1470
SIH-00230,Banarasi,Silk,Handloom Weaving,Standard,80.4,4700,265,460,Medium,Standard,North India,33360
SIH-00231,Blue Pottery,Ceramic,Glazing,Large,5.4,250,30,45,Medium,Light,West India,1440
SIH-00232,Pashmina,Pashmina Wool,Hand Embroidery,Standard,64.4,4870,345,300,Medium,Standard,North India,24880
SIH-00233,Thanjavur Painting,Wood,Gold Leaf Work,Small,35.0,1490,155,375,Medium,Moderate,South India,14280
SIH-00234,Channapatna,Wood,Lac Turning,Large,3.5,150,15,25,Medium,Moderate,South India,730
SIH-00235,Kondapalli Toys,Soft Wood,Hand Painting,Medium,3.9,190,25,40,Low,Standard,South India,1250
SIH-00236,Blue Pottery,Ceramic,Glazing,Medium,2.9,180,20,45,Low,Standard,West India,840
SIH-00237,Sikki Craft,Sikki Grass,Hand Weaving,Large,7.1,210,35,45,High,High,East India,1980
SIH-00238,Terracotta,Clay,Hand Moulding,Small,1.6,140,15,25,Low,Light,East India,550
SIH-00239,Channapatna,Wood,Lac Turning,Small,1.8,170,15,25,Low,Standard,South India,700
SIH-00240,Blue Pottery,Ceramic,Glazing,Small,0.9,180,15,20,Low,Standard,West India,490
SIH-00241,Thanjavur Painting,Wood,Gold Leaf Work,Small,23.5,2060,155,330,Medium,Moderate,South India,13700
SIH-00242,Kutch Embroidery,Cotton,Hand Embroidery,Large,15.8,540,75,90,High,Standard,West India,5090
SIH-00243,Kashmir Walnut Wood Carving,Walnut Wood,Wood Carving,Large,59.4,2530,385,420,High,Standard,North India,21730
SIH-00244,Blue Pottery,Ceramic,Glazing,Large,6.0,360,60,50,Medium,Light,West India,1820
SIH-00245,Banarasi,Silk,Handloom Weaving,Standard,102.2,3860,430,520,Medium,Standard,North India,33250
SIH-00246,Pashmina,Pashmina Wool,Hand Embroidery,Standard,95.3,5770,370,560,Medium,Standard,North India,30410
SIH-00247,Kutch Embroidery,Cotton,Hand Embroidery,Large,34.6,610,130,165,High,Standard,West India,7870
SIH-00248,Sandalwood Carving,Sandalwood,Wood Carving,Large,23.2,1630,220,170,High,Standard,South India,9410
SIH-00249,Sandalwood Carving,Sandalwood,Wood Carving,Large,34.7,2900,355,500,High,Moderate,South India,14940
SIH-00250,Blue Pottery,Ceramic,Glazing,Small,1.8,170,20,35,Low,Light,West India,690
SIH-00251,Bastar Dhokra,Bell Metal,Lost Wax Casting,Medium,14.7,1850,235,255,Medium,Standard,Central India,7100
SIH-00252,Sandalwood Carving,Sandalwood,Wood Carving,Large,32.0,2310,355,400,High,Moderate,South India,13590
SIH-00253,Banarasi,Silk,Handloom Weaving,Standard,95.0,3180,600,510,High,Standard,North India,34010
SIH-00254,Blue Pottery,Ceramic,Glazing,Medium,6.5,210,55,70,Medium,High,West India,1470
SIH-00255,Kutch Embroidery,Cotton,Hand Embroidery,Medium,32.7,270,145,145,Medium,Moderate,West India,7470
SIH-00256,Kutch Embroidery,Cotton,Hand Embroidery,Medium,20.8,510,75,80,Medium,Standard,West India,6000
SIH-00257,Kalamkari,Cotton,Block Printing,Small,7.0,470,25,45,Low,Light,South India,2520
SIH-00258,Kondapalli Toys,Soft Wood,Hand Painting,Small,2.7,240,15,20,Low,Standard,South India,960
SIH-00259,Pipili Applique,Cotton,Applique,Small,5.1,160,15,20,Low,Light,East India,1020
SIH-00260,Kalamkari,Cotton,Block Printing,Large,18.0,670,85,130,Medium,Standard,South India,5190
SIH-00261,Moradabad Metal Craft,Brass,Metal Engraving,Large,27.3,1560,155,170,High,Standard,North India,7250
SIH-00262,Kalamkari,Cotton,Block Printing,Small,9.7,360,45,50,Low,Standard,South India,2330
SIH-00263,Blue Pottery,Ceramic,Glazing,Small,3.6,170,40,55,Low,Standard,West India,980
SIH-00264,Moradabad Metal Craft,Brass,Metal Engraving,Small,8.4,930,100,175,Low,Standard,North India,3840
SIH-00265,Sandalwood Carving,Sandalwood,Wood Carving,Large,61.6,3540,505,595,High,Moderate,South India,23410
SIH-00266,Kutch Embroidery,Cotton,Hand Embroidery,Large,35.1,650,120,200,High,Standard,West India,7830
SIH-00267,Pipili Applique,Cotton,Applique,Small,5.1,120,25,20,Low,Standard,East India,1120
SIH-00268,Phulkari,Cotton,Hand Embroidery,Standard,50.4,350,205,145,Medium,Light,North India,10880
SIH-00269,Madhubani,Paper,Hand Painting,Small,7.6,130,35,25,Low,Light,East India,1940
SIH-00270,Sikki Craft,Sikki Grass,Hand Weaving,Medium,6.4,130,40,35,Medium,Light,East India,1280
SIH-00271,Thanjavur Painting,Wood,Gold Leaf Work,Medium,25.9,1410,205,240,Medium,Standard,South India,12700
SIH-00272,Moradabad Metal Craft,Brass,Metal Engraving,Medium,7.1,1660,90,180,Medium,Standard,North India,4460
SIH-00273,Phulkari,Cotton,Hand Embroidery,Standard,34.1,750,75,95,High,Light,North India,7840
SIH-00274,Terracotta,Clay,Hand Moulding,Small,2.7,140,15,25,Low,Moderate,East India,590
SIH-00275,Moradabad Metal Craft,Brass,Metal Engraving,Large,22.9,2620,370,470,High,Light,North India,10270
SIH-00276,Blue Pottery,Ceramic,Glazing,Medium,2.9,320,25,45,Low,Standard,West India,930
SIH-00277,Dhokra,Brass,Lost Wax Casting,Small,12.7,1280,160,130,Low,Light,Central India,5520
SIH-00278,Pipili Applique,Cotton,Applique,Medium,9.7,310,45,50,Low,Standard,East India,2390
SIH-00279,Blue Pottery,Ceramic,Glazing,Large,4.3,340,60,45,Medium,Standard,West India,1360
SIH-00280,Dhokra,Brass,Lost Wax Casting,Large,30.2,1830,285,390,High,Moderate,Central India,10790
SIH-00281,Dhokra,Brass,Lost Wax Casting,Medium,22.9,2110,165,390,Medium,Moderate,Central India,9790
SIH-00282,Sandalwood Carving,Sandalwood,Wood Carving,Small,30.6,2160,190,275,Low,Standard,South India,10010
SIH-00283,Pipili Applique,Cotton,Applique,Large,8.1,580,40,55,Medium,Standard,East India,2570
SIH-00284,Blue Pottery,Ceramic,Glazing,Medium,2.4,240,30,25,Low,Standard,West India,790
SIH-00285,Thanjavur Painting,Wood,Gold Leaf Work,Large,51.5,2650,510,460,High,Light,South India,24000
SIH-00286,Thanjavur Painting,Wood,Gold Leaf Work,Large,53.6,5330,315,810,High,Standard,South India,24630
SIH-00287,Pipili Applique,Cotton,Applique,Small,3.5,140,15,25,Low,Standard,East India,900
SIH-00288,Terracotta,Clay,Hand Moulding,Large,8.5,250,50,90,Medium,Standard,East India,1880
SIH-00289,Banarasi,Silk,Handloom Weaving,Standard,149.0,7230,785,1135,High,Standard,North India,45450
SIH-00290,Blue Pottery,Ceramic,Glazing,Small,2.7,240,35,30,Low,Standard,West India,820
SIH-00291,Kondapalli Toys,Soft Wood,Hand Painting,Small,3.1,210,15,25,Low,Standard,South India,750
SIH-00292,Kutch Embroidery,Cotton,Hand Embroidery,Small,19.1,390,40,80,Medium,Moderate,West India,4730
SIH-00293,Phulkari,Cotton,Hand Embroidery,Standard,32.1,780,190,125,High,High,North India,9970
SIH-00294,Madhubani,Paper,Hand Painting,Medium,36.7,240,60,140,Medium,Light,East India,6410
SIH-00295,Dhokra,Brass,Lost Wax Casting,Small,11.0,1210,165,205,Low,Standard,Central India,4900
SIH-00296,Blue Pottery,Ceramic,Glazing,Medium,5.3,280,30,40,Low,Light,West India,1200
SIH-00297,Pashmina,Pashmina Wool,Hand Embroidery,Standard,53.8,6400,275,290,Medium,Standard,North India,22640
SIH-00298,Kutch Embroidery,Cotton,Hand Embroidery,Large,40.9,760,150,150,High,Light,West India,8450
SIH-00299,Channapatna,Wood,Lac Turning,Large,9.1,280,60,75,Medium,High,South India,2360
SIH-00300,Banarasi,Silk,Handloom Weaving,Standard,72.2,5400,410,520,High,Moderate,North India,30600
SIH-00301,Banarasi,Silk,Handloom Weaving,Standard,181.7,4110,965,990,High,Moderate,North India,63680
SIH-00302,Madhubani,Paper,Hand Painting,Small,11.5,100,40,80,Low,Standard,East India,3010
SIH-00303,Pipili Applique,Cotton,Applique,Small,4.7,210,20,30,Low,Light,East India,1300
SIH-00304,Kondapalli Toys,Soft Wood,Hand Painting,Large,7.9,410,45,40,Medium,Standard,South India,1830
SIH-00305,Dhokra,Brass,Lost Wax Casting,Small,12.4,1620,100,120,Medium,Moderate,Central India,5840
SIH-00306,Kashmir Walnut Wood Carving,Walnut Wood,Wood Carving,Small,24.0,1070,175,180,Medium,Light,North India,6610
SIH-00307,Blue Pottery,Ceramic,Glazing,Medium,5.9,330,60,60,Low,Moderate,West India,1400
SIH-00308,Terracotta,Clay,Hand Moulding,Large,6.6,210,20,35,Medium,Standard,East India,1080
SIH-00309,Phulkari,Cotton,Hand Embroidery,Standard,40.9,630,140,285,Medium,Light,North India,12510
SIH-00310,Blue Pottery,Ceramic,Glazing,Small,1.3,160,15,20,Low,Standard,West India,470
SIH-00311,Terracotta,Clay,Hand Moulding,Medium,4.3,90,15,20,Low,Standard,East India,780
SIH-00312,Pipili Applique,Cotton,Applique,Small,4.9,180,25,20,Low,Light,East India,1050
SIH-00313,Terracotta,Clay,Hand Moulding,Large,6.2,270,30,70,Medium,Moderate,East India,1290
SIH-00314,Blue Pottery,Ceramic,Glazing,Large,6.0,580,40,60,Medium,Standard,West India,2050
SIH-00315,Phulkari,Cotton,Hand Embroidery,Standard,26.9,700,90,215,Medium,Standard,North India,8020
SIH-00316,Kalamkari,Cotton,Block Printing,Medium,9.0,400,45,35,Low,Standard,South India,2280
SIH-00317,Terracotta,Clay,Hand Moulding,Small,3.8,130,15,35,Low,Standard,East India,750
SIH-00318,Banarasi,Silk,Handloom Weaving,Standard,123.9,5100,435,675,High,Standard,North India,41450
SIH-00319,Sandalwood Carving,Sandalwood,Wood Carving,Medium,58.4,2900,445,565,High,Moderate,South India,23740
SIH-00320,Kalamkari,Cotton,Block Printing,Large,17.3,550,50,110,Medium,Standard,South India,4420
SIH-00321,Kondapalli Toys,Soft Wood,Hand Painting,Medium,3.9,170,15,20,Medium,Moderate,South India,850
SIH-00322,Kashmir Walnut Wood Carving,Walnut Wood,Wood Carving,Small,35.3,980,135,305,Medium,Moderate,North India,8960
SIH-00323,Terracotta,Clay,Hand Moulding,Large,8.6,210,50,40,Medium,Standard,East India,1440
SIH-00324,Bastar Dhokra,Bell Metal,Lost Wax Casting,Small,13.2,680,85,105,Low,Standard,Central India,3720
SIH-00325,Sandalwood Carving,Sandalwood,Wood Carving,Small,22.1,1740,105,145,Low,Standard,South India,7220
SIH-00326,Sikki Craft,Sikki Grass,Hand Weaving,Small,1.3,110,15,20,Low,High,East India,430
SIH-00327,Blue Pottery,Ceramic,Glazing,Small,2.2,220,25,35,Low,Light,West India,770
SIH-00328,Blue Pottery,Ceramic,Glazing,Large,5.6,200,30,85,Medium,High,West India,1590
SIH-00329,Phulkari,Cotton,Hand Embroidery,Standard,26.6,640,155,210,Medium,Light,North India,7170
SIH-00330,Kalamkari,Cotton,Block Printing,Small,7.8,400,20,35,Low,Light,South India,2240
SIH-00331,Kondapalli Toys,Soft Wood,Hand Painting,Medium,5.3,400,40,35,Medium,Light,South India,1530
SIH-00332,Thanjavur Painting,Wood,Gold Leaf Work,Large,74.6,2760,670,565,High,Light,South India,29010
SIH-00333,Phulkari,Cotton,Hand Embroidery,Standard,26.0,630,115,90,Medium,Moderate,North India,6800
SIH-00334,Kashmir Walnut Wood Carving,Walnut Wood,Wood Carving,Small,25.5,970,235,210,Medium,High,North India,8370
SIH-00335,Dhokra,Brass,Lost Wax Casting,Small,4.2,470,60,80,Low,Standard,Central India,1850
SIH-00336,Moradabad Metal Craft,Brass,Metal Engraving,Small,6.5,1170,105,95,Low,Light,North India,3510
SIH-00337,Blue Pottery,Ceramic,Glazing,Medium,2.9,340,30,55,Low,Light,West India,980
SIH-00338,Blue Pottery,Ceramic,Glazing,Small,2.2,120,25,30,Low,High,West India,660
SIH-00339,Blue Pottery,Ceramic,Glazing,Medium,2.8,230,35,35,Low,Light,West India,900
SIH-00340,Blue Pottery,Ceramic,Glazing,Large,4.9,440,35,80,Medium,Standard,West India,1500
SIH-00341,Blue Pottery,Ceramic,Glazing,Medium,1.9,320,35,35,Low,Standard,West India,840
SIH-00342,Banarasi,Silk,Handloom Weaving,Standard,130.0,4030,360,800,High,Light,North India,36330
SIH-00343,Blue Pottery,Ceramic,Glazing,Small,1.2,110,20,25,Low,Standard,West India,420
SIH-00344,Dhokra,Brass,Lost Wax Casting,Small,9.2,550,90,85,Low,Light,Central India,2870
SIH-00345,Sandalwood Carving,Sandalwood,Wood Carving,Small,9.0,2290,110,115,Medium,Moderate,South India,6890
SIH-00346,Kutch Embroidery,Cotton,Hand Embroidery,Small,25.2,240,145,165,Medium,Moderate,West India,7340
SIH-00347,Kalamkari,Cotton,Block Printing,Small,7.9,180,35,50,Low,Moderate,South India,1900
SIH-00348,Kashmir Walnut Wood Carving,Walnut Wood,Wood Carving,Small,18.3,1570,205,240,Medium,Light,North India,7440
SIH-00349,Kutch Embroidery,Cotton,Hand Embroidery,Large,35.5,390,90,135,High,Light,West India,7430
SIH-00350,Blue Pottery,Ceramic,Glazing,Large,5.4,400,55,85,Medium,Light,West India,1680
SIH-00351,Kashmir Walnut Wood Carving,Walnut Wood,Wood Carving,Medium,64.6,1870,605,590,High,Light,North India,21300
SIH-00352,Sikki Craft,Sikki Grass,Hand Weaving,Small,3.1,120,15,20,Low,Standard,East India,600
SIH-00353,Dhokra,Brass,Lost Wax Casting,Small,10.8,1090,125,185,Low,Standard,Central India,4520
SIH-00354,Madhubani,Paper,Hand Painting,Medium,39.8,280,160,270,Medium,Light,East India,10790
SIH-00355,Kondapalli Toys,Soft Wood,Hand Painting,Medium,3.2,270,15,25,Low,Standard,South India,1060
SIH-00356,Kalamkari,Cotton,Block Printing,Large,18.4,1010,60,120,High,High,South India,4850
SIH-00357,Pipili Applique,Cotton,Applique,Small,8.6,230,40,35,Low,Standard,East India,1850
SIH-00358,Pashmina,Pashmina Wool,Hand Embroidery,Standard,67.8,6040,210,425,High,Light,North India,31560
SIH-00359,Moradabad Metal Craft,Brass,Metal Engraving,Small,7.4,1020,110,125,Low,Standard,North India,3520
SIH-00360,Pashmina,Pashmina Wool,Hand Embroidery,Standard,117.7,6430,290,790,Medium,Light,North India,40630
SIH-00361,Moradabad Metal Craft,Brass,Metal Engraving,Small,9.9,730,85,100,Low,Light,North India,3010
SIH-00362,Terracotta,Clay,Hand Moulding,Medium,5.1,130,25,30,Low,Standard,East India,830
SIH-00363,Pashmina,Pashmina Wool,Hand Embroidery,Standard,53.3,4720,350,240,Medium,Light,North India,24160
SIH-00364,Kalamkari,Cotton,Block Printing,Medium,16.4,380,35,55,Medium,Moderate,South India,3380
SIH-00365,Kondapalli Toys,Soft Wood,Hand Painting,Small,4.2,170,20,40,Low,Standard,South India,1110
SIH-00366,Banarasi,Silk,Handloom Weaving,Standard,124.6,5470,600,525,High,High,North India,51480
SIH-00367,Kalamkari,Cotton,Block Printing,Large,23.1,990,70,105,Medium,Standard,South India,5770
SIH-00368,Dhokra,Brass,Lost Wax Casting,Large,16.8,2540,130,240,High,Standard,Central India,8060
SIH-00369,Thanjavur Painting,Wood,Gold Leaf Work,Medium,45.3,3260,400,470,Medium,Standard,South India,21180
SIH-00370,Pipili Applique,Cotton,Applique,Small,7.8,210,35,30,Low,Standard,East India,2080
SIH-00371,Blue Pottery,Ceramic,Glazing,Medium,4.4,320,50,65,Low,Standard,West India,1190
SIH-00372,Banarasi,Silk,Handloom Weaving,Standard,84.5,7540,355,620,High,Standard,North India,32370
SIH-00373,Bastar Dhokra,Bell Metal,Lost Wax Casting,Large,25.3,2890,290,365,High,Standard,Central India,11460
SIH-00374,Blue Pottery,Ceramic,Glazing,Medium,2.4,330,30,40,Low,Moderate,West India,990
SIH-00375,Sikki Craft,Sikki Grass,Hand Weaving,Medium,9.8,180,45,75,Medium,Standard,East India,2020
SIH-00376,Blue Pottery,Ceramic,Glazing,Small,3.3,190,35,30,Low,Standard,West India,1020
SIH-00377,Kutch Embroidery,Cotton,Hand Embroidery,Large,33.7,530,150,185,High,Light,West India,7590
SIH-00378,Blue Pottery,Ceramic,Glazing,Small,1.4,190,15,20,Low,Light,West India,560
SIH-00379,Sikki Craft,Sikki Grass,Hand Weaving,Small,4.0,80,25,35,Low,Moderate,East India,870
SIH-00380,Thanjavur Painting,Wood,Gold Leaf Work,Medium,30.6,3940,250,395,High,Standard,South India,17970
SIH-00381,Blue Pottery,Ceramic,Glazing,Medium,2.7,170,20,30,Low,Light,West India,620
SIH-00382,Madhubani,Paper,Hand Painting,Small,19.5,100,55,65,Low,Moderate,East India,4820
SIH-00383,Kalamkari,Cotton,Block Printing,Small,10.6,500,35,85,Low,Light,South India,3380
SIH-00384,Bastar Dhokra,Bell Metal,Lost Wax Casting,Small,13.3,970,90,125,Low,Moderate,Central India,5080
SIH-00385,Sikki Craft,Sikki Grass,Hand Weaving,Small,3.0,80,15,20,Low,Standard,East India,650
SIH-00386,Channapatna,Wood,Lac Turning,Medium,3.7,190,30,35,Low,Standard,South India,930
SIH-00387,Blue Pottery,Ceramic,Glazing,Large,5.8,320,25,60,Medium,Moderate,West India,1520
SIH-00388,Blue Pottery,Ceramic,Glazing,Large,5.4,380,45,75,Medium,Moderate,West India,1550
SIH-00389,Thanjavur Painting,Wood,Gold Leaf Work,Medium,39.6,2440,265,280,High,Standard,South India,17120
SIH-00390,Phulkari,Cotton,Hand Embroidery,Standard,13.1,570,45,70,High,Moderate,North India,3380
SIH-00391,Channapatna,Wood,Lac Turning,Medium,1.3,200,15,20,Low,Light,South India,550
SIH-00392,Thanjavur Painting,Wood,Gold Leaf Work,Small,21.8,2800,305,275,Medium,Standard,South India,12150
SIH-00393,Madhubani,Paper,Hand Painting,Small,5.9,90,20,20,Low,Light,East India,1160
SIH-00394,Pashmina,Pashmina Wool,Hand Embroidery,Standard,47.5,5080,285,465,Medium,Moderate,North India,22040
SIH-00395,Kutch Embroidery,Cotton,Hand Embroidery,Large,27.9,530,75,180,High,Moderate,West India,6680
SIH-00396,Blue Pottery,Ceramic,Glazing,Medium,2.7,210,40,20,Low,Light,West India,880
SIH-00397,Dhokra,Brass,Lost Wax Casting,Medium,18.3,1430,185,165,Medium,Light,Central India,5900
SIH-00398,Dhokra,Brass,Lost Wax Casting,Medium,26.4,2120,185,260,Medium,Standard,Central India,8960
SIH-00399,Madhubani,Paper,Hand Painting,Medium,11.9,140,65,70,Medium,Standard,East India,3460
SIH-00400,Kutch Embroidery,Cotton,Hand Embroidery,Medium,24.6,260,95,90,Medium,Moderate,West India,5230
SIH-00401,Blue Pottery,Ceramic,Glazing,Medium,3.1,160,20,30,Low,Standard,West India,860
SIH-00402,Moradabad Metal Craft,Brass,Metal Engraving,Large,18.5,1530,145,225,High,Standard,North India,6720
SIH-00403,Blue Pottery,Ceramic,Glazing,Small,2.3,170,25,35,Low,Moderate,West India,720
SIH-00404,Blue Pottery,Ceramic,Glazing,Large,3.5,330,30,60,Medium,Standard,West India,1030
SIH-00405,Bastar Dhokra,Bell Metal,Lost Wax Casting,Large,43.4,3280,270,355,High,Light,Central India,15440
SIH-00406,Blue Pottery,Ceramic,Glazing,Small,2.0,200,20,30,Low,High,West India,730
SIH-00407,Dhokra,Brass,Lost Wax Casting,Medium,15.2,1990,200,220,Medium,Standard,Central India,5830
SIH-00408,Pashmina,Pashmina Wool,Hand Embroidery,Standard,63.9,5870,235,480,Medium,Standard,North India,23700
SIH-00409,Channapatna,Wood,Lac Turning,Large,9.3,320,45,50,Medium,Standard,South India,2310
SIH-00410,Channapatna,Wood,Lac Turning,Large,7.3,260,35,60,Medium,High,South India,1630
SIH-00411,Blue Pottery,Ceramic,Glazing,Large,6.8,260,75,75,Medium,High,West India,2090
SIH-00412,Kalamkari,Cotton,Block Printing,Medium,7.8,530,40,50,Medium,Moderate,South India,2720
SIH-00413,Dhokra,Brass,Lost Wax Casting,Medium,14.7,1400,205,140,High,Moderate,Central India,6730
SIH-00414,Kondapalli Toys,Soft Wood,Hand Painting,Large,9.1,420,35,45,Medium,Light,South India,1910
SIH-00415,Madhubani,Paper,Hand Painting,Small,19.4,170,55,55,Low,Standard,East India,3550
SIH-00416,Blue Pottery,Ceramic,Glazing,Large,4.4,480,50,75,Medium,Standard,West India,1660
SIH-00417,Sandalwood Carving,Sandalwood,Wood Carving,Large,36.3,3340,355,450,High,Light,South India,15940
SIH-00418,Dhokra,Brass,Lost Wax Casting,Large,13.8,2330,235,355,High,Standard,Central India,8390
SIH-00419,Kutch Embroidery,Cotton,Hand Embroidery,Large,19.7,510,105,135,High,High,West India,5800
SIH-00420,Moradabad Metal Craft,Brass,Metal Engraving,Medium,10.6,1340,80,130,Medium,Standard,North India,5220
SIH-00421,Terracotta,Clay,Hand Moulding,Large,7.5,290,50,100,Medium,Standard,East India,1770
SIH-00422,Moradabad Metal Craft,Brass,Metal Engraving,Medium,11.4,1190,150,150,Medium,Moderate,North India,4850
SIH-00423,Pipili Applique,Cotton,Applique,Large,9.6,240,20,35,Medium,Standard,East India,1970
SIH-00424,Pipili Applique,Cotton,Applique,Small,9.6,140,40,55,Low,Light,East India,2170
SIH-00425,Thanjavur Painting,Wood,Gold Leaf Work,Small,22.3,1750,165,185,Low,Standard,South India,11040
SIH-00426,Bastar Dhokra,Bell Metal,Lost Wax Casting,Large,25.5,1600,190,385,High,Standard,Central India,8440
SIH-00427,Blue Pottery,Ceramic,Glazing,Medium,1.8,280,15,30,Low,Light,West India,770
SIH-00428,Blue Pottery,Ceramic,Glazing,Small,1.2,190,20,20,Low,Standard,West India,540
SIH-00429,Blue Pottery,Ceramic,Glazing,Small,3.0,180,30,45,Low,Standard,West India,830
SIH-00430,Terracotta,Clay,Hand Moulding,Medium,6.7,110,50,45,Low,Standard,East India,1420
SIH-00431,Kalamkari,Cotton,Block Printing,Large,17.2,670,65,105,Medium,Standard,South India,4680
SIH-00432,Thanjavur Painting,Wood,Gold Leaf Work,Large,66.3,3700,775,665,High,Standard,South India,28630
SIH-00433,Kalamkari,Cotton,Block Printing,Medium,3.0,300,20,20,Low,Moderate,South India,1010
SIH-00434,Pipili Applique,Cotton,Applique,Medium,9.0,350,20,40,Medium,Moderate,East India,1690
SIH-00435,Phulkari,Cotton,Hand Embroidery,Standard,31.1,810,110,240,Medium,Light,North India,10190
SIH-00436,Kutch Embroidery,Cotton,Hand Embroidery,Medium,25.8,680,135,125,Medium,Moderate,West India,6590
SIH-00437,Moradabad Metal Craft,Brass,Metal Engraving,Medium,11.5,1090,100,130,Medium,Light,North India,4740
SIH-00438,Kutch Embroidery,Cotton,Hand Embroidery,Medium,21.8,550,65,85,High,High,West India,7500
SIH-00439,Kashmir Walnut Wood Carving,Walnut Wood,Wood Carving,Medium,48.9,850,215,380,High,Light,North India,13030
SIH-00440,Kashmir Walnut Wood Carving,Walnut Wood,Wood Carving,Small,24.6,910,230,345,Low,Standard,North India,9090
SIH-00441,Sandalwood Carving,Sandalwood,Wood Carving,Large,69.7,6010,640,680,High,Moderate,South India,25230
SIH-00442,Kondapalli Toys,Soft Wood,Hand Painting,Medium,5.8,190,40,35,Medium,Standard,South India,1440
SIH-00443,Kashmir Walnut Wood Carving,Walnut Wood,Wood Carving,Small,39.4,670,135,420,Medium,Moderate,North India,10490
SIH-00444,Thanjavur Painting,Wood,Gold Leaf Work,Large,33.8,2920,555,650,High,Standard,South India,20370
SIH-00445,Kondapalli Toys,Soft Wood,Hand Painting,Medium,3.3,180,20,35,Low,Standard,South India,1030
SIH-00446,Banarasi,Silk,Handloom Weaving,Standard,97.7,2690,475,785,Medium,Standard,North India,35190
SIH-00447,Dhokra,Brass,Lost Wax Casting,Small,4.5,1140,105,135,Medium,Moderate,Central India,3350
SIH-00448,Moradabad Metal Craft,Brass,Metal Engraving,Large,20.7,1150,170,175,High,Standard,North India,7760
SIH-00449,Kutch Embroidery,Cotton,Hand Embroidery,Small,17.6,430,105,140,Low,Standard,West India,5380
SIH-00450,Kutch Embroidery,Cotton,Hand Embroidery,Large,43.9,510,180,115,High,Light,West India,8640
SIH-00451,Kutch Embroidery,Cotton,Hand Embroidery,Medium,13.3,600,95,125,High,Light,West India,4580
SIH-00452,Blue Pottery,Ceramic,Glazing,Medium,3.6,350,40,50,Low,Standard,West India,1410
SIH-00453,Blue Pottery,Ceramic,Glazing,Large,5.9,420,50,60,Medium,Standard,West India,2110
SIH-00454,Blue Pottery,Ceramic,Glazing,Medium,3.1,270,25,40,Low,Light,West India,940
SIH-00455,Kalamkari,Cotton,Block Printing,Medium,6.1,680,30,40,Low,Standard,South India,2170
SIH-00456,Channapatna,Wood,Lac Turning,Large,7.4,280,40,50,Medium,Standard,South India,1600
SIH-00457,Kondapalli Toys,Soft Wood,Hand Painting,Large,7.3,250,30,50,Medium,Standard,South India,1520
SIH-00458,Pipili Applique,Cotton,Applique,Small,2.5,170,15,20,Low,Standard,East India,800
SIH-00459,Terracotta,Clay,Hand Moulding,Large,6.2,250,30,60,Medium,Standard,East India,1450
SIH-00460,Kashmir Walnut Wood Carving,Walnut Wood,Wood Carving,Small,17.9,760,175,180,Low,Standard,North India,7480
SIH-00461,Terracotta,Clay,Hand Moulding,Large,6.0,280,50,35,Medium,Moderate,East India,1550
SIH-00462,Pashmina,Pashmina Wool,Hand Embroidery,Standard,86.7,5690,345,320,Medium,Light,North India,28350
SIH-00463,Thanjavur Painting,Wood,Gold Leaf Work,Large,30.2,4560,560,440,High,Standard,South India,21040
SIH-00464,Kashmir Walnut Wood Carving,Walnut Wood,Wood Carving,Large,32.5,1890,295,485,High,Standard,North India,12640
SIH-00465,Kashmir Walnut Wood Carving,Walnut Wood,Wood Carving,Medium,35.1,1550,180,295,Medium,Standard,North India,12970
SIH-00466,Blue Pottery,Ceramic,Glazing,Medium,3.4,330,35,50,Low,Standard,West India,1110
SIH-00467,Kondapalli Toys,Soft Wood,Hand Painting,Medium,5.4,300,50,35,Low,Standard,South India,1600
SIH-00468,Pashmina,Pashmina Wool,Hand Embroidery,Standard,65.2,5510,310,565,Medium,Light,North India,25110
SIH-00469,Sandalwood Carving,Sandalwood,Wood Carving,Small,17.6,1180,185,215,Medium,Moderate,South India,7360
SIH-00470,Thanjavur Painting,Wood,Gold Leaf Work,Large,37.8,4080,615,570,High,Standard,South India,23430
SIH-00471,Dhokra,Brass,Lost Wax Casting,Medium,10.0,1840,130,130,Medium,Light,Central India,5080
SIH-00472,Banarasi,Silk,Handloom Weaving,Standard,106.2,3780,335,570,High,Moderate,North India,32060
SIH-00473,Terracotta,Clay,Hand Moulding,Large,7.7,300,55,100,Low,Standard,East India,1980
SIH-00474,Pashmina,Pashmina Wool,Hand Embroidery,Standard,70.1,6140,295,560,Medium,Light,North India,30430
SIH-00475,Blue Pottery,Ceramic,Glazing,Large,6.4,210,35,60,Medium,Standard,West India,1400
SIH-00476,Kalamkari,Cotton,Block Printing,Small,7.8,370,45,55,Low,Light,South India,2440
SIH-00477,Moradabad Metal Craft,Brass,Metal Engraving,Small,8.5,930,100,120,Low,Standard,North India,3580
SIH-00478,Thanjavur Painting,Wood,Gold Leaf Work,Medium,55.8,3180,410,800,High,Light,South India,28850
SIH-00479,Kashmir Walnut Wood Carving,Walnut Wood,Wood Carving,Small,25.8,790,170,315,Medium,Standard,North India,9810
SIH-00480,Moradabad Metal Craft,Brass,Metal Engraving,Medium,6.6,1310,140,115,Medium,Standard,North India,4190
SIH-00481,Madhubani,Paper,Hand Painting,Small,5.0,140,30,20,Low,Moderate,East India,1510
SIH-00482,Moradabad Metal Craft,Brass,Metal Engraving,Medium,17.3,1580,155,335,Medium,Moderate,North India,7110
SIH-00483,Madhubani,Paper,Hand Painting,Small,14.2,60,30,55,Low,Moderate,East India,3280
SIH-00484,Pipili Applique,Cotton,Applique,Small,10.3,230,30,35,Low,Light,East India,2060
SIH-00485,Channapatna,Wood,Lac Turning,Large,2.2,240,20,30,Medium,Standard,South India,670
SIH-00486,Banarasi,Silk,Handloom Weaving,Standard,59.9,6430,345,585,High,Standard,North India,30890
SIH-00487,Phulkari,Cotton,Hand Embroidery,Standard,28.2,610,150,100,Medium,Standard,North India,6960
SIH-00488,Channapatna,Wood,Lac Turning,Large,3.1,240,15,20,Medium,Standard,South India,870
SIH-00489,Blue Pottery,Ceramic,Glazing,Medium,2.2,250,25,40,Low,Moderate,West India,740
SIH-00490,Bastar Dhokra,Bell Metal,Lost Wax Casting,Large,31.6,2060,200,485,High,Light,Central India,10980
SIH-00491,Kashmir Walnut Wood Carving,Walnut Wood,Wood Carving,Medium,8.4,1130,115,120,High,Moderate,North India,4290
SIH-00492,Blue Pottery,Ceramic,Glazing,Small,2.4,140,15,25,Low,High,West India,620
SIH-00493,Kutch Embroidery,Cotton,Hand Embroidery,Medium,11.3,500,30,95,High,Moderate,West India,3210
SIH-00494,Blue Pottery,Ceramic,Glazing,Small,1.5,290,30,30,Low,Light,West India,750
SIH-00495,Madhubani,Paper,Hand Painting,Small,18.6,150,65,65,Low,High,East India,4740
SIH-00496,Blue Pottery,Ceramic,Glazing,Medium,1.8,260,15,25,Low,Light,West India,720
SIH-00497,Moradabad Metal Craft,Brass,Metal Engraving,Medium,19.6,570,135,220,Medium,Standard,North India,5440
SIH-00498,Thanjavur Painting,Wood,Gold Leaf Work,Large,32.2,4350,210,465,High,Standard,South India,18450
SIH-00499,Pipili Applique,Cotton,Applique,Medium,12.1,170,50,75,Low,Standard,East India,2740
SIH-00500,Pipili Applique,Cotton,Applique,Large,21.5,470,40,60,Medium,Standard,East India,3750
SIH-00501,Banarasi,Silk,Handloom Weaving,Standard,90.1,6250,405,835,Medium,Standard,North India,43040
SIH-00502,Blue Pottery,Ceramic,Glazing,Large,4.3,560,70,65,Medium,Standard,West India,1610
SIH-00503,Moradabad Metal Craft,Brass,Metal Engraving,Medium,17.7,1700,180,235,Medium,Standard,North India,6700
SIH-00504,Kondapalli Toys,Soft Wood,Hand Painting,Small,2.3,110,15,20,Low,Moderate,South India,670
SIH-00505,Phulkari,Cotton,Hand Embroidery,Standard,36.2,840,160,125,Medium,Standard,North India,8390
SIH-00506,Blue Pottery,Ceramic,Glazing,Small,2.3,210,25,30,Low,Light,West India,700
SIH-00507,Pipili Applique,Cotton,Applique,Small,4.9,180,20,30,Low,Light,East India,1250
SIH-00508,Pipili Applique,Cotton,Applique,Large,25.6,750,45,65,High,Light,East India,4510
SIH-00509,Dhokra,Brass,Lost Wax Casting,Large,20.8,2740,255,380,High,Standard,Central India,9460
SIH-00510,Dhokra,Brass,Lost Wax Casting,Small,17.5,920,110,160,Medium,High,Central India,4540
SIH-00511,Kutch Embroidery,Cotton,Hand Embroidery,Small,24.7,250,95,145,Medium,Moderate,West India,6900
SIH-00512,Channapatna,Wood,Lac Turning,Medium,2.3,220,15,20,Low,Standard,South India,660
SIH-00513,Blue Pottery,Ceramic,Glazing,Medium,5.0,230,30,60,Low,Standard,West India,1120
SIH-00514,Blue Pottery,Ceramic,Glazing,Large,7.7,520,110,90,Medium,Standard,West India,2360
SIH-00515,Dhokra,Brass,Lost Wax Casting,Medium,25.9,1720,200,180,Medium,Light,Central India,8830
SIH-00516,Kashmir Walnut Wood Carving,Walnut Wood,Wood Carving,Medium,33.3,1170,305,230,Medium,Moderate,North India,10780
SIH-00517,Pashmina,Pashmina Wool,Hand Embroidery,Standard,122.1,6020,530,500,Medium,Light,North India,38140
SIH-00518,Sandalwood Carving,Sandalwood,Wood Carving,Small,32.6,1220,180,255,Medium,High,South India,14500
SIH-00519,Moradabad Metal Craft,Brass,Metal Engraving,Medium,17.9,1100,140,265,Medium,Light,North India,6610
SIH-00520,Blue Pottery,Ceramic,Glazing,Medium,2.8,330,50,55,Low,Moderate,West India,1210
SIH-00521,Terracotta,Clay,Hand Moulding,Medium,2.7,130,15,20,Low,Standard,East India,730
SIH-00522,Pipili Applique,Cotton,Applique,Large,17.4,710,55,120,Medium,Standard,East India,4180
SIH-00523,Madhubani,Paper,Hand Painting,Large,44.0,430,150,195,High,Moderate,East India,10750
SIH-00524,Blue Pottery,Ceramic,Glazing,Small,2.4,250,20,40,Low,Moderate,West India,870
SIH-00525,Moradabad Metal Craft,Brass,Metal Engraving,Large,27.2,2440,320,350,High,Standard,North India,9190
SIH-00526,Blue Pottery,Ceramic,Glazing,Medium,4.2,350,30,85,Low,Standard,West India,1430
SIH-00527,Bastar Dhokra,Bell Metal,Lost Wax Casting,Large,11.4,2420,110,185,High,Standard,Central India,6390
SIH-00528,Blue Pottery,Ceramic,Glazing,Large,4.6,490,40,70,Medium,High,West India,1570
SIH-00529,Kalamkari,Cotton,Block Printing,Medium,7.6,280,35,45,Low,Standard,South India,2360
SIH-00530,Blue Pottery,Ceramic,Glazing,Large,7.1,460,60,60,Medium,Standard,West India,1980
SIH-00531,Moradabad Metal Craft,Brass,Metal Engraving,Small,3.7,950,55,50,Low,Standard,North India,2140
SIH-00532,Kutch Embroidery,Cotton,Hand Embroidery,Large,23.9,740,115,130,High,Standard,West India,6250
SIH-00533,Sikki Craft,Sikki Grass,Hand Weaving,Large,10.7,140,25,40,High,High,East India,2010
SIH-00534,Banarasi,Silk,Handloom Weaving,Standard,79.0,4750,200,495,High,Standard,North India,24760
SIH-00535,Pipili Applique,Cotton,Applique,Medium,7.5,220,25,20,Low,Standard,East India,1450
SIH-00536,Bastar Dhokra,Bell Metal,Lost Wax Casting,Large,33.2,2200,270,625,High,Moderate,Central India,13730
SIH-00537,Kutch Embroidery,Cotton,Hand Embroidery,Large,13.1,730,80,130,High,Standard,West India,4910
SIH-00538,Kashmir Walnut Wood Carving,Walnut Wood,Wood Carving,Large,45.5,1900,225,290,High,Moderate,North India,14810
SIH-00539,Blue Pottery,Ceramic,Glazing,Large,8.2,480,65,90,Medium,Light,West India,2290
SIH-00540,Sandalwood Carving,Sandalwood,Wood Carving,Medium,33.9,3840,275,250,Medium,Standard,South India,17550
SIH-00541,Pashmina,Pashmina Wool,Hand Embroidery,Standard,66.7,5310,350,490,Medium,Standard,North India,26350
SIH-00542,Moradabad Metal Craft,Brass,Metal Engraving,Large,35.4,1800,255,375,High,Light,North India,11550
SIH-00543,Kondapalli Toys,Soft Wood,Hand Painting,Large,3.4,390,35,45,Medium,Standard,South India,1240
SIH-00544,Madhubani,Paper,Hand Painting,Medium,43.8,140,170,300,Medium,High,East India,10970
SIH-00545,Banarasi,Silk,Handloom Weaving,Standard,83.3,4540,550,400,Medium,Standard,North India,29540
SIH-00546,Pipili Applique,Cotton,Applique,Medium,8.7,230,35,50,Medium,Moderate,East India,2150
SIH-00547,Blue Pottery,Ceramic,Glazing,Medium,1.9,250,30,25,Low,Standard,West India,700
SIH-00548,Sikki Craft,Sikki Grass,Hand Weaving,Small,5.3,120,30,40,Low,Standard,East India,1070
SIH-00549,Kashmir Walnut Wood Carving,Walnut Wood,Wood Carving,Medium,6.0,1260,80,130,Medium,Moderate,North India,3610
SIH-00550,Madhubani,Paper,Hand Painting,Large,35.7,360,95,180,Medium,Standard,East India,6880
SIH-00551,Channapatna,Wood,Lac Turning,Small,1.4,130,15,20,Low,Standard,South India,430
SIH-00552,Banarasi,Silk,Handloom Weaving,Standard,115.5,5340,420,405,Medium,Standard,North India,35730
SIH-00553,Sandalwood Carving,Sandalwood,Wood Carving,Small,28.5,1410,240,205,Medium,High,South India,9780
SIH-00554,Pipili Applique,Cotton,Applique,Medium,7.2,290,20,30,Low,Standard,East India,1360
SIH-00555,Pashmina,Pashmina Wool,Hand Embroidery,Standard,61.1,5740,180,385,Medium,Standard,North India,23340
SIH-00556,Blue Pottery,Ceramic,Glazing,Large,5.5,320,50,80,Medium,Standard,West India,1470
SIH-00557,Kondapalli Toys,Soft Wood,Hand Painting,Medium,4.1,260,15,25,Low,Light,South India,1020
SIH-00558,Kutch Embroidery,Cotton,Hand Embroidery,Medium,20.4,360,75,140,Medium,Moderate,West India,6410
SIH-00559,Blue Pottery,Ceramic,Glazing,Medium,4.1,190,25,40,Low,Standard,West India,1010
SIH-00560,Thanjavur Painting,Wood,Gold Leaf Work,Small,35.9,1410,310,415,Medium,Moderate,South India,17180
SIH-00561,Terracotta,Clay,Hand Moulding,Medium,3.8,200,25,40,Low,Standard,East India,880
SIH-00562,Moradabad Metal Craft,Brass,Metal Engraving,Medium,12.9,1700,145,195,Medium,Light,North India,5080
SIH-00563,Channapatna,Wood,Lac Turning,Large,7.7,220,50,35,Medium,Standard,South India,1660
SIH-00564,Bastar Dhokra,Bell Metal,Lost Wax Casting,Medium,19.6,1330,175,155,High,Moderate,Central India,6270
SIH-00565,Blue Pottery,Ceramic,Glazing,Small,2.2,140,20,20,Low,Standard,West India,540
SIH-00566,Bastar Dhokra,Bell Metal,Lost Wax Casting,Small,9.3,760,85,130,Low,Moderate,Central India,3730
SIH-00567,Madhubani,Paper,Hand Painting,Large,55.5,140,145,235,High,Moderate,East India,12400
SIH-00568,Banarasi,Silk,Handloom Weaving,Standard,101.6,5650,280,805,Medium,Standard,North India,35860
SIH-00569,Phulkari,Cotton,Hand Embroidery,Standard,12.9,570,45,55,Medium,Standard,North India,3270
SIH-00570,Thanjavur Painting,Wood,Gold Leaf Work,Medium,57.6,3200,605,445,High,Standard,South India,26650
SIH-00571,Bastar Dhokra,Bell Metal,Lost Wax Casting,Large,31.0,2390,225,220,High,High,Central India,10670
SIH-00572,Dhokra,Brass,Lost Wax Casting,Medium,10.2,1370,110,175,Medium,Light,Central India,4150
SIH-00573,Blue Pottery,Ceramic,Glazing,Large,3.7,330,30,45,Medium,Standard,West India,1330
SIH-00574,Kutch Embroidery,Cotton,Hand Embroidery,Small,17.1,120,75,100,Low,Light,West India,5090
SIH-00575,Kalamkari,Cotton,Block Printing,Large,22.7,470,80,150,Medium,Light,South India,5450
SIH-00576,Blue Pottery,Ceramic,Glazing,Medium,4.4,380,60,90,Low,Moderate,West India,1690
SIH-00577,Sandalwood Carving,Sandalwood,Wood Carving,Medium,31.6,1470,150,265,Medium,Standard,South India,12000
SIH-00578,Kondapalli Toys,Soft Wood,Hand Painting,Small,1.9,170,20,25,Low,Light,South India,660
SIH-00579,Phulkari,Cotton,Hand Embroidery,Standard,34.8,890,180,290,Medium,Light,North India,11560
SIH-00580,Thanjavur Painting,Wood,Gold Leaf Work,Large,42.6,4850,510,620,High,Moderate,South India,23880
SIH-00581,Sandalwood Carving,Sandalwood,Wood Carving,Large,94.4,2250,365,495,High,Light,South India,23540
SIH-00582,Dhokra,Brass,Lost Wax Casting,Large,28.0,2040,125,295,High,Standard,Central India,8760
SIH-00583,Channapatna,Wood,Lac Turning,Small,2.7,140,15,20,Low,Standard,South India,670
SIH-00584,Kashmir Walnut Wood Carving,Walnut Wood,Wood Carving,Small,26.9,480,205,200,Medium,Light,North India,7720
SIH-00585,Kutch Embroidery,Cotton,Hand Embroidery,Small,16.7,330,45,50,Medium,Moderate,West India,3240
SIH-00586,Kalamkari,Cotton,Block Printing,Small,6.8,440,35,30,Low,Standard,South India,2140
SIH-00587,Thanjavur Painting,Wood,Gold Leaf Work,Small,43.2,1570,270,435,Medium,Standard,South India,21480
SIH-00588,Channapatna,Wood,Lac Turning,Small,3.0,100,25,20,Low,Standard,South India,780
SIH-00589,Banarasi,Silk,Handloom Weaving,Standard,31.5,6210,245,340,Medium,Standard,North India,20860
SIH-00590,Bastar Dhokra,Bell Metal,Lost Wax Casting,Small,11.2,920,90,200,Low,Standard,Central India,4670
SIH-00591,Bastar Dhokra,Bell Metal,Lost Wax Casting,Small,11.4,1250,115,145,Medium,Light,Central India,4690
SIH-00592,Bastar Dhokra,Bell Metal,Lost Wax Casting,Large,29.6,2130,315,290,High,Standard,Central India,9640
SIH-00593,Blue Pottery,Ceramic,Glazing,Medium,3.6,330,40,30,Low,Moderate,West India,1220
SIH-00594,Blue Pottery,Ceramic,Glazing,Small,0.9,220,20,20,Low,Light,West India,510
SIH-00595,Blue Pottery,Ceramic,Glazing,Small,1.6,220,25,35,Low,Standard,West India,610
SIH-00596,Kalamkari,Cotton,Block Printing,Small,8.8,300,25,50,Low,Standard,South India,1850
SIH-00597,Blue Pottery,Ceramic,Glazing,Small,1.4,230,20,30,Low,Standard,West India,660
SIH-00598,Banarasi,Silk,Handloom Weaving,Standard,146.9,5910,720,640,High,Standard,North India,51600
SIH-00599,Blue Pottery,Ceramic,Glazing,Large,2.4,410,45,40,Medium,Standard,West India,1100
SIH-00600,Dhokra,Brass,Lost Wax Casting,Medium,10.0,680,65,110,Medium,Standard,Central India,3360
SIH-00601,Kutch Embroidery,Cotton,Hand Embroidery,Small,15.6,370,85,110,Low,Light,West India,4050
SIH-00602,Phulkari,Cotton,Hand Embroidery,Standard,30.2,630,140,100,Medium,Standard,North India,7560
SIH-00603,Sikki Craft,Sikki Grass,Hand Weaving,Small,3.2,90,15,25,Low,Light,East India,830
SIH-00604,Pashmina,Pashmina Wool,Hand Embroidery,Standard,85.8,4240,280,435,Medium,Light,North India,25050
SIH-00605,Pipili Applique,Cotton,Applique,Small,3.2,300,15,25,Low,Light,East India,930
SIH-00606,Channapatna,Wood,Lac Turning,Large,3.0,190,15,20,Low,Standard,South India,770
SIH-00607,Bastar Dhokra,Bell Metal,Lost Wax Casting,Medium,12.8,1900,110,170,Medium,Moderate,Central India,7010
SIH-00608,Sikki Craft,Sikki Grass,Hand Weaving,Small,2.1,90,15,20,Low,Standard,East India,500
SIH-00609,Thanjavur Painting,Wood,Gold Leaf Work,Large,44.2,4050,415,855,High,Standard,South India,26150
SIH-00610,Banarasi,Silk,Handloom Weaving,Standard,102.8,5230,270,430,Medium,Standard,North India,28680
SIH-00611,Blue Pottery,Ceramic,Glazing,Small,1.4,200,20,25,Low,Standard,West India,650
SIH-00612,Dhokra,Brass,Lost Wax Casting,Medium,25.1,2410,295,305,High,High,Central India,9970
SIH-00613,Terracotta,Clay,Hand Moulding,Small,3.2,160,20,40,Low,Standard,East India,810
SIH-00614,Moradabad Metal Craft,Brass,Metal Engraving,Medium,13.2,1070,120,205,Medium,Light,North India,4580
SIH-00615,Kashmir Walnut Wood Carving,Walnut Wood,Wood Carving,Small,11.1,1120,140,155,Low,Standard,North India,5350
SIH-00616,Pipili Applique,Cotton,Applique,Medium,7.2,240,20,55,Low,Light,East India,1770
SIH-00617,Moradabad Metal Craft,Brass,Metal Engraving,Small,10.3,570,105,110,Low,Moderate,North India,3460
SIH-00618,Bastar Dhokra,Bell Metal,Lost Wax Casting,Small,21.1,1290,160,140,Medium,High,Central India,7050
SIH-00619,Blue Pottery,Ceramic,Glazing,Large,6.9,500,50,130,Medium,Standard,West India,2080
SIH-00620,Sandalwood Carving,Sandalwood,Wood Carving,Small,14.2,1140,150,145,Low,Light,South India,5960
SIH-00621,Kondapalli Toys,Soft Wood,Hand Painting,Small,2.1,240,15,20,Low,High,South India,790
SIH-00622,Blue Pottery,Ceramic,Glazing,Medium,2.7,390,25,60,Low,Light,West India,1050
SIH-00623,Channapatna,Wood,Lac Turning,Small,2.1,110,15,20,Low,Standard,South India,610
SIH-00624,Terracotta,Clay,Hand Moulding,Medium,2.9,140,15,30,Low,Standard,East India,700
SIH-00625,Blue Pottery,Ceramic,Glazing,Medium,5.0,310,50,55,Low,Moderate,West India,1260
SIH-00626,Kashmir Walnut Wood Carving,Walnut Wood,Wood Carving,Large,32.3,2830,270,355,High,Light,North India,12110
SIH-00627,Dhokra,Brass,Lost Wax Casting,Small,5.9,1430,65,140,Low,Standard,Central India,3470
SIH-00628,Pipili Applique,Cotton,Applique,Large,9.5,490,40,40,High,Standard,East India,2410
SIH-00629,Kutch Embroidery,Cotton,Hand Embroidery,Medium,25.0,310,125,145,High,Moderate,West India,5910
SIH-00630,Sikki Craft,Sikki Grass,Hand Weaving,Medium,7.1,180,25,50,Low,Standard,East India,1440
SIH-00631,Pashmina,Pashmina Wool,Hand Embroidery,Standard,107.7,6560,530,670,High,Light,North India,44960
SIH-00632,Sikki Craft,Sikki Grass,Hand Weaving,Large,7.0,230,25,35,Medium,Standard,East India,1360
SIH-00633,Dhokra,Brass,Lost Wax Casting,Small,4.1,1360,105,95,Medium,Moderate,Central India,3490
SIH-00634,Dhokra,Brass,Lost Wax Casting,Large,23.5,2960,205,285,High,Moderate,Central India,9120
SIH-00635,Phulkari,Cotton,Hand Embroidery,Standard,26.8,420,130,115,High,Light,North India,6610
SIH-00636,Thanjavur Painting,Wood,Gold Leaf Work,Small,17.6,2300,185,355,Medium,Light,South India,11100
SIH-00637,Madhubani,Paper,Hand Painting,Medium,38.2,260,100,140,Medium,Light,East India,8620
SIH-00638,Sandalwood Carving,Sandalwood,Wood Carving,Small,33.8,1800,265,265,Medium,Moderate,South India,14150
SIH-00639,Pipili Applique,Cotton,Applique,Large,15.0,240,45,60,Medium,Standard,East India,2290
SIH-00640,Channapatna,Wood,Lac Turning,Large,3.1,310,25,30,Medium,Standard,South India,880
SIH-00641,Kashmir Walnut Wood Carving,Walnut Wood,Wood Carving,Medium,28.7,1200,235,160,Medium,Light,North India,8780
SIH-00642,Channapatna,Wood,Lac Turning,Medium,3.2,140,20,20,Low,Standard,South India,950
SIH-00643,Pipili Applique,Cotton,Applique,Medium,8.1,390,45,40,Medium,Light,East India,1950
SIH-00644,Dhokra,Brass,Lost Wax Casting,Medium,12.9,1610,80,225,Medium,Moderate,Central India,4990
SIH-00645,Terracotta,Clay,Hand Moulding,Small,3.1,130,20,30,Low,Standard,East India,820
SIH-00646,Pipili Applique,Cotton,Applique,Medium,16.2,370,65,80,Medium,Light,East India,3030
SIH-00647,Sandalwood Carving,Sandalwood,Wood Carving,Large,33.2,4430,320,360,High,Standard,South India,15690
SIH-00648,Pipili Applique,Cotton,Applique,Large,20.9,550,100,90,High,Standard,East India,4610
SIH-00649,Thanjavur Painting,Wood,Gold Leaf Work,Small,16.2,1970,265,315,Medium,Standard,South India,10660
SIH-00650,Kutch Embroidery,Cotton,Hand Embroidery,Small,25.9,320,85,125,Medium,Moderate,West India,5460
SIH-00651,Pipili Applique,Cotton,Applique,Medium,6.1,290,30,40,Medium,Moderate,East India,1460
SIH-00652,Kondapalli Toys,Soft Wood,Hand Painting,Small,2.7,130,20,20,Low,Standard,South India,770
SIH-00653,Kashmir Walnut Wood Carving,Walnut Wood,Wood Carving,Medium,54.5,1330,240,495,High,Moderate,North India,21210
SIH-00654,Madhubani,Paper,Hand Painting,Large,25.7,440,60,80,High,Standard,East India,6440
SIH-00655,Thanjavur Painting,Wood,Gold Leaf Work,Medium,31.6,4350,270,540,High,Light,South India,18180
SIH-00656,Channapatna,Wood,Lac Turning,Large,6.3,270,35,55,Low,Standard,South India,1570
SIH-00657,Thanjavur Painting,Wood,Gold Leaf Work,Large,49.5,3040,495,780,High,High,South India,26960
SIH-00658,Kondapalli Toys,Soft Wood,Hand Painting,Medium,5.7,280,35,45,Medium,Standard,South India,1380
SIH-00659,Madhubani,Paper,Hand Painting,Medium,11.4,210,35,60,Medium,High,East India,2280
SIH-00660,Terracotta,Clay,Hand Moulding,Medium,2.2,130,15,30,Low,Standard,East India,570
SIH-00661,Phulkari,Cotton,Hand Embroidery,Standard,19.1,800,80,85,High,Light,North India,4860
SIH-00662,Kalamkari,Cotton,Block Printing,Large,33.0,660,160,115,High,High,South India,7920
SIH-00663,Kashmir Walnut Wood Carving,Walnut Wood,Wood Carving,Small,22.8,420,195,145,Medium,Moderate,North India,7890
SIH-00664,Moradabad Metal Craft,Brass,Metal Engraving,Small,4.6,1090,40,100,Low,Moderate,North India,2590
SIH-00665,Phulkari,Cotton,Hand Embroidery,Standard,38.5,410,140,265,Medium,Moderate,North India,11340
SIH-00666,Phulkari,Cotton,Hand Embroidery,Standard,36.2,600,125,170,Medium,Standard,North India,11400
SIH-00667,Kalamkari,Cotton,Block Printing,Small,5.2,270,20,20,Low,Standard,South India,1160
SIH-00668,Kondapalli Toys,Soft Wood,Hand Painting,Medium,7.0,300,25,45,Low,Standard,South India,1650
SIH-00669,Sandalwood Carving,Sandalwood,Wood Carving,Medium,48.8,1960,215,255,High,Light,South India,13980
SIH-00670,Blue Pottery,Ceramic,Glazing,Small,1.1,110,15,20,Low,Standard,West India,410
SIH-00671,Dhokra,Brass,Lost Wax Casting,Small,7.8,910,130,90,Low,Standard,Central India,4030
SIH-00672,Thanjavur Painting,Wood,Gold Leaf Work,Small,30.8,2010,180,335,Medium,Light,South India,15520
SIH-00673,Madhubani,Paper,Hand Painting,Small,24.6,170,50,130,Low,Moderate,East India,5310
SIH-00674,Channapatna,Wood,Lac Turning,Small,3.5,130,15,35,Low,Standard,South India,830
SIH-00675,Sikki Craft,Sikki Grass,Hand Weaving,Small,3.0,70,15,20,Low,Standard,East India,660
SIH-00676,Phulkari,Cotton,Hand Embroidery,Standard,16.4,530,65,90,Medium,Standard,North India,3600
SIH-00677,Thanjavur Painting,Wood,Gold Leaf Work,Medium,47.4,1830,210,585,Medium,Standard,South India,17640
SIH-00678,Dhokra,Brass,Lost Wax Casting,Large,31.4,2420,315,525,High,Light,Central India,11680
SIH-00679,Blue Pottery,Ceramic,Glazing,Large,7.2,520,90,75,Medium,Standard,West India,2280
SIH-00680,Thanjavur Painting,Wood,Gold Leaf Work,Small,28.0,1770,175,395,Medium,Light,South India,15170
SIH-00681,Blue Pottery,Ceramic,Glazing,Large,6.0,280,50,70,Medium,Standard,West India,1370
SIH-00682,Banarasi,Silk,Handloom Weaving,Standard,123.8,5590,575,835,High,Light,North India,49980
SIH-00683,Blue Pottery,Ceramic,Glazing,Large,2.1,400,40,50,Medium,Light,West India,1000
SIH-00684,Bastar Dhokra,Bell Metal,Lost Wax Casting,Small,24.6,740,185,200,Medium,High,Central India,7870
SIH-00685,Pashmina,Pashmina Wool,Hand Embroidery,Standard,72.4,6940,245,405,Medium,Light,North India,28510
SIH-00686,Banarasi,Silk,Handloom Weaving,Standard,76.5,6410,260,680,Medium,Standard,North India,32960
SIH-00687,Kalamkari,Cotton,Block Printing,Medium,5.2,390,30,20,Low,Standard,South India,1400
SIH-00688,Sandalwood Carving,Sandalwood,Wood Carving,Medium,28.4,2030,250,185,High,High,South India,10630
SIH-00689,Terracotta,Clay,Hand Moulding,Medium,6.0,140,45,50,Low,Standard,East India,1130
SIH-00690,Madhubani,Paper,Hand Painting,Small,22.9,140,120,155,Low,Moderate,East India,5850
SIH-00691,Blue Pottery,Ceramic,Glazing,Small,2.8,270,30,45,Low,Standard,West India,1030
SIH-00692,Pipili Applique,Cotton,Applique,Large,18.6,440,60,70,High,Standard,East India,3610
SIH-00693,Kondapalli Toys,Soft Wood,Hand Painting,Large,6.5,310,20,45,High,Standard,South India,1420
SIH-00694,Dhokra,Brass,Lost Wax Casting,Large,11.2,2650,245,250,High,Light,Central India,6820
SIH-00695,Channapatna,Wood,Lac Turning,Medium,4.8,80,20,40,Low,Standard,South India,1020
SIH-00696,Pashmina,Pashmina Wool,Hand Embroidery,Standard,60.8,4280,220,375,Medium,Light,North India,24630
SIH-00697,Moradabad Metal Craft,Brass,Metal Engraving,Small,10.6,1040,85,190,Low,Standard,North India,4920
SIH-00698,Pipili Applique,Cotton,Applique,Medium,6.1,150,20,25,Low,Standard,East India,1010
SIH-00699,Kalamkari,Cotton,Block Printing,Medium,9.6,380,20,50,Low,Standard,South India,2110
SIH-00700,Channapatna,Wood,Lac Turning,Medium,4.5,150,20,40,Low,Moderate,South India,970
SIH-00701,Sandalwood Carving,Sandalwood,Wood Carving,Large,87.2,1820,580,870,High,Moderate,South India,25330
SIH-00702,Kondapalli Toys,Soft Wood,Hand Painting,Large,6.6,550,35,65,High,Moderate,South India,2350
SIH-00703,Channapatna,Wood,Lac Turning,Small,2.0,110,15,25,Low,Standard,South India,570
SIH-00704,Kondapalli Toys,Soft Wood,Hand Painting,Small,4.6,200,35,45,Low,Light,South India,1470
SIH-00705,Kalamkari,Cotton,Block Printing,Small,4.7,290,15,20,Low,High,South India,1240
SIH-00706,Sikki Craft,Sikki Grass,Hand Weaving,Small,3.5,120,15,20,Low,Standard,East India,670
SIH-00707,Kutch Embroidery,Cotton,Hand Embroidery,Large,21.4,640,100,100,High,Moderate,West India,5540
SIH-00708,Blue Pottery,Ceramic,Glazing,Medium,1.5,210,15,35,Low,Standard,West India,630
SIH-00709,Kalamkari,Cotton,Block Printing,Medium,7.9,330,25,30,Medium,Moderate,South India,1810
SIH-00710,Pashmina,Pashmina Wool,Hand Embroidery,Standard,45.7,6840,400,420,Medium,Standard,North India,25710
SIH-00711,Kondapalli Toys,Soft Wood,Hand Painting,Large,9.1,370,60,50,High,Moderate,South India,2050
SIH-00712,Kondapalli Toys,Soft Wood,Hand Painting,Small,3.2,250,30,35,Low,High,South India,1120
SIH-00713,Sandalwood Carving,Sandalwood,Wood Carving,Medium,57.6,3320,415,490,High,Moderate,South India,20050
SIH-00714,Dhokra,Brass,Lost Wax Casting,Small,5.4,950,100,60,Low,Light,Central India,2820
SIH-00715,Sikki Craft,Sikki Grass,Hand Weaving,Large,6.4,300,25,25,High,Light,East India,1170
SIH-00716,Thanjavur Painting,Wood,Gold Leaf Work,Large,42.5,4660,690,730,High,Standard,South India,25860
SIH-00717,Kutch Embroidery,Cotton,Hand Embroidery,Small,26.5,310,75,90,Medium,Moderate,West India,5180
SIH-00718,Dhokra,Brass,Lost Wax Casting,Medium,18.2,1670,265,195,Medium,Standard,Central India,7930
SIH-00719,Moradabad Metal Craft,Brass,Metal Engraving,Large,28.6,2170,210,470,High,Moderate,North India,11380
SIH-00720,Sandalwood Carving,Sandalwood,Wood Carving,Medium,42.1,2690,285,375,High,High,South India,13810
SIH-00721,Channapatna,Wood,Lac Turning,Large,5.8,280,50,55,Medium,Standard,South India,1610
SIH-00722,Dhokra,Brass,Lost Wax Casting,Small,11.3,840,135,145,Low,Light,Central India,4150
SIH-00723,Blue Pottery,Ceramic,Glazing,Large,8.6,450,70,65,Medium,High,West India,2370
SIH-00724,Pashmina,Pashmina Wool,Hand Embroidery,Standard,60.3,5760,220,295,Medium,Standard,North India,28060
SIH-00725,Kondapalli Toys,Soft Wood,Hand Painting,Large,10.5,370,55,70,Medium,Standard,South India,2330
SIH-00726,Madhubani,Paper,Hand Painting,Medium,42.3,210,150,215,Medium,High,East India,10570
SIH-00727,Kondapalli Toys,Soft Wood,Hand Painting,Medium,0.9,330,20,20,Low,Standard,South India,670
SIH-00728,Channapatna,Wood,Lac Turning,Small,1.5,80,15,20,Low,Standard,South India,400
SIH-00729,Kutch Embroidery,Cotton,Hand Embroidery,Small,15.7,270,85,50,Medium,Moderate,West India,4060
SIH-00730,Moradabad Metal Craft,Brass,Metal Engraving,Medium,11.8,1890,145,305,Medium,Standard,North India,6500
SIH-00731,Kondapalli Toys,Soft Wood,Hand Painting,Medium,7.3,290,35,55,Medium,Light,South India,1760
SIH-00732,Bastar Dhokra,Bell Metal,Lost Wax Casting,Small,10.3,1210,120,180,Low,Light,Central India,5360
SIH-00733,Blue Pottery,Ceramic,Glazing,Medium,4.4,130,35,45,Low,Moderate,West India,1130
SIH-00734,Blue Pottery,Ceramic,Glazing,Small,1.2,180,15,20,Low,Light,West India,470
SIH-00735,Channapatna,Wood,Lac Turning,Medium,2.5,180,15,20,Low,Standard,South India,630
SIH-00736,Blue Pottery,Ceramic,Glazing,Small,1.4,170,15,25,Low,Standard,West India,490
SIH-00737,Blue Pottery,Ceramic,Glazing,Large,2.5,390,40,45,Medium,Light,West India,1270
SIH-00738,Kashmir Walnut Wood Carving,Walnut Wood,Wood Carving,Medium,24.5,690,100,130,Medium,Standard,North India,6210
SIH-00739,Kondapalli Toys,Soft Wood,Hand Painting,Large,7.1,250,45,60,Medium,Standard,South India,1800
SIH-00740,Blue Pottery,Ceramic,Glazing,Small,2.5,190,20,20,Low,Standard,West India,820
SIH-00741,Thanjavur Painting,Wood,Gold Leaf Work,Medium,24.0,3400,230,400,High,Standard,South India,16520
SIH-00742,Blue Pottery,Ceramic,Glazing,Large,3.4,410,50,75,Medium,Standard,West India,1380
SIH-00743,Phulkari,Cotton,Hand Embroidery,Standard,14.2,550,60,100,Medium,Standard,North India,4240
SIH-00744,Kutch Embroidery,Cotton,Hand Embroidery,Small,20.1,300,110,90,Low,Light,West India,5540
SIH-00745,Thanjavur Painting,Wood,Gold Leaf Work,Medium,60.5,2460,350,675,High,Light,South India,25040
SIH-00746,Thanjavur Painting,Wood,Gold Leaf Work,Large,59.8,3470,335,720,High,Standard,South India,26360
SIH-00747,Blue Pottery,Ceramic,Glazing,Small,2.7,200,20,35,Low,Standard,West India,750
SIH-00748,Kutch Embroidery,Cotton,Hand Embroidery,Small,19.4,260,45,60,Medium,Moderate,West India,4390
SIH-00749,Dhokra,Brass,Lost Wax Casting,Small,16.9,1350,120,155,Low,Moderate,Central India,7130
SIH-00750,Terracotta,Clay,Hand Moulding,Large,4.7,180,25,30,Low,Standard,East India,1100
SIH-00751,Bastar Dhokra,Bell Metal,Lost Wax Casting,Medium,28.3,880,265,215,Medium,Standard,Central India,8730
SIH-00752,Sikki Craft,Sikki Grass,Hand Weaving,Large,6.9,280,20,45,High,High,East India,1680
SIH-00753,Kalamkari,Cotton,Block Printing,Large,15.0,750,40,105,Medium,Standard,South India,4050
SIH-00754,Kalamkari,Cotton,Block Printing,Medium,10.2,370,25,75,Low,Standard,South India,2700
SIH-00755,Kutch Embroidery,Cotton,Hand Embroidery,Small,23.6,250,65,85,Medium,High,West India,6140
SIH-00756,Pipili Applique,Cotton,Applique,Large,4.9,480,20,30,High,Standard,East India,1500
SIH-00757,Dhokra,Brass,Lost Wax Casting,Medium,9.0,1360,85,115,Medium,Standard,Central India,3740
SIH-00758,Kutch Embroidery,Cotton,Hand Embroidery,Large,9.9,740,55,75,High,Light,West India,3440
SIH-00759,Bastar Dhokra,Bell Metal,Lost Wax Casting,Large,40.4,3070,265,315,High,Standard,Central India,13580
SIH-00760,Pipili Applique,Cotton,Applique,Medium,8.3,470,45,35,Medium,Standard,East India,2440
SIH-00761,Madhubani,Paper,Hand Painting,Medium,10.3,280,25,25,Medium,Light,East India,2010
SIH-00762,Pashmina,Pashmina Wool,Hand Embroidery,Standard,61.9,5510,405,550,Medium,Standard,North India,25520
SIH-00763,Terracotta,Clay,Hand Moulding,Small,2.1,100,15,25,Low,Standard,East India,490
SIH-00764,Phulkari,Cotton,Hand Embroidery,Standard,19.5,850,70,170,Medium,Moderate,North India,6650
SIH-00765,Sandalwood Carving,Sandalwood,Wood Carving,Small,29.9,2460,330,205,Low,Standard,South India,12940
SIH-00766,Bastar Dhokra,Bell Metal,Lost Wax Casting,Large,10.1,1680,130,250,High,Standard,Central India,5690
SIH-00767,Blue Pottery,Ceramic,Glazing,Small,1.4,130,20,20,Low,Standard,West India,500
SIH-00768,Madhubani,Paper,Hand Painting,Medium,25.8,280,85,90,Medium,Light,East India,4550
SIH-00769,Sikki Craft,Sikki Grass,Hand Weaving,Medium,7.7,100,20,50,Medium,Standard,East India,1240
SIH-00770,Pashmina,Pashmina Wool,Hand Embroidery,Standard,65.1,6550,255,525,Medium,Standard,North India,25080
SIH-00771,Dhokra,Brass,Lost Wax Casting,Medium,24.5,910,130,270,Medium,Standard,Central India,6920
SIH-00772,Madhubani,Paper,Hand Painting,Large,26.5,340,95,125,High,Standard,East India,4530
SIH-00773,Sikki Craft,Sikki Grass,Hand Weaving,Medium,5.2,100,15,30,Medium,Standard,East India,840
SIH-00774,Sikki Craft,Sikki Grass,Hand Weaving,Small,4.3,80,25,20,Low,Standard,East India,910
SIH-00775,Pashmina,Pashmina Wool,Hand Embroidery,Standard,58.3,6180,390,510,Medium,Standard,North India,25770
SIH-00776,Sikki Craft,Sikki Grass,Hand Weaving,Large,15.6,150,70,110,High,Standard,East India,3110
SIH-00777,Kashmir Walnut Wood Carving,Walnut Wood,Wood Carving,Large,40.4,1140,295,215,High,Moderate,North India,12370
SIH-00778,Dhokra,Brass,Lost Wax Casting,Small,12.4,980,165,200,Medium,Moderate,Central India,5060
SIH-00779,Kutch Embroidery,Cotton,Hand Embroidery,Small,18.9,300,65,140,Medium,Moderate,West India,4750
SIH-00780,Blue Pottery,Ceramic,Glazing,Small,2.1,170,15,30,Low,Light,West India,720
SIH-00781,Pashmina,Pashmina Wool,Hand Embroidery,Standard,71.1,6050,375,450,Medium,Standard,North India,28430
SIH-00782,Thanjavur Painting,Wood,Gold Leaf Work,Medium,52.2,4220,360,385,High,High,South India,23850
SIH-00783,Pipili Applique,Cotton,Applique,Small,8.1,190,30,45,Low,Standard,East India,1890
SIH-00784,Blue Pottery,Ceramic,Glazing,Small,1.8,80,15,20,Low,Standard,West India,430
SIH-00785,Blue Pottery,Ceramic,Glazing,Large,8.0,270,50,60,Medium,Standard,West India,1930
SIH-00786,Blue Pottery,Ceramic,Glazing,Medium,3.9,150,25,60,Low,Standard,West India,1100
SIH-00787,Bastar Dhokra,Bell Metal,Lost Wax Casting,Large,36.5,2950,385,470,High,Moderate,Central India,14370
SIH-00788,Dhokra,Brass,Lost Wax Casting,Small,17.5,770,75,110,Medium,Light,Central India,5250
SIH-00789,Dhokra,Brass,Lost Wax Casting,Medium,20.5,1040,110,225,Medium,Moderate,Central India,5740
SIH-00790,Kashmir Walnut Wood Carving,Walnut Wood,Wood Carving,Small,33.3,570,300,190,Medium,High,North India,12340
SIH-00791,Sikki Craft,Sikki Grass,Hand Weaving,Medium,3.6,80,20,20,Low,Standard,East India,740
SIH-00792,Phulkari,Cotton,Hand Embroidery,Standard,46.2,720,165,305,High,High,North India,11090
SIH-00793,Thanjavur Painting,Wood,Gold Leaf Work,Medium,53.8,2700,330,495,High,Light,South India,22210
SIH-00794,Kalamkari,Cotton,Block Printing,Large,13.7,920,75,95,Medium,Standard,South India,4860
SIH-00795,Kalamkari,Cotton,Block Printing,Large,15.4,410,35,70,Medium,Standard,South India,3040
SIH-00796,Blue Pottery,Ceramic,Glazing,Large,6.5,420,50,60,Medium,Standard,West India,2020
SIH-00797,Kondapalli Toys,Soft Wood,Hand Painting,Large,5.6,500,25,35,High,Standard,South India,1510
SIH-00798,Sikki Craft,Sikki Grass,Hand Weaving,Medium,10.1,190,60,45,Medium,Standard,East India,2530
SIH-00799,Channapatna,Wood,Lac Turning,Medium,2.8,260,20,40,Low,Standard,South India,920
SIH-00800,Blue Pottery,Ceramic,Glazing,Medium,4.2,300,50,30,Low,Standard,West India,1110
SIH-00801,Blue Pottery,Ceramic,Glazing,Small,4.1,190,40,35,Low,Moderate,West India,1100
SIH-00802,Dhokra,Brass,Lost Wax Casting,Small,9.3,1220,155,140,Medium,Moderate,Central India,4570
SIH-00803,Terracotta,Clay,Hand Moulding,Medium,2.5,160,15,35,Low,Standard,East India,660
SIH-00804,Kalamkari,Cotton,Block Printing,Small,6.6,240,20,25,Low,Standard,South India,1460
SIH-00805,Kutch Embroidery,Cotton,Hand Embroidery,Small,11.6,340,25,60,Medium,Light,West India,2290
SIH-00806,Phulkari,Cotton,Hand Embroidery,Standard,41.0,730,155,180,High,High,North India,8340
SIH-00807,Blue Pottery,Ceramic,Glazing,Large,2.9,270,40,30,Medium,Light,West India,1050
SIH-00808,Blue Pottery,Ceramic,Glazing,Large,7.3,430,50,110,Medium,Standard,West India,2190
SIH-00809,Sandalwood Carving,Sandalwood,Wood Carving,Medium,51.3,2550,475,380,Medium,Standard,South India,19110
SIH-00810,Blue Pottery,Ceramic,Glazing,Small,2.6,220,20,35,Low,Standard,West India,890
SIH-00811,Terracotta,Clay,Hand Moulding,Small,2.4,170,20,35,Low,Standard,East India,700
SIH-00812,Phulkari,Cotton,Hand Embroidery,Standard,36.8,670,125,235,Medium,Standard,North India,10970
SIH-00813,Blue Pottery,Ceramic,Glazing,Small,1.4,250,25,30,Low,Light,West India,640
SIH-00814,Banarasi,Silk,Handloom Weaving,Standard,63.7,5380,350,525,High,Light,North India,25080
SIH-00815,Kondapalli Toys,Soft Wood,Hand Painting,Medium,2.9,260,15,35,Low,Standard,South India,810
SIH-00816,Kashmir Walnut Wood Carving,Walnut Wood,Wood Carving,Large,55.9,2760,280,380,High,Light,North India,18790
SIH-00817,Blue Pottery,Ceramic,Glazing,Large,2.9,380,35,55,Medium,Standard,West India,1120
SIH-00818,Moradabad Metal Craft,Brass,Metal Engraving,Large,17.4,960,135,260,High,Standard,North India,6610
SIH-00819,Sandalwood Carving,Sandalwood,Wood Carving,Medium,19.8,3100,310,345,Medium,Standard,South India,11770
SIH-00820,Pashmina,Pashmina Wool,Hand Embroidery,Standard,64.5,4130,355,450,Medium,Standard,North India,27570
SIH-00821,Kashmir Walnut Wood Carving,Walnut Wood,Wood Carving,Medium,37.7,1750,215,335,Medium,Light,North India,10870
SIH-00822,Kutch Embroidery,Cotton,Hand Embroidery,Medium,13.0,540,60,75,Medium,Standard,West India,3140
SIH-00823,Moradabad Metal Craft,Brass,Metal Engraving,Medium,14.6,1430,165,145,Medium,Light,North India,6320
SIH-00824,Madhubani,Paper,Hand Painting,Large,30.3,230,135,205,High,Moderate,East India,7300
SIH-00825,Banarasi,Silk,Handloom Weaving,Standard,42.9,2400,225,280,Medium,Standard,North India,15130
SIH-00826,Kondapalli Toys,Soft Wood,Hand Painting,Small,2.9,200,30,20,Low,Light,South India,920
SIH-00827,Dhokra,Brass,Lost Wax Casting,Large,36.0,1570,200,390,High,High,Central India,10450
SIH-00828,Blue Pottery,Ceramic,Glazing,Small,2.4,120,15,20,Low,Standard,West India,620
SIH-00829,Thanjavur Painting,Wood,Gold Leaf Work,Small,16.9,2300,205,270,Medium,Light,South India,9790
SIH-00830,Bastar Dhokra,Bell Metal,Lost Wax Casting,Small,8.1,1180,110,85,Medium,High,Central India,3770
SIH-00831,Blue Pottery,Ceramic,Glazing,Small,3.6,210,30,35,Low,Moderate,West India,990
SIH-00832,Moradabad Metal Craft,Brass,Metal Engraving,Small,5.3,520,55,55,Low,Standard,North India,2530
SIH-00833,Blue Pottery,Ceramic,Glazing,Small,2.1,210,30,20,Low,Standard,West India,730
SIH-00834,Blue Pottery,Ceramic,Glazing,Small,2.7,200,35,45,Low,Standard,West India,850
SIH-00835,Banarasi,Silk,Handloom Weaving,Standard,159.8,4300,525,835,High,Light,North India,38620
SIH-00836,Phulkari,Cotton,Hand Embroidery,Standard,29.7,810,115,180,Medium,Light,North India,8280
SIH-00837,Sikki Craft,Sikki Grass,Hand Weaving,Medium,12.0,180,55,50,Medium,High,East India,2940
SIH-00838,Madhubani,Paper,Hand Painting,Medium,14.2,160,60,60,Low,Standard,East India,3550
SIH-00839,Sikki Craft,Sikki Grass,Hand Weaving,Medium,2.2,130,15,20,Medium,Standard,East India,610
SIH-00840,Channapatna,Wood,Lac Turning,Medium,5.0,110,25,35,Low,Standard,South India,1050
SIH-00841,Kashmir Walnut Wood Carving,Walnut Wood,Wood Carving,Large,14.5,2990,135,260,High,Light,North India,8010
SIH-00842,Sikki Craft,Sikki Grass,Hand Weaving,Medium,4.1,90,20,40,Medium,Standard,East India,980
SIH-00843,Dhokra,Brass,Lost Wax Casting,Large,25.0,1140,120,165,High,Standard,Central India,7830
SIH-00844,Moradabad Metal Craft,Brass,Metal Engraving,Small,7.4,650,55,130,Low,Standard,North India,2620
SIH-00845,Kondapalli Toys,Soft Wood,Hand Painting,Large,9.8,530,70,60,High,Moderate,South India,2480
SIH-00846,Pashmina,Pashmina Wool,Hand Embroidery,Standard,28.4,3240,215,275,Medium,Standard,North India,15550
SIH-00847,Pashmina,Pashmina Wool,Hand Embroidery,Standard,87.6,6900,365,835,Medium,Standard,North India,38880
SIH-00848,Pashmina,Pashmina Wool,Hand Embroidery,Standard,94.4,3360,270,330,Medium,Standard,North India,26750
SIH-00849,Sikki Craft,Sikki Grass,Hand Weaving,Large,15.9,140,50,50,High,Standard,East India,2520
SIH-00850,Phulkari,Cotton,Hand Embroidery,Standard,47.6,490,190,145,Medium,Moderate,North India,11870
SIH-00851,Pashmina,Pashmina Wool,Hand Embroidery,Standard,144.9,4870,805,985,High,Light,North India,52460
SIH-00852,Channapatna,Wood,Lac Turning,Large,5.9,270,20,30,Medium,Light,South India,1350
SIH-00853,Banarasi,Silk,Handloom Weaving,Standard,59.2,4840,385,245,Medium,Standard,North India,22800
SIH-00854,Blue Pottery,Ceramic,Glazing,Medium,2.6,380,35,50,Low,Standard,West India,1060
SIH-00855,Dhokra,Brass,Lost Wax Casting,Small,8.6,820,90,120,Low,Moderate,Central India,3140
SIH-00856,Pipili Applique,Cotton,Applique,Large,23.1,440,80,75,High,Moderate,East India,4850
SIH-00857,Pashmina,Pashmina Wool,Hand Embroidery,Standard,69.6,5380,335,495,Medium,Standard,North India,29810
SIH-00858,Channapatna,Wood,Lac Turning,Small,1.6,120,15,20,Low,Light,South India,530
SIH-00859,Kashmir Walnut Wood Carving,Walnut Wood,Wood Carving,Small,16.3,990,120,195,Low,Standard,North India,6830
SIH-00860,Dhokra,Brass,Lost Wax Casting,Medium,12.4,1420,130,220,High,High,Central India,6120
SIH-00861,Blue Pottery,Ceramic,Glazing,Medium,2.9,240,40,40,Low,Light,West India,1030
SIH-00862,Moradabad Metal Craft,Brass,Metal Engraving,Large,20.5,1590,225,315,High,Light,North India,7650
SIH-00863,Kashmir Walnut Wood Carving,Walnut Wood,Wood Carving,Large,46.8,2120,425,335,High,Standard,North India,19730
SIH-00864,Phulkari,Cotton,Hand Embroidery,Standard,15.6,380,35,40,High,Moderate,North India,3360
SIH-00865,Bastar Dhokra,Bell Metal,Lost Wax Casting,Small,18.6,780,220,150,Low,Standard,Central India,6630
SIH-00866,Thanjavur Painting,Wood,Gold Leaf Work,Small,25.4,2680,255,380,Medium,Light,South India,13040
SIH-00867,Blue Pottery,Ceramic,Glazing,Medium,3.8,240,30,40,Low,Standard,West India,1140
SIH-00868,Blue Pottery,Ceramic,Glazing,Large,6.7,300,40,85,Medium,Moderate,West India,1690
SIH-00869,Kalamkari,Cotton,Block Printing,Small,8.1,420,25,45,Low,Standard,South India,2110
SIH-00870,Kondapalli Toys,Soft Wood,Hand Painting,Medium,5.7,230,35,40,Medium,Light,South India,1570
SIH-00871,Kondapalli Toys,Soft Wood,Hand Painting,Large,6.5,550,30,55,Medium,Light,South India,1870
SIH-00872,Kondapalli Toys,Soft Wood,Hand Painting,Medium,2.8,240,25,30,Medium,Standard,South India,980
SIH-00873,Kondapalli Toys,Soft Wood,Hand Painting,Large,7.6,380,45,50,High,Standard,South India,1950
SIH-00874,Moradabad Metal Craft,Brass,Metal Engraving,Medium,8.3,740,80,125,Medium,Light,North India,3140
SIH-00875,Channapatna,Wood,Lac Turning,Medium,5.8,200,30,25,Low,Moderate,South India,1150
SIH-00876,Kashmir Walnut Wood Carving,Walnut Wood,Wood Carving,Large,63.2,2200,495,600,High,Moderate,North India,18500
SIH-00877,Kalamkari,Cotton,Block Printing,Large,21.1,580,115,85,High,Moderate,South India,5920
SIH-00878,Moradabad Metal Craft,Brass,Metal Engraving,Small,7.1,870,85,135,Low,Light,North India,3220
SIH-00879,Bastar Dhokra,Bell Metal,Lost Wax Casting,Small,11.8,1230,190,245,Low,Moderate,Central India,5730
SIH-00880,Kutch Embroidery,Cotton,Hand Embroidery,Small,12.6,310,45,75,Low,Moderate,West India,3480
SIH-00881,Kutch Embroidery,Cotton,Hand Embroidery,Large,17.9,780,55,60,High,Standard,West India,4500
SIH-00882,Terracotta,Clay,Hand Moulding,Large,9.5,240,75,85,Medium,Moderate,East India,2300
SIH-00883,Kalamkari,Cotton,Block Printing,Small,7.5,270,15,40,Low,Standard,South India,1560
SIH-00884,Terracotta,Clay,Hand Moulding,Large,7.6,260,55,45,Medium,Standard,East India,1610
SIH-00885,Thanjavur Painting,Wood,Gold Leaf Work,Small,44.3,2590,450,340,Medium,Standard,South India,21810
SIH-00886,Banarasi,Silk,Handloom Weaving,Standard,96.6,4180,305,350,High,Moderate,North India,33230
SIH-00887,Kutch Embroidery,Cotton,Hand Embroidery,Small,29.5,280,160,205,Medium,High,West India,9000
SIH-00888,Channapatna,Wood,Lac Turning,Large,2.7,180,15,30,Medium,Standard,South India,750
SIH-00889,Blue Pottery,Ceramic,Glazing,Small,2.9,240,20,50,Low,High,West India,970
SIH-00890,Blue Pottery,Ceramic,Glazing,Large,5.8,380,30,45,Medium,Standard,West India,1570
SIH-00891,Terracotta,Clay,Hand Moulding,Large,10.0,190,30,60,Medium,Light,East India,1660
SIH-00892,Moradabad Metal Craft,Brass,Metal Engraving,Medium,19.2,1420,115,185,Medium,Moderate,North India,6690
SIH-00893,Pipili Applique,Cotton,Applique,Large,7.2,570,45,60,High,Light,East India,2490
SIH-00894,Kondapalli Toys,Soft Wood,Hand Painting,Large,7.8,280,45,30,High,Light,South India,1860
SIH-00895,Sandalwood Carving,Sandalwood,Wood Carving,Medium,47.9,2530,330,665,Medium,Light,South India,20220
SIH-00896,Kashmir Walnut Wood Carving,Walnut Wood,Wood Carving,Small,12.5,1430,140,160,Medium,Moderate,North India,6460
SIH-00897,Blue Pottery,Ceramic,Glazing,Small,2.4,230,20,30,Low,Moderate,West India,920
SIH-00898,Kashmir Walnut Wood Carving,Walnut Wood,Wood Carving,Medium,41.5,800,400,325,High,Standard,North India,14700
SIH-00899,Terracotta,Clay,Hand Moulding,Medium,4.5,130,20,35,Low,Standard,East India,770
SIH-00900,Pashmina,Pashmina Wool,Hand Embroidery,Standard,91.4,5780,550,760,Medium,Light,North India,32840
SIH-00901,Blue Pottery,Ceramic,Glazing,Medium,1.3,210,20,20,Low,Standard,West India,510
SIH-00902,Pashmina,Pashmina Wool,Hand Embroidery,Standard,48.6,8550,300,275,Medium,Standard,North India,24780
SIH-00903,Dhokra,Brass,Lost Wax Casting,Large,27.2,1540,120,195,High,Light,Central India,7250
SIH-00904,Madhubani,Paper,Hand Painting,Small,15.1,90,50,50,Low,Standard,East India,2390
SIH-00905,Channapatna,Wood,Lac Turning,Medium,5.3,230,20,40,Low,Standard,South India,1160
SIH-00906,Moradabad Metal Craft,Brass,Metal Engraving,Large,20.0,1430,170,185,High,Standard,North India,6950
SIH-00907,Phulkari,Cotton,Hand Embroidery,Standard,31.1,450,175,130,High,Moderate,North India,9540
SIH-00908,Madhubani,Paper,Hand Painting,Small,7.6,150,25,45,Low,Standard,East India,2250
SIH-00909,Sikki Craft,Sikki Grass,Hand Weaving,Small,3.8,80,25,25,Low,Moderate,East India,810
SIH-00910,Thanjavur Painting,Wood,Gold Leaf Work,Medium,28.2,4100,215,290,High,Moderate,South India,17610
SIH-00911,Channapatna,Wood,Lac Turning,Large,8.9,260,45,45,Medium,Standard,South India,1690
SIH-00912,Sikki Craft,Sikki Grass,Hand Weaving,Small,3.1,120,15,20,Low,Standard,East India,730
SIH-00913,Kalamkari,Cotton,Block Printing,Small,6.8,470,25,30,Low,Moderate,South India,2160
SIH-00914,Bastar Dhokra,Bell Metal,Lost Wax Casting,Medium,29.0,2030,210,315,Medium,Light,Central India,9910
SIH-00915,Bastar Dhokra,Bell Metal,Lost Wax Casting,Small,12.2,1380,130,115,Low,Standard,Central India,4840
SIH-00916,Pashmina,Pashmina Wool,Hand Embroidery,Standard,29.4,3720,185,330,High,Light,North India,14200
SIH-00917,Madhubani,Paper,Hand Painting,Large,51.1,460,235,170,High,Light,East India,12660
SIH-00918,Dhokra,Brass,Lost Wax Casting,Large,11.8,1490,90,220,High,Standard,Central India,5170
SIH-00919,Blue Pottery,Ceramic,Glazing,Small,2.6,150,30,40,Low,Standard,West India,740
SIH-00920,Blue Pottery,Ceramic,Glazing,Medium,3.8,250,35,60,Low,Standard,West India,1270
SIH-00921,Kalamkari,Cotton,Block Printing,Large,10.9,500,45,40,Medium,Light,South India,2650
SIH-00922,Bastar Dhokra,Bell Metal,Lost Wax Casting,Large,31.9,2840,190,485,High,Moderate,Central India,11820
SIH-00923,Kashmir Walnut Wood Carving,Walnut Wood,Wood Carving,Small,24.3,820,215,300,Low,Light,North India,8770
SIH-00924,Kalamkari,Cotton,Block Printing,Large,15.0,870,60,105,Medium,Standard,South India,4760
SIH-00925,Sikki Craft,Sikki Grass,Hand Weaving,Medium,7.6,200,20,45,Medium,High,East India,1390
SIH-00926,Blue Pottery,Ceramic,Glazing,Large,5.3,260,55,60,Medium,Standard,West India,1350
SIH-00927,Terracotta,Clay,Hand Moulding,Medium,7.5,200,55,85,Low,Standard,East India,1830
SIH-00928,Moradabad Metal Craft,Brass,Metal Engraving,Small,9.3,750,80,80,Low,Standard,North India,3290
SIH-00929,Kutch Embroidery,Cotton,Hand Embroidery,Small,9.6,160,50,45,Low,Standard,West India,2610
SIH-00930,Pashmina,Pashmina Wool,Hand Embroidery,Standard,97.3,5040,485,600,High,Standard,North India,29770
SIH-00931,Terracotta,Clay,Hand Moulding,Small,4.4,140,15,25,Low,Standard,East India,900
SIH-00932,Kashmir Walnut Wood Carving,Walnut Wood,Wood Carving,Medium,36.6,1200,205,340,High,Moderate,North India,12150
SIH-00933,Dhokra,Brass,Lost Wax Casting,Small,3.3,1230,100,135,Low,Light,Central India,2770
SIH-00934,Dhokra,Brass,Lost Wax Casting,Small,15.0,790,135,165,Low,Moderate,Central India,4650
SIH-00935,Moradabad Metal Craft,Brass,Metal Engraving,Small,2.9,630,25,75,Low,Standard,North India,1560
SIH-00936,Dhokra,Brass,Lost Wax Casting,Small,6.8,870,50,105,Low,Light,Central India,3000
SIH-00937,Moradabad Metal Craft,Brass,Metal Engraving,Medium,6.6,920,95,110,Medium,Standard,North India,3150
SIH-00938,Sikki Craft,Sikki Grass,Hand Weaving,Large,11.9,150,65,85,High,Light,East India,2410
SIH-00939,Sandalwood Carving,Sandalwood,Wood Carving,Medium,63.5,1610,230,380,High,Moderate,South India,17810
SIH-00940,Sandalwood Carving,Sandalwood,Wood Carving,Small,22.6,2490,240,255,Medium,Light,South India,10190
SIH-00941,Banarasi,Silk,Handloom Weaving,Standard,80.7,4940,380,385,Medium,Standard,North India,30980
SIH-00942,Kashmir Walnut Wood Carving,Walnut Wood,Wood Carving,Large,60.0,1150,425,605,High,High,North India,17700
SIH-00943,Sikki Craft,Sikki Grass,Hand Weaving,Small,4.5,110,15,20,Low,Standard,East India,1010
SIH-00944,Kashmir Walnut Wood Carving,Walnut Wood,Wood Carving,Small,10.4,380,50,65,Low,Light,North India,3230
SIH-00945,Moradabad Metal Craft,Brass,Metal Engraving,Medium,9.9,1700,70,185,Medium,Standard,North India,4520
SIH-00946,Pipili Applique,Cotton,Applique,Small,8.5,130,25,45,Low,High,East India,1970
SIH-00947,Terracotta,Clay,Hand Moulding,Large,5.6,210,25,65,Medium,Moderate,East India,1420
SIH-00948,Dhokra,Brass,Lost Wax Casting,Medium,12.0,1920,190,125,High,Moderate,Central India,6190
SIH-00949,Channapatna,Wood,Lac Turning,Medium,3.7,250,20,30,Low,Light,South India,1110
SIH-00950,Channapatna,Wood,Lac Turning,Small,1.5,190,15,20,Low,Standard,South India,630
SIH-00951,Terracotta,Clay,Hand Moulding,Small,3.9,90,20,30,Low,High,East India,730
SIH-00952,Kalamkari,Cotton,Block Printing,Medium,8.1,370,45,55,Low,Light,South India,2460
SIH-00953,Kalamkari,Cotton,Block Printing,Small,4.8,500,25,45,Low,Moderate,South India,1650
SIH-00954,Blue Pottery,Ceramic,Glazing,Medium,3.7,340,25,35,Low,Standard,West India,1130
SIH-00955,Bastar Dhokra,Bell Metal,Lost Wax Casting,Medium,13.3,2240,140,180,Medium,Standard,Central India,6900
SIH-00956,Bastar Dhokra,Bell Metal,Lost Wax Casting,Small,13.9,1400,175,195,Medium,High,Central India,6510
SIH-00957,Madhubani,Paper,Hand Painting,Small,15.5,130,35,65,Low,Light,East India,2820
SIH-00958,Kondapalli Toys,Soft Wood,Hand Painting,Medium,5.3,260,25,55,Medium,Light,South India,1410
SIH-00959,Phulkari,Cotton,Hand Embroidery,Standard,37.8,570,90,155,High,Moderate,North India,8070
SIH-00960,Pipili Applique,Cotton,Applique,Small,6.0,260,15,30,Low,Light,East India,1430
SIH-00961,Channapatna,Wood,Lac Turning,Large,4.4,190,25,40,Low,Standard,South India,1040
SIH-00962,Banarasi,Silk,Handloom Weaving,Standard,129.3,5030,285,420,High,Moderate,North India,36700
SIH-00963,Moradabad Metal Craft,Brass,Metal Engraving,Small,2.2,590,30,60,Low,Moderate,North India,1600
SIH-00964,Madhubani,Paper,Hand Painting,Small,19.5,140,70,85,Low,Moderate,East India,4010
SIH-00965,Blue Pottery,Ceramic,Glazing,Medium,2.0,280,25,30,Low,Standard,West India,820
SIH-00966,Dhokra,Brass,Lost Wax Casting,Medium,18.3,2420,235,145,High,Moderate,Central India,7160
SIH-00967,Channapatna,Wood,Lac Turning,Large,5.1,240,25,35,Medium,Standard,South India,1550
SIH-00968,Channapatna,Wood,Lac Turning,Medium,4.7,200,25,55,Low,Moderate,South India,1350
SIH-00969,Blue Pottery,Ceramic,Glazing,Medium,2.7,300,25,40,Low,Standard,West India,1060
SIH-00970,Moradabad Metal Craft,Brass,Metal Engraving,Medium,14.5,1210,105,220,Medium,Standard,North India,4900
SIH-00971,Kalamkari,Cotton,Block Printing,Medium,9.4,580,40,70,Low,Standard,South India,3040
SIH-00972,Dhokra,Brass,Lost Wax Casting,Medium,9.1,2110,190,220,Medium,Moderate,Central India,6010
SIH-00973,Pipili Applique,Cotton,Applique,Large,8.0,380,35,45,High,Standard,East India,1620
SIH-00974,Kutch Embroidery,Cotton,Hand Embroidery,Small,7.8,160,45,55,Low,Standard,West India,2200
SIH-00975,Blue Pottery,Ceramic,Glazing,Large,7.3,360,50,70,Medium,Standard,West India,1610
SIH-00976,Phulkari,Cotton,Hand Embroidery,Standard,47.5,800,265,250,Medium,Standard,North India,12920
SIH-00977,Blue Pottery,Ceramic,Glazing,Medium,4.1,350,25,45,Medium,High,West India,1260
SIH-00978,Sandalwood Carving,Sandalwood,Wood Carving,Medium,52.1,2950,540,560,Medium,Light,South India,21010
SIH-00979,Sikki Craft,Sikki Grass,Hand Weaving,Large,3.8,150,15,30,High,Standard,East India,970
SIH-00980,Banarasi,Silk,Handloom Weaving,Standard,100.4,6580,470,700,High,Standard,North India,40540
SIH-00981,Pashmina,Pashmina Wool,Hand Embroidery,Standard,72.1,5770,410,500,Medium,Standard,North India,30580
SIH-00982,Phulkari,Cotton,Hand Embroidery,Standard,48.6,500,240,190,Medium,Moderate,North India,13240
SIH-00983,Channapatna,Wood,Lac Turning,Small,1.5,120,15,20,Low,Moderate,South India,560
SIH-00984,Blue Pottery,Ceramic,Glazing,Large,6.9,300,35,55,Medium,Light,West India,1780
SIH-00985,Sandalwood Carving,Sandalwood,Wood Carving,Large,70.5,4550,475,780,High,Standard,South India,27770
SIH-00986,Sandalwood Carving,Sandalwood,Wood Carving,Medium,30.0,3610,325,450,Medium,Light,South India,13990
SIH-00987,Channapatna,Wood,Lac Turning,Medium,2.9,270,20,20,Low,Standard,South India,780
SIH-00988,Terracotta,Clay,Hand Moulding,Small,2.2,100,15,20,Low,Light,East India,560
SIH-00989,Madhubani,Paper,Hand Painting,Small,11.3,120,50,60,Low,Standard,East India,2840
SIH-00990,Kashmir Walnut Wood Carving,Walnut Wood,Wood Carving,Medium,36.9,1390,280,350,Medium,Standard,North India,12950
SIH-00991,Blue Pottery,Ceramic,Glazing,Large,3.7,510,40,85,Medium,Standard,West India,1450
SIH-00992,Banarasi,Silk,Handloom Weaving,Standard,78.4,4760,260,675,Medium,Standard,North India,31220
SIH-00993,Bastar Dhokra,Bell Metal,Lost Wax Casting,Large,38.8,1820,150,260,High,Light,Central India,9390
SIH-00994,Sikki Craft,Sikki Grass,Hand Weaving,Large,16.4,230,60,85,High,Moderate,East India,2530
SIH-00995,Sikki Craft,Sikki Grass,Hand Weaving,Medium,5.0,120,20,45,Low,Standard,East India,1220
SIH-00996,Blue Pottery,Ceramic,Glazing,Large,2.4,510,25,40,Medium,Standard,West India,1190
SIH-00997,Blue Pottery,Ceramic,Glazing,Large,6.3,260,40,95,Medium,Standard,West India,1790
SIH-00998,Thanjavur Painting,Wood,Gold Leaf Work,Small,25.8,2440,365,570,Medium,Light,South India,16750
SIH-00999,Blue Pottery,Ceramic,Glazing,Small,1.2,160,15,20,Low,Moderate,West India,460
SIH-01000,Bastar Dhokra,Bell Metal,Lost Wax Casting,Small,4.5,1550,80,75,Low,Moderate,Central India,3520
SIH-01001,Kashmir Walnut Wood Carving,Walnut Wood,Wood Carving,Medium,44.4,1000,315,265,Medium,Moderate,North India,12020
SIH-01002,Kashmir Walnut Wood Carving,Walnut Wood,Wood Carving,Large,65.3,1440,410,460,High,Moderate,North India,19520
SIH-01003,Kutch Embroidery,Cotton,Hand Embroidery,Small,26.6,320,115,105,Medium,Moderate,West India,6580
SIH-01004,Banarasi,Silk,Handloom Weaving,Standard,100.3,4510,395,470,High,Light,North India,33410
SIH-01005,Banarasi,Silk,Handloom Weaving,Standard,65.1,4180,215,355,High,Standard,North India,20260
SIH-01006,Thanjavur Painting,Wood,Gold Leaf Work,Medium,52.3,1500,220,540,High,Light,South India,22100
SIH-01007,Kashmir Walnut Wood Carving,Walnut Wood,Wood Carving,Medium,26.8,1160,135,395,Medium,Standard,North India,10750
SIH-01008,Sikki Craft,Sikki Grass,Hand Weaving,Medium,3.9,150,25,20,Medium,Standard,East India,890
SIH-01009,Pipili Applique,Cotton,Applique,Large,15.0,570,40,60,High,Standard,East India,3420
SIH-01010,Sandalwood Carving,Sandalwood,Wood Carving,Medium,42.0,2620,260,400,Medium,Moderate,South India,13650
SIH-01011,Moradabad Metal Craft,Brass,Metal Engraving,Large,27.9,2470,285,400,High,Moderate,North India,11960
SIH-01012,Sandalwood Carving,Sandalwood,Wood Carving,Large,39.5,4480,210,415,High,Light,South India,16540
SIH-01013,Terracotta,Clay,Hand Moulding,Medium,4.3,210,30,55,Low,Standard,East India,1160
SIH-01014,Kalamkari,Cotton,Block Printing,Medium,8.4,570,25,35,Low,Moderate,South India,2480
SIH-01015,Blue Pottery,Ceramic,Glazing,Large,8.2,340,40,70,Medium,Light,West India,1940
SIH-01016,Blue Pottery,Ceramic,Glazing,Medium,2.8,210,25,45,Low,Standard,West India,730
SIH-01017,Thanjavur Painting,Wood,Gold Leaf Work,Small,23.8,2680,280,220,Medium,Standard,South India,11290
SIH-01018,Blue Pottery,Ceramic,Glazing,Medium,4.5,340,25,60,Low,Standard,West India,1290
SIH-01019,Kondapalli Toys,Soft Wood,Hand Painting,Medium,7.0,330,25,40,Medium,Standard,South India,1820
SIH-01020,Dhokra,Brass,Lost Wax Casting,Medium,19.0,1600,145,250,High,Moderate,Central India,8420
SIH-01021,Blue Pottery,Ceramic,Glazing,Small,1.8,240,20,25,Low,Light,West India,740
SIH-01022,Phulkari,Cotton,Hand Embroidery,Standard,36.6,350,110,180,Medium,Light,North India,9960
SIH-01023,Sikki Craft,Sikki Grass,Hand Weaving,Large,6.6,240,25,25,High,Standard,East India,1220
SIH-01024,Phulkari,Cotton,Hand Embroidery,Standard,25.7,340,95,115,Medium,Light,North India,5470
SIH-01025,Channapatna,Wood,Lac Turning,Small,2.4,160,15,20,Low,Standard,South India,710
SIH-01026,Blue Pottery,Ceramic,Glazing,Small,2.4,170,30,35,Low,Standard,West India,760
SIH-01027,Terracotta,Clay,Hand Moulding,Medium,4.3,200,25,30,Low,Moderate,East India,940
SIH-01028,Kashmir Walnut Wood Carving,Walnut Wood,Wood Carving,Small,23.1,590,175,190,Low,Light,North India,8120
SIH-01029,Blue Pottery,Ceramic,Glazing,Medium,4.0,350,50,45,Low,Light,West India,1560
SIH-01030,Blue Pottery,Ceramic,Glazing,Small,3.7,190,30,35,Low,High,West India,1060
SIH-01031,Pipili Applique,Cotton,Applique,Large,18.8,360,65,85,High,High,East India,3380
SIH-01032,Thanjavur Painting,Wood,Gold Leaf Work,Small,23.1,2070,180,435,Medium,High,South India,14530
SIH-01033,Moradabad Metal Craft,Brass,Metal Engraving,Small,4.8,400,30,60,Low,Standard,North India,2010
SIH-01034,Kutch Embroidery,Cotton,Hand Embroidery,Small,19.7,350,90,135,Medium,High,West India,5550
SIH-01035,Dhokra,Brass,Lost Wax Casting,Small,6.5,1430,100,115,Low,Standard,Central India,3870
SIH-01036,Banarasi,Silk,Handloom Weaving,Standard,143.6,5140,630,1010,High,Light,North India,53030
SIH-01037,Thanjavur Painting,Wood,Gold Leaf Work,Large,58.2,3700,655,950,High,Standard,South India,29330
SIH-01038,Kutch Embroidery,Cotton,Hand Embroidery,Small,15.0,280,40,115,Medium,High,West India,4220
SIH-01039,Thanjavur Painting,Wood,Gold Leaf Work,Medium,71.1,3470,405,935,High,Light,South India,29970
SIH-01040,Sikki Craft,Sikki Grass,Hand Weaving,Large,3.3,190,25,30,Medium,Standard,East India,1000
SIH-01041,Banarasi,Silk,Handloom Weaving,Standard,50.1,4870,280,320,High,Moderate,North India,22990
SIH-01042,Blue Pottery,Ceramic,Glazing,Large,2.8,510,30,40,Medium,Light,West India,1320
SIH-01043,Blue Pottery,Ceramic,Glazing,Small,3.3,140,20,30,Low,Light,West India,920
SIH-01044,Moradabad Metal Craft,Brass,Metal Engraving,Medium,6.5,1140,130,150,Medium,Standard,North India,3740
SIH-01045,Blue Pottery,Ceramic,Glazing,Large,5.0,520,55,40,Medium,Light,West India,1580
SIH-01046,Kutch Embroidery,Cotton,Hand Embroidery,Medium,25.7,420,75,145,Medium,Standard,West India,7280
SIH-01047,Blue Pottery,Ceramic,Glazing,Medium,3.3,330,40,35,Low,Standard,West India,1080
SIH-01048,Thanjavur Painting,Wood,Gold Leaf Work,Medium,37.6,1830,355,395,High,Light,South India,20350
SIH-01049,Moradabad Metal Craft,Brass,Metal Engraving,Large,23.1,1470,200,180,High,Light,North India,6920
SIH-01050,Channapatna,Wood,Lac Turning,Large,8.3,370,45,40,Medium,Moderate,South India,1930
SIH-01051,Kalamkari,Cotton,Block Printing,Medium,13.5,320,60,45,Low,Standard,South India,3150
SIH-01052,Moradabad Metal Craft,Brass,Metal Engraving,Small,5.2,850,90,60,Low,Standard,North India,2360
SIH-01053,Phulkari,Cotton,Hand Embroidery,Standard,50.0,870,155,310,High,High,North India,13100
SIH-01054,Banarasi,Silk,Handloom Weaving,Standard,49.7,6040,255,280,Medium,Light,North India,19710
SIH-01055,Moradabad Metal Craft,Brass,Metal Engraving,Medium,11.1,1070,100,230,Medium,Standard,North India,4640
SIH-01056,Kashmir Walnut Wood Carving,Walnut Wood,Wood Carving,Large,25.1,2010,335,365,High,Moderate,North India,11310
SIH-01057,Kondapalli Toys,Soft Wood,Hand Painting,Small,3.5,160,20,20,Low,Moderate,South India,760
SIH-01058,Banarasi,Silk,Handloom Weaving,Standard,111.5,4380,285,665,High,Standard,North India,34960
SIH-01059,Moradabad Metal Craft,Brass,Metal Engraving,Large,38.8,1540,405,445,High,Moderate,North India,14020
SIH-01060,Kutch Embroidery,Cotton,Hand Embroidery,Small,17.0,220,40,105,Low,Standard,West India,3740
SIH-01061,Channapatna,Wood,Lac Turning,Large,8.4,250,55,60,Medium,Standard,South India,1770
SIH-01062,Thanjavur Painting,Wood,Gold Leaf Work,Medium,58.0,2400,500,660,High,Moderate,South India,24240
SIH-01063,Kondapalli Toys,Soft Wood,Hand Painting,Large,4.0,360,30,35,High,Light,South India,1110
SIH-01064,Kashmir Walnut Wood Carving,Walnut Wood,Wood Carving,Small,13.9,900,100,90,Low,Standard,North India,4810
SIH-01065,Dhokra,Brass,Lost Wax Casting,Large,24.0,2620,195,255,High,Standard,Central India,11540
SIH-01066,Kondapalli Toys,Soft Wood,Hand Painting,Small,3.3,260,15,20,Low,Light,South India,1030
SIH-01067,Terracotta,Clay,Hand Moulding,Medium,5.4,160,20,45,Low,Light,East India,1030
SIH-01068,Terracotta,Clay,Hand Moulding,Small,1.4,110,15,20,Low,Standard,East India,350
SIH-01069,Banarasi,Silk,Handloom Weaving,Standard,94.3,5870,365,735,High,Standard,North India,38680
SIH-01070,Blue Pottery,Ceramic,Glazing,Small,1.5,280,15,35,Low,Light,West India,780
SIH-01071,Banarasi,Silk,Handloom Weaving,Standard,94.0,5220,485,665,High,Moderate,North India,34530
SIH-01072,Madhubani,Paper,Hand Painting,Small,10.8,150,35,30,Low,Standard,East India,2010
SIH-01073,Banarasi,Silk,Handloom Weaving,Standard,108.7,3440,290,605,High,Standard,North India,39480
SIH-01074,Kondapalli Toys,Soft Wood,Hand Painting,Large,6.7,360,30,25,Medium,Standard,South India,1450
SIH-01075,Sandalwood Carving,Sandalwood,Wood Carving,Large,22.2,2640,260,180,High,Moderate,South India,10950
SIH-01076,Bastar Dhokra,Bell Metal,Lost Wax Casting,Medium,25.6,1360,205,390,Medium,Light,Central India,8830
SIH-01077,Pashmina,Pashmina Wool,Hand Embroidery,Standard,43.7,5990,215,285,Medium,Standard,North India,21870
SIH-01078,Kondapalli Toys,Soft Wood,Hand Painting,Large,8.1,580,40,50,High,Standard,South India,2090
SIH-01079,Phulkari,Cotton,Hand Embroidery,Standard,27.0,690,120,135,High,Light,North India,5560
SIH-01080,Bastar Dhokra,Bell Metal,Lost Wax Casting,Medium,13.4,2110,190,280,Medium,Moderate,Central India,6030
SIH-01081,Phulkari,Cotton,Hand Embroidery,Standard,27.8,860,145,250,Medium,Light,North India,9320
SIH-01082,Blue Pottery,Ceramic,Glazing,Large,7.4,400,65,60,Medium,Light,West India,2180
SIH-01083,Dhokra,Brass,Lost Wax Casting,Small,17.1,1180,195,245,Medium,High,Central India,6890
SIH-01084,Channapatna,Wood,Lac Turning,Large,4.7,250,40,30,Medium,Standard,South India,1260
SIH-01085,Pipili Applique,Cotton,Applique,Medium,15.4,220,45,85,Medium,Moderate,East India,3610
SIH-01086,Kondapalli Toys,Soft Wood,Hand Painting,Medium,4.0,270,25,35,Medium,Light,South India,990
SIH-01087,Pipili Applique,Cotton,Applique,Medium,16.4,520,55,50,Medium,Moderate,East India,3530
SIH-01088,Moradabad Metal Craft,Brass,Metal Engraving,Small,6.2,1000,80,65,Medium,High,North India,2760
SIH-01089,Madhubani,Paper,Hand Painting,Small,6.4,120,15,20,Low,Standard,East India,1120
SIH-01090,Thanjavur Painting,Wood,Gold Leaf Work,Medium,51.2,2470,360,535,High,Moderate,South India,28240
SIH-01091,Terracotta,Clay,Hand Moulding,Medium,6.0,140,35,40,Low,Light,East India,1150
SIH-01092,Pashmina,Pashmina Wool,Hand Embroidery,Standard,50.6,5820,250,375,Medium,Standard,North India,20850
SIH-01093,Kalamkari,Cotton,Block Printing,Large,12.4,750,40,100,Medium,Light,South India,3450
SIH-01094,Blue Pottery,Ceramic,Glazing,Medium,4.2,260,35,40,Low,Moderate,West India,1030
SIH-01095,Banarasi,Silk,Handloom Weaving,Standard,55.3,2830,195,260,Medium,Standard,North India,18510
SIH-01096,Dhokra,Brass,Lost Wax Casting,Large,21.8,3250,230,315,High,Light,Central India,10760
SIH-01097,Pashmina,Pashmina Wool,Hand Embroidery,Standard,73.5,6500,370,745,High,Moderate,North India,36250
SIH-01098,Blue Pottery,Ceramic,Glazing,Large,5.8,480,75,80,Medium,Moderate,West India,2090
SIH-01099,Blue Pottery,Ceramic,Glazing,Medium,3.4,280,30,55,Low,High,West India,1270
SIH-01100,Kashmir Walnut Wood Carving,Walnut Wood,Wood Carving,Small,13.6,870,120,80,Medium,Moderate,North India,4430
SIH-01101,Blue Pottery,Ceramic,Glazing,Small,1.1,210,20,20,Low,Standard,West India,530
SIH-01102,Pashmina,Pashmina Wool,Hand Embroidery,Standard,113.0,5310,590,465,Medium,Standard,North India,42290
SIH-01103,Kondapalli Toys,Soft Wood,Hand Painting,Large,8.8,390,40,50,Medium,Standard,South India,1900
SIH-01104,Moradabad Metal Craft,Brass,Metal Engraving,Small,8.8,640,65,75,Low,Light,North India,2940
SIH-01105,Banarasi,Silk,Handloom Weaving,Standard,103.8,4910,380,455,Medium,Standard,North India,44240
SIH-01106,Thanjavur Painting,Wood,Gold Leaf Work,Medium,43.2,2390,325,810,High,Light,South India,24680
SIH-01107,Sikki Craft,Sikki Grass,Hand Weaving,Small,2.5,110,20,20,Low,Moderate,East India,680
SIH-01108,Kashmir Walnut Wood Carving,Walnut Wood,Wood Carving,Small,21.9,1480,115,230,Medium,Light,North India,7600
SIH-01109,Terracotta,Clay,Hand Moulding,Medium,3.6,210,30,20,Low,Standard,East India,750
SIH-01110,Kalamkari,Cotton,Block Printing,Small,5.7,260,25,30,Low,Standard,South India,1370
SIH-01111,Blue Pottery,Ceramic,Glazing,Small,2.8,180,35,35,Low,Light,West India,940
SIH-01112,Pashmina,Pashmina Wool,Hand Embroidery,Standard,54.5,4120,155,265,Medium,Standard,North India,17740
SIH-01113,Terracotta,Clay,Hand Moulding,Small,2.5,120,15,20,Low,Standard,East India,520
SIH-01114,Terracotta,Clay,Hand Moulding,Large,4.9,260,30,60,Medium,Light,East India,1350
SIH-01115,Banarasi,Silk,Handloom Weaving,Standard,128.6,6790,595,800,Medium,Standard,North India,52750
SIH-01116,Kutch Embroidery,Cotton,Hand Embroidery,Medium,29.9,360,120,165,Medium,Standard,West India,6920
SIH-01117,Channapatna,Wood,Lac Turning,Medium,2.8,160,20,35,Low,Standard,South India,870
SIH-01118,Kalamkari,Cotton,Block Printing,Large,7.4,550,30,30,Medium,Standard,South India,2290
SIH-01119,Moradabad Metal Craft,Brass,Metal Engraving,Large,34.0,1830,385,455,High,Standard,North India,11170
SIH-01120,Kashmir Walnut Wood Carving,Walnut Wood,Wood Carving,Small,16.8,1070,140,125,Medium,Light,North India,6290
SIH-01121,Thanjavur Painting,Wood,Gold Leaf Work,Small,25.8,1310,190,340,Medium,Standard,South India,13390
SIH-01122,Blue Pottery,Ceramic,Glazing,Medium,3.0,270,30,35,Low,Light,West India,920
SIH-01123,Channapatna,Wood,Lac Turning,Small,2.9,120,15,20,Low,Light,South India,620
SIH-01124,Bastar Dhokra,Bell Metal,Lost Wax Casting,Medium,26.7,2140,380,420,High,Moderate,Central India,10960
SIH-01125,Sikki Craft,Sikki Grass,Hand Weaving,Large,5.6,230,25,45,Medium,Standard,East India,1290
SIH-01126,Kashmir Walnut Wood Carving,Walnut Wood,Wood Carving,Medium,27.8,1690,200,280,Medium,Light,North India,10160
SIH-01127,Phulkari,Cotton,Hand Embroidery,Standard,41.1,430,225,325,Medium,Light,North India,12190
SIH-01128,Phulkari,Cotton,Hand Embroidery,Standard,54.5,720,245,340,High,Moderate,North India,14560
SIH-01129,Blue Pottery,Ceramic,Glazing,Small,2.7,180,35,25,Low,Standard,West India,840
SIH-01130,Phulkari,Cotton,Hand Embroidery,Standard,59.3,830,160,315,High,Moderate,North India,13400
SIH-01131,Thanjavur Painting,Wood,Gold Leaf Work,Medium,43.9,2190,210,300,High,High,South India,18650
SIH-01132,Dhokra,Brass,Lost Wax Casting,Medium,10.8,1940,140,140,Medium,Light,Central India,5300
SIH-01133,Kutch Embroidery,Cotton,Hand Embroidery,Medium,27.3,400,100,180,Medium,Standard,West India,8440
SIH-01134,Bastar Dhokra,Bell Metal,Lost Wax Casting,Medium,27.4,1520,300,425,High,Moderate,Central India,10890
SIH-01135,Moradabad Metal Craft,Brass,Metal Engraving,Large,16.1,2230,230,325,High,Light,North India,8280
SIH-01136,Madhubani,Paper,Hand Painting,Small,18.3,160,60,65,Low,Standard,East India,3090
SIH-01137,Thanjavur Painting,Wood,Gold Leaf Work,Small,32.9,1640,335,440,Medium,Standard,South India,13150
SIH-01138,Kondapalli Toys,Soft Wood,Hand Painting,Medium,2.7,340,20,35,Low,Standard,South India,970
SIH-01139,Kalamkari,Cotton,Block Printing,Small,7.4,320,15,40,Low,Standard,South India,1770
SIH-01140,Banarasi,Silk,Handloom Weaving,Standard,43.1,4930,170,410,High,Light,North India,21020
SIH-01141,Bastar Dhokra,Bell Metal,Lost Wax Casting,Small,15.7,1680,170,190,Medium,Moderate,Central India,6660
SIH-01142,Dhokra,Brass,Lost Wax Casting,Small,12.9,930,165,105,Medium,Moderate,Central India,5180
SIH-01143,Sandalwood Carving,Sandalwood,Wood Carving,Large,44.2,2490,255,380,High,Light,South India,15350
SIH-01144,Blue Pottery,Ceramic,Glazing,Medium,4.0,240,30,25,Low,Light,West India,970
SIH-01145,Blue Pottery,Ceramic,Glazing,Medium,2.2,250,25,40,Low,High,West India,900
SIH-01146,Channapatna,Wood,Lac Turning,Small,1.9,100,15,20,Low,Moderate,South India,480
SIH-01147,Channapatna,Wood,Lac Turning,Large,6.9,180,60,70,Medium,Standard,South India,1820
SIH-01148,Madhubani,Paper,Hand Painting,Medium,23.0,260,130,140,Medium,Moderate,East India,6490
SIH-01149,Madhubani,Paper,Hand Painting,Small,10.6,80,40,45,Low,Moderate,East India,2880
SIH-01150,Blue Pottery,Ceramic,Glazing,Large,5.9,400,35,70,Medium,Moderate,West India,1490
SIH-01151,Bastar Dhokra,Bell Metal,Lost Wax Casting,Small,16.1,1230,210,220,Medium,Moderate,Central India,6740
SIH-01152,Pashmina,Pashmina Wool,Hand Embroidery,Standard,54.9,3400,370,500,Medium,Standard,North India,22140
SIH-01153,Sikki Craft,Sikki Grass,Hand Weaving,Small,5.5,110,15,25,Low,Light,East India,1180
SIH-01154,Banarasi,Silk,Handloom Weaving,Standard,60.6,5030,320,410,High,Standard,North India,19780
SIH-01155,Kalamkari,Cotton,Block Printing,Large,28.2,820,135,125,High,High,South India,6530
SIH-01156,Madhubani,Paper,Hand Painting,Large,53.6,210,115,150,High,Light,East India,8110
SIH-01157,Pashmina,Pashmina Wool,Hand Embroidery,Standard,108.8,5230,280,745,Medium,Standard,North India,39280
SIH-01158,Channapatna,Wood,Lac Turning,Small,2.8,150,20,20,Low,High,South India,820
SIH-01159,Sandalwood Carving,Sandalwood,Wood Carving,Medium,53.8,4130,560,785,Medium,Light,South India,26040
SIH-01160,Madhubani,Paper,Hand Painting,Medium,11.9,150,30,65,Medium,Light,East India,2520
SIH-01161,Terracotta,Clay,Hand Moulding,Small,2.9,90,15,30,Low,Standard,East India,530
SIH-01162,Sikki Craft,Sikki Grass,Hand Weaving,Small,2.8,50,15,20,Low,Light,East India,520
SIH-01163,Kashmir Walnut Wood Carving,Walnut Wood,Wood Carving,Large,34.3,2180,320,235,High,High,North India,12870
SIH-01164,Sandalwood Carving,Sandalwood,Wood Carving,Small,38.8,2050,230,220,Medium,Moderate,South India,12070
SIH-01165,Bastar Dhokra,Bell Metal,Lost Wax Casting,Large,13.3,2720,110,185,High,Light,Central India,7850
SIH-01166,Pashmina,Pashmina Wool,Hand Embroidery,Standard,114.5,5570,340,425,Medium,Standard,North India,42690
SIH-01167,Kutch Embroidery,Cotton,Hand Embroidery,Medium,37.2,390,170,130,High,Moderate,West India,8480
SIH-01168,Blue Pottery,Ceramic,Glazing,Large,5.1,460,60,70,Medium,Standard,West India,1510
SIH-01169,Thanjavur Painting,Wood,Gold Leaf Work,Large,48.3,5150,555,430,High,High,South India,26230
SIH-01170,Banarasi,Silk,Handloom Weaving,Standard,68.1,3830,315,260,High,High,North India,20670
SIH-01171,Bastar Dhokra,Bell Metal,Lost Wax Casting,Large,28.6,3240,285,560,High,Standard,Central India,13430
SIH-01172,Pipili Applique,Cotton,Applique,Small,5.4,180,25,35,Low,High,East India,1320
SIH-01173,Bastar Dhokra,Bell Metal,Lost Wax Casting,Small,9.8,1060,150,195,Low,Moderate,Central India,4220
SIH-01174,Pashmina,Pashmina Wool,Hand Embroidery,Standard,91.6,6870,480,465,Medium,Standard,North India,33690
SIH-01175,Pipili Applique,Cotton,Applique,Large,20.4,510,60,105,High,Moderate,East India,4530
SIH-01176,Blue Pottery,Ceramic,Glazing,Large,7.1,480,80,70,Medium,Standard,West India,2410
SIH-01177,Moradabad Metal Craft,Brass,Metal Engraving,Small,6.5,520,70,80,Low,Light,North India,2110
SIH-01178,Pashmina,Pashmina Wool,Hand Embroidery,Standard,110.8,4670,595,735,Medium,Standard,North India,36000
SIH-01179,Kutch Embroidery,Cotton,Hand Embroidery,Medium,22.6,490,95,155,High,Light,West India,7300
SIH-01180,Madhubani,Paper,Hand Painting,Small,12.1,120,35,90,Low,Light,East India,3190
SIH-01181,Sikki Craft,Sikki Grass,Hand Weaving,Small,3.3,110,20,30,Low,Light,East India,800
SIH-01182,Pipili Applique,Cotton,Applique,Small,5.0,290,20,20,Low,Standard,East India,1040
SIH-01183,Blue Pottery,Ceramic,Glazing,Large,7.5,430,55,110,Medium,Standard,West India,1990
SIH-01184,Dhokra,Brass,Lost Wax Casting,Small,15.8,590,110,160,Low,Light,Central India,5420
SIH-01185,Kondapalli Toys,Soft Wood,Hand Painting,Medium,4.1,330,40,30,Medium,Moderate,South India,1470
SIH-01186,Moradabad Metal Craft,Brass,Metal Engraving,Small,7.1,530,95,130,Low,Standard,North India,2990
SIH-01187,Pashmina,Pashmina Wool,Hand Embroidery,Standard,68.2,4290,275,280,High,High,North India,27590
SIH-01188,Pashmina,Pashmina Wool,Hand Embroidery,Standard,60.1,3730,310,230,Medium,Light,North India,23420
SIH-01189,Bastar Dhokra,Bell Metal,Lost Wax Casting,Large,23.6,2150,360,375,High,Light,Central India,11150
SIH-01190,Sikki Craft,Sikki Grass,Hand Weaving,Large,9.2,310,60,65,High,Standard,East India,2270
SIH-01191,Thanjavur Painting,Wood,Gold Leaf Work,Large,42.3,4000,405,510,High,Light,South India,25540
SIH-01192,Pipili Applique,Cotton,Applique,Small,5.2,180,15,30,Low,Moderate,East India,1200
SIH-01193,Pipili Applique,Cotton,Applique,Medium,17.5,340,65,55,Medium,Light,East India,2880
SIH-01194,Sikki Craft,Sikki Grass,Hand Weaving,Large,14.1,220,80,75,High,Light,East India,3050
SIH-01195,Dhokra,Brass,Lost Wax Casting,Small,14.8,1310,175,190,Medium,Light,Central India,6410
SIH-01196,Blue Pottery,Ceramic,Glazing,Large,4.5,340,30,70,Medium,Standard,West India,1280
SIH-01197,Banarasi,Silk,Handloom Weaving,Standard,119.2,5710,355,940,Medium,Standard,North India,39150
SIH-01198,Blue Pottery,Ceramic,Glazing,Small,2.3,250,25,20,Low,Light,West India,690
SIH-01199,Dhokra,Brass,Lost Wax Casting,Large,32.1,2190,195,240,High,Standard,Central India,9260
SIH-01200,Blue Pottery,Ceramic,Glazing,Small,2.2,150,15,40,Low,Standard,West India,710
SIH-01201,Madhubani,Paper,Hand Painting,Small,19.5,160,65,80,Low,High,East India,4850
SIH-01202,Banarasi,Silk,Handloom Weaving,Standard,129.5,4150,550,805,High,Light,North India,38400
SIH-01203,Banarasi,Silk,Handloom Weaving,Standard,99.3,4770,600,780,High,Standard,North India,35550
SIH-01204,Blue Pottery,Ceramic,Glazing,Medium,3.1,370,25,30,Low,Moderate,West India,1070
SIH-01205,Moradabad Metal Craft,Brass,Metal Engraving,Small,11.7,1130,75,130,Low,Light,North India,5120
SIH-01206,Sandalwood Carving,Sandalwood,Wood Carving,Small,32.2,2460,260,365,Low,Standard,South India,11900
SIH-01207,Phulkari,Cotton,Hand Embroidery,Standard,36.3,610,130,165,High,Light,North India,10220
SIH-01208,Terracotta,Clay,Hand Moulding,Medium,3.3,230,20,50,Low,Standard,East India,920
SIH-01209,Blue Pottery,Ceramic,Glazing,Small,1.8,160,20,35,Low,Standard,West India,630
SIH-01210,Pipili Applique,Cotton,Applique,Medium,13.2,380,30,45,Low,Light,East India,2540
SIH-01211,Sandalwood Carving,Sandalwood,Wood Carving,Small,13.3,2760,95,210,Medium,Moderate,South India,7940
SIH-01212,Pipili Applique,Cotton,Applique,Medium,10.9,310,50,70,Low,Standard,East India,2170
SIH-01213,Channapatna,Wood,Lac Turning,Large,3.7,250,25,30,Medium,Standard,South India,990
SIH-01214,Moradabad Metal Craft,Brass,Metal Engraving,Small,6.3,840,95,150,Low,Light,North India,3080
SIH-01215,Thanjavur Painting,Wood,Gold Leaf Work,Large,52.8,3280,500,605,High,Light,South India,25820
SIH-01216,Madhubani,Paper,Hand Painting,Large,53.3,450,145,355,High,High,East India,13430
SIH-01217,Moradabad Metal Craft,Brass,Metal Engraving,Small,5.8,940,70,70,Low,Light,North India,2780
SIH-01218,Blue Pottery,Ceramic,Glazing,Large,4.4,330,45,80,Medium,Moderate,West India,1530
SIH-01219,Madhubani,Paper,Hand Painting,Medium,10.3,280,40,35,Low,Standard,East India,2560
SIH-01220,Moradabad Metal Craft,Brass,Metal Engraving,Medium,12.0,970,150,210,Medium,Moderate,North India,4920
SIH-01221,Sikki Craft,Sikki Grass,Hand Weaving,Small,6.0,100,25,45,Low,Light,East India,1220
SIH-01222,Dhokra,Brass,Lost Wax Casting,Large,28.7,2180,245,425,High,High,Central India,10080
SIH-01223,Blue Pottery,Ceramic,Glazing,Large,3.7,350,40,40,Medium,Light,West India,1210
SIH-01224,Sikki Craft,Sikki Grass,Hand Weaving,Large,13.3,190,90,105,High,Standard,East India,2990
SIH-01225,Sikki Craft,Sikki Grass,Hand Weaving,Medium,7.2,70,30,35,Medium,Moderate,East India,1580
SIH-01226,Kalamkari,Cotton,Block Printing,Large,16.0,750,35,105,Medium,Standard,South India,3740
SIH-01227,Dhokra,Brass,Lost Wax Casting,Medium,26.6,1880,275,220,High,Moderate,Central India,10660
SIH-01228,Terracotta,Clay,Hand Moulding,Medium,3.5,180,35,50,Low,Standard,East India,890
SIH-01229,Kalamkari,Cotton,Block Printing,Medium,13.1,250,60,90,Low,Standard,South India,3740
SIH-01230,Kalamkari,Cotton,Block Printing,Large,23.3,1020,100,165,Medium,Moderate,South India,6430
SIH-01231,Thanjavur Painting,Wood,Gold Leaf Work,Small,27.8,1690,395,245,Medium,Moderate,South India,16500
SIH-01232,Kalamkari,Cotton,Block Printing,Medium,7.4,610,25,40,Medium,Moderate,South India,2310
SIH-01233,Blue Pottery,Ceramic,Glazing,Medium,2.4,310,35,55,Low,Light,West India,990
SIH-01234,Sikki Craft,Sikki Grass,Hand Weaving,Large,14.8,200,65,50,High,Light,East India,2250
SIH-01235,Thanjavur Painting,Wood,Gold Leaf Work,Large,42.9,2730,335,695,High,Moderate,South India,22490
SIH-01236,Kalamkari,Cotton,Block Printing,Large,3.9,760,25,25,Medium,Light,South India,1710
SIH-01237,Blue Pottery,Ceramic,Glazing,Medium,1.1,260,15,25,Low,Standard,West India,610
SIH-01238,Madhubani,Paper,Hand Painting,Small,12.1,150,45,60,Low,Light,East India,3410
SIH-01239,Sandalwood Carving,Sandalwood,Wood Carving,Large,99.4,4350,540,1030,High,Moderate,South India,29290
SIH-01240,Blue Pottery,Ceramic,Glazing,Medium,2.3,260,30,30,Low,Standard,West India,710
SIH-01241,Sandalwood Carving,Sandalwood,Wood Carving,Large,35.1,3630,290,420,High,Standard,South India,14580
SIH-01242,Sikki Craft,Sikki Grass,Hand Weaving,Large,11.5,180,25,40,High,Standard,East India,1720
SIH-01243,Madhubani,Paper,Hand Painting,Small,20.5,150,65,75,Low,Moderate,East India,3840
SIH-01244,Banarasi,Silk,Handloom Weaving,Standard,89.6,4120,445,365,High,Standard,North India,34090
SIH-01245,Blue Pottery,Ceramic,Glazing,Medium,4.0,170,15,40,Low,Standard,West India,950
SIH-01246,Phulkari,Cotton,Hand Embroidery,Standard,32.4,410,105,80,High,Moderate,North India,5990
SIH-01247,Blue Pottery,Ceramic,Glazing,Small,1.4,160,15,25,Low,Standard,West India,530
SIH-01248,Kondapalli Toys,Soft Wood,Hand Painting,Large,10.3,380,40,80,Medium,Light,South India,2490
SIH-01249,Kondapalli Toys,Soft Wood,Hand Painting,Small,2.4,180,20,20,Low,High,South India,860
SIH-01250,Banarasi,Silk,Handloom Weaving,Standard,121.6,3960,625,800,Medium,Standard,North India,38450
SIH-01251,Blue Pottery,Ceramic,Glazing,Large,3.9,410,45,35,Medium,Light,West India,1400
SIH-01252,Sikki Craft,Sikki Grass,Hand Weaving,Small,2.3,120,15,20,Low,High,East India,550
SIH-01253,Sandalwood Carving,Sandalwood,Wood Carving,Medium,38.7,2490,355,335,High,Light,South India,15520
SIH-01254,Thanjavur Painting,Wood,Gold Leaf Work,Small,27.5,1990,320,485,Low,Standard,South India,17390
SIH-01255,Pipili Applique,Cotton,Applique,Small,3.2,290,15,25,Low,Standard,East India,1080
SIH-01256,Madhubani,Paper,Hand Painting,Small,22.2,110,80,65,Low,Standard,East India,4250
SIH-01257,Sikki Craft,Sikki Grass,Hand Weaving,Large,13.5,200,65,55,Medium,Standard,East India,2750
SIH-01258,Phulkari,Cotton,Hand Embroidery,Standard,43.0,560,185,160,Medium,Standard,North India,8640
SIH-01259,Sandalwood Carving,Sandalwood,Wood Carving,Large,50.8,4760,395,535,High,Standard,South India,19500
SIH-01260,Blue Pottery,Ceramic,Glazing,Small,2.8,250,20,50,Low,Standard,West India,900
SIH-01261,Sandalwood Carving,Sandalwood,Wood Carving,Small,20.7,800,155,265,Low,Light,South India,8430
SIH-01262,Pashmina,Pashmina Wool,Hand Embroidery,Standard,102.7,4740,360,700,High,Moderate,North India,35410
SIH-01263,Kondapalli Toys,Soft Wood,Hand Painting,Medium,9.2,300,30,55,Medium,High,South India,2280
SIH-01264,Phulkari,Cotton,Hand Embroidery,Standard,28.7,770,140,190,High,High,North India,9360
SIH-01265,Sikki Craft,Sikki Grass,Hand Weaving,Medium,5.6,130,25,20,Medium,Light,East India,1010
SIH-01266,Sandalwood Carving,Sandalwood,Wood Carving,Small,19.5,2020,165,165,Medium,Moderate,South India,7580
SIH-01267,Sikki Craft,Sikki Grass,Hand Weaving,Small,2.1,100,15,20,Low,Light,East India,440
SIH-01268,Phulkari,Cotton,Hand Embroidery,Standard,14.2,460,40,70,Medium,Standard,North India,3920
SIH-01269,Kondapalli Toys,Soft Wood,Hand Painting,Small,3.4,250,30,35,Low,Light,South India,1160
SIH-01270,Thanjavur Painting,Wood,Gold Leaf Work,Medium,50.8,3920,555,490,High,Light,South India,28200
SIH-01271,Thanjavur Painting,Wood,Gold Leaf Work,Large,42.3,4560,290,495,High,Light,South India,21780
SIH-01272,Kondapalli Toys,Soft Wood,Hand Painting,Small,2.8,150,15,20,Low,Standard,South India,910
SIH-01273,Blue Pottery,Ceramic,Glazing,Medium,6.6,330,55,55,Medium,High,West India,1650
SIH-01274,Dhokra,Brass,Lost Wax Casting,Large,25.1,2300,290,420,High,Moderate,Central India,10240
SIH-01275,Blue Pottery,Ceramic,Glazing,Small,1.7,200,25,30,Low,Standard,West India,640
SIH-01276,Sikki Craft,Sikki Grass,Hand Weaving,Medium,1.9,140,15,20,Low,Standard,East India,650
SIH-01277,Kondapalli Toys,Soft Wood,Hand Painting,Small,2.3,150,15,20,Low,Light,South India,690
SIH-01278,Phulkari,Cotton,Hand Embroidery,Standard,51.6,540,120,185,High,Moderate,North India,12940
SIH-01279,Kondapalli Toys,Soft Wood,Hand Painting,Large,4.7,510,35,40,Medium,Standard,South India,1500
SIH-01280,Pashmina,Pashmina Wool,Hand Embroidery,Standard,118.1,5570,625,430,High,High,North India,37730
SIH-01281,Blue Pottery,Ceramic,Glazing,Medium,1.4,330,15,20,Low,Moderate,West India,780
SIH-01282,Kutch Embroidery,Cotton,Hand Embroidery,Medium,21.6,360,50,125,High,Moderate,West India,5640
SIH-01283,Kashmir Walnut Wood Carving,Walnut Wood,Wood Carving,Small,14.7,1050,140,155,Medium,Moderate,North India,5630
SIH-01284,Thanjavur Painting,Wood,Gold Leaf Work,Small,20.7,1830,130,315,Medium,Moderate,South India,11470
SIH-01285,Thanjavur Painting,Wood,Gold Leaf Work,Large,36.3,3450,265,495,High,Moderate,South India,20600
SIH-01286,Pipili Applique,Cotton,Applique,Medium,16.4,380,65,65,Medium,Light,East India,3360
SIH-01287,Pashmina,Pashmina Wool,Hand Embroidery,Standard,92.9,3760,380,575,Medium,Standard,North India,34860
SIH-01288,Pashmina,Pashmina Wool,Hand Embroidery,Standard,83.6,5780,375,760,High,Light,North India,34870
SIH-01289,Phulkari,Cotton,Hand Embroidery,Standard,50.5,740,250,305,High,High,North India,13920
SIH-01290,Terracotta,Clay,Hand Moulding,Medium,4.0,200,35,45,Low,Standard,East India,930
SIH-01291,Pipili Applique,Cotton,Applique,Large,26.8,380,80,105,High,High,East India,6490
SIH-01292,Phulkari,Cotton,Hand Embroidery,Standard,21.4,530,110,130,Medium,Light,North India,5350
SIH-01293,Kutch Embroidery,Cotton,Hand Embroidery,Small,15.0,390,95,60,Medium,High,West India,4560
SIH-01294,Dhokra,Brass,Lost Wax Casting,Medium,15.2,1970,115,135,High,High,Central India,6090
SIH-01295,Sandalwood Carving,Sandalwood,Wood Carving,Small,18.7,2280,205,185,Medium,Light,South India,9420
SIH-01296,Terracotta,Clay,Hand Moulding,Small,2.5,120,15,25,Low,Light,East India,630
SIH-01297,Kutch Embroidery,Cotton,Hand Embroidery,Medium,15.0,530,70,80,High,Moderate,West India,4300
SIH-01298,Blue Pottery,Ceramic,Glazing,Medium,3.1,360,25,40,Low,Standard,West India,1090
SIH-01299,Phulkari,Cotton,Hand Embroidery,Standard,29.0,630,145,175,Medium,Standard,North India,6890
SIH-01300,Pipili Applique,Cotton,Applique,Large,11.8,670,45,45,Medium,Light,East India,2820
SIH-01301,Blue Pottery,Ceramic,Glazing,Large,3.9,390,30,55,Medium,Light,West India,1270
SIH-01302,Phulkari,Cotton,Hand Embroidery,Standard,30.3,370,85,120,Medium,Standard,North India,7760
SIH-01303,Blue Pottery,Ceramic,Glazing,Medium,2.3,190,30,35,Low,Moderate,West India,870
SIH-01304,Kondapalli Toys,Soft Wood,Hand Painting,Medium,5.3,150,20,30,Low,Light,South India,920
SIH-01305,Kondapalli Toys,Soft Wood,Hand Painting,Medium,1.7,230,20,30,Medium,Moderate,South India,750
SIH-01306,Banarasi,Silk,Handloom Weaving,Standard,95.0,3030,420,550,Medium,Standard,North India,27440
SIH-01307,Pipili Applique,Cotton,Applique,Large,19.4,420,90,75,Medium,Light,East India,4070
SIH-01308,Blue Pottery,Ceramic,Glazing,Small,2.9,150,25,45,Low,Standard,West India,840
SIH-01309,Banarasi,Silk,Handloom Weaving,Standard,85.8,5970,435,615,High,Light,North India,27450
SIH-01310,Moradabad Metal Craft,Brass,Metal Engraving,Large,13.7,2250,135,255,High,Standard,North India,5810
SIH-01311,Bastar Dhokra,Bell Metal,Lost Wax Casting,Large,18.9,2180,245,310,High,Standard,Central India,8300
SIH-01312,Phulkari,Cotton,Hand Embroidery,Standard,26.4,790,135,150,High,High,North India,8380
SIH-01313,Sikki Craft,Sikki Grass,Hand Weaving,Large,2.6,150,15,20,Medium,Standard,East India,650
SIH-01314,Sandalwood Carving,Sandalwood,Wood Carving,Medium,26.3,2310,160,385,Medium,Standard,South India,10790
SIH-01315,Pashmina,Pashmina Wool,Hand Embroidery,Standard,135.3,3920,530,645,Medium,Light,North India,36440
SIH-01316,Kutch Embroidery,Cotton,Hand Embroidery,Large,31.4,780,160,205,High,High,West India,8730
SIH-01317,Pashmina,Pashmina Wool,Hand Embroidery,Standard,79.6,5020,405,610,Medium,Standard,North India,30950
SIH-01318,Phulkari,Cotton,Hand Embroidery,Standard,43.0,1030,140,185,High,Moderate,North India,9230
SIH-01319,Kalamkari,Cotton,Block Printing,Small,5.3,460,20,45,Low,Standard,South India,1500
SIH-01320,Blue Pottery,Ceramic,Glazing,Medium,2.4,200,20,35,Low,Standard,West India,650
SIH-01321,Sandalwood Carving,Sandalwood,Wood Carving,Large,46.9,4770,350,290,High,High,South India,20720
SIH-01322,Phulkari,Cotton,Hand Embroidery,Standard,26.7,540,120,125,Medium,Standard,North India,5570
SIH-01323,Kashmir Walnut Wood Carving,Walnut Wood,Wood Carving,Large,24.3,1120,220,235,High,Light,North India,8110
SIH-01324,Blue Pottery,Ceramic,Glazing,Large,6.5,210,60,90,Medium,Standard,West India,1530
SIH-01325,Sikki Craft,Sikki Grass,Hand Weaving,Medium,3.3,180,15,30,Medium,Standard,East India,960
SIH-01326,Phulkari,Cotton,Hand Embroidery,Standard,43.1,460,180,250,High,High,North India,10130
SIH-01327,Pipili Applique,Cotton,Applique,Large,26.4,560,110,165,High,Moderate,East India,5820
SIH-01328,Madhubani,Paper,Hand Painting,Large,49.1,300,75,180,High,High,East India,8630
SIH-01329,Phulkari,Cotton,Hand Embroidery,Standard,41.6,770,155,155,Medium,Light,North India,8110
SIH-01330,Madhubani,Paper,Hand Painting,Medium,26.0,210,60,80,Medium,Moderate,East India,4930
SIH-01331,Sandalwood Carving,Sandalwood,Wood Carving,Large,60.8,4040,720,580,High,Light,South India,26740
SIH-01332,Blue Pottery,Ceramic,Glazing,Small,2.2,220,30,25,Low,Standard,West India,730
SIH-01333,Banarasi,Silk,Handloom Weaving,Standard,128.5,5090,470,465,Medium,Standard,North India,41850
SIH-01334,Kutch Embroidery,Cotton,Hand Embroidery,Medium,26.0,530,70,200,High,Moderate,West India,8220
SIH-01335,Kutch Embroidery,Cotton,Hand Embroidery,Medium,13.8,450,40,85,Medium,Standard,West India,4170
SIH-01336,Sandalwood Carving,Sandalwood,Wood Carving,Large,56.5,2130,265,540,High,Light,South India,18470
SIH-01337,Dhokra,Brass,Lost Wax Casting,Large,26.5,1800,185,220,High,Light,Central India,8850
SIH-01338,Kalamkari,Cotton,Block Printing,Large,12.5,960,60,85,Medium,Light,South India,3610
SIH-01339,Kalamkari,Cotton,Block Printing,Medium,7.1,560,30,55,Low,Light,South India,1980
SIH-01340,Moradabad Metal Craft,Brass,Metal Engraving,Medium,8.2,960,45,125,Medium,Light,North India,3050
SIH-01341,Blue Pottery,Ceramic,Glazing,Small,3.5,170,35,30,Low,Moderate,West India,990
SIH-01342,Pipili Applique,Cotton,Applique,Medium,8.8,290,40,45,Low,Standard,East India,2120
SIH-01343,Dhokra,Brass,Lost Wax Casting,Medium,19.6,1140,135,265,Medium,Standard,Central India,7460
SIH-01344,Terracotta,Clay,Hand Moulding,Large,10.4,270,60,75,Medium,Standard,East India,1960
SIH-01345,Dhokra,Brass,Lost Wax Casting,Small,8.9,790,120,90,Low,Standard,Central India,4240
SIH-01346,Blue Pottery,Ceramic,Glazing,Small,3.7,220,30,35,Low,Standard,West India,870
SIH-01347,Sikki Craft,Sikki Grass,Hand Weaving,Large,16.0,190,60,95,High,Standard,East India,2400
SIH-01348,Pipili Applique,Cotton,Applique,Large,12.6,450,55,70,High,Standard,East India,2700
SIH-01349,Kalamkari,Cotton,Block Printing,Small,6.3,360,20,40,Low,Standard,South India,2080
SIH-01350,Sandalwood Carving,Sandalwood,Wood Carving,Medium,24.4,1960,145,380,Medium,Light,South India,11190
SIH-01351,Kalamkari,Cotton,Block Printing,Small,6.4,420,15,35,Low,Standard,South India,1610
SIH-01352,Kalamkari,Cotton,Block Printing,Small,3.3,420,25,20,Low,Moderate,South India,1300
SIH-01353,Terracotta,Clay,Hand Moulding,Large,9.5,190,65,100,Medium,Moderate,East India,1800
SIH-01354,Pipili Applique,Cotton,Applique,Large,23.2,460,80,80,High,Moderate,East India,5800
SIH-01355,Pashmina,Pashmina Wool,Hand Embroidery,Standard,55.5,4810,320,360,Medium,Standard,North India,19150
SIH-01356,Phulkari,Cotton,Hand Embroidery,Standard,30.0,410,110,110,Medium,Standard,North India,5400
SIH-01357,Bastar Dhokra,Bell Metal,Lost Wax Casting,Small,9.4,1260,125,170,Medium,Moderate,Central India,4140
SIH-01358,Blue Pottery,Ceramic,Glazing,Small,3.2,110,30,25,Low,Standard,West India,690
SIH-01359,Banarasi,Silk,Handloom Weaving,Standard,101.1,5140,525,820,Medium,Standard,North India,39050
SIH-01360,Phulkari,Cotton,Hand Embroidery,Standard,46.4,610,105,265,High,Light,North India,9580
SIH-01361,Banarasi,Silk,Handloom Weaving,Standard,45.7,3340,260,385,Medium,Standard,North India,17810
SIH-01362,Dhokra,Brass,Lost Wax Casting,Medium,26.6,1650,175,385,Medium,Standard,Central India,8200
SIH-01363,Blue Pottery,Ceramic,Glazing,Large,4.2,210,20,50,Medium,Standard,West India,1010
SIH-01364,Thanjavur Painting,Wood,Gold Leaf Work,Small,19.1,1540,180,145,Medium,Moderate,South India,9770
SIH-01365,Dhokra,Brass,Lost Wax Casting,Small,14.3,1090,120,185,Medium,High,Central India,5960
SIH-01366,Kashmir Walnut Wood Carving,Walnut Wood,Wood Carving,Medium,51.8,800,265,445,Medium,Moderate,North India,16860
SIH-01367,Dhokra,Brass,Lost Wax Casting,Large,25.8,2150,245,350,High,Standard,Central India,8900
SIH-01368,Pipili Applique,Cotton,Applique,Small,3.9,180,15,25,Low,Standard,East India,850
SIH-01369,Kashmir Walnut Wood Carving,Walnut Wood,Wood Carving,Large,48.8,2280,365,340,High,Moderate,North India,19720
SIH-01370,Phulkari,Cotton,Hand Embroidery,Standard,51.0,570,215,190,High,Moderate,North India,12020
SIH-01371,Kondapalli Toys,Soft Wood,Hand Painting,Medium,3.4,120,25,20,Low,Standard,South India,880
SIH-01372,Pipili Applique,Cotton,Applique,Medium,8.3,310,35,55,Low,Standard,East India,2140
SIH-01373,Kondapalli Toys,Soft Wood,Hand Painting,Large,5.1,430,25,70,High,Moderate,South India,1660
SIH-01374,Terracotta,Clay,Hand Moulding,Medium,1.8,160,25,20,Low,Light,East India,590
SIH-01375,Kutch Embroidery,Cotton,Hand Embroidery,Small,19.0,170,55,80,Medium,Light,West India,4130
SIH-01376,Banarasi,Silk,Handloom Weaving,Standard,79.7,4250,370,505,Medium,Standard,North India,27640
SIH-01377,Channapatna,Wood,Lac Turning,Large,6.0,280,35,30,Medium,Standard,South India,1330
SIH-01378,Dhokra,Brass,Lost Wax Casting,Medium,20.8,1330,170,290,Medium,Light,Central India,6820
SIH-01379,Banarasi,Silk,Handloom Weaving,Standard,94.1,3220,310,455,Medium,Standard,North India,29530
SIH-01380,Bastar Dhokra,Bell Metal,Lost Wax Casting,Small,25.9,1630,130,185,Medium,High,Central India,9490
SIH-01381,Thanjavur Painting,Wood,Gold Leaf Work,Medium,58.1,3150,445,875,High,Moderate,South India,28810
SIH-01382,Pashmina,Pashmina Wool,Hand Embroidery,Standard,83.6,4160,225,515,Medium,Standard,North India,27440
SIH-01383,Phulkari,Cotton,Hand Embroidery,Standard,53.6,610,115,245,High,Light,North India,10050
SIH-01384,Blue Pottery,Ceramic,Glazing,Small,2.8,170,20,40,Low,Moderate,West India,910
SIH-01385,Kalamkari,Cotton,Block Printing,Medium,12.3,460,60,85,Low,Light,South India,3690
SIH-01386,Pashmina,Pashmina Wool,Hand Embroidery,Standard,76.9,5220,535,410,Medium,Standard,North India,33530
SIH-01387,Bastar Dhokra,Bell Metal,Lost Wax Casting,Small,12.3,1360,110,230,Medium,Moderate,Central India,5810
SIH-01388,Dhokra,Brass,Lost Wax Casting,Small,12.0,1010,130,180,Low,Light,Central India,4100
SIH-01389,Pashmina,Pashmina Wool,Hand Embroidery,Standard,82.7,4810,420,420,Medium,Standard,North India,26340
SIH-01390,Kashmir Walnut Wood Carving,Walnut Wood,Wood Carving,Large,51.8,3000,485,525,High,Moderate,North India,17120
SIH-01391,Blue Pottery,Ceramic,Glazing,Small,1.2,220,15,25,Low,Light,West India,560
SIH-01392,Kondapalli Toys,Soft Wood,Hand Painting,Medium,3.1,150,25,30,Medium,Light,South India,1000
SIH-01393,Pipili Applique,Cotton,Applique,Medium,19.1,430,55,75,Medium,Light,East India,4630
SIH-01394,Banarasi,Silk,Handloom Weaving,Standard,105.0,5890,675,820,High,Light,North India,43940
SIH-01395,Sikki Craft,Sikki Grass,Hand Weaving,Small,2.4,110,15,20,Low,Standard,East India,610
SIH-01396,Kutch Embroidery,Cotton,Hand Embroidery,Large,36.5,610,85,140,High,Light,West India,7000
SIH-01397,Moradabad Metal Craft,Brass,Metal Engraving,Large,37.9,1990,340,330,High,Standard,North India,13240
SIH-01398,Kutch Embroidery,Cotton,Hand Embroidery,Large,25.9,620,85,130,High,Light,West India,4950
SIH-01399,Phulkari,Cotton,Hand Embroidery,Standard,36.7,770,140,265,Medium,Moderate,North India,9460
SIH-01400,Dhokra,Brass,Lost Wax Casting,Large,33.4,1550,160,355,High,Moderate,Central India,10180
SIH-01401,Dhokra,Brass,Lost Wax Casting,Medium,14.5,1060,115,105,Medium,Standard,Central India,4870
SIH-01402,Phulkari,Cotton,Hand Embroidery,Standard,38.2,830,190,210,Medium,Moderate,North India,10930
SIH-01403,Madhubani,Paper,Hand Painting,Medium,21.2,170,80,110,Low,Light,East India,4760
SIH-01404,Blue Pottery,Ceramic,Glazing,Large,5.9,530,85,65,Medium,Light,West India,2110
SIH-01405,Banarasi,Silk,Handloom Weaving,Standard,35.4,5680,295,370,Medium,Standard,North India,19560
SIH-01406,Channapatna,Wood,Lac Turning,Small,2.6,80,15,20,Low,Standard,South India,550
SIH-01407,Blue Pottery,Ceramic,Glazing,Small,3.0,100,20,30,Low,Light,West India,890
SIH-01408,Channapatna,Wood,Lac Turning,Large,4.9,270,35,35,Medium,Light,South India,1470
SIH-01409,Pashmina,Pashmina Wool,Hand Embroidery,Standard,50.4,8210,200,460,Medium,Standard,North India,27320
SIH-01410,Thanjavur Painting,Wood,Gold Leaf Work,Medium,37.3,3530,590,665,High,Light,South India,24460
SIH-01411,Kondapalli Toys,Soft Wood,Hand Painting,Large,11.5,500,70,115,Medium,Standard,South India,2710
SIH-01412,Kutch Embroidery,Cotton,Hand Embroidery,Small,12.7,210,45,75,Low,Light,West India,3610
SIH-01413,Banarasi,Silk,Handloom Weaving,Standard,90.7,3960,420,635,High,Light,North India,33100
SIH-01414,Sikki Craft,Sikki Grass,Hand Weaving,Large,10.5,170,65,70,High,Standard,East India,2580
SIH-01415,Sikki Craft,Sikki Grass,Hand Weaving,Large,4.6,170,25,35,High,Moderate,East India,980
SIH-01416,Channapatna,Wood,Lac Turning,Large,2.3,230,15,30,Low,Standard,South India,720
SIH-01417,Phulkari,Cotton,Hand Embroidery,Standard,26.0,540,140,145,Medium,Standard,North India,7050
SIH-01418,Channapatna,Wood,Lac Turning,Large,6.5,270,65,60,Medium,Standard,South India,1890
SIH-01419,Kashmir Walnut Wood Carving,Walnut Wood,Wood Carving,Medium,39.0,1630,350,315,Medium,Moderate,North India,14510
SIH-01420,Moradabad Metal Craft,Brass,Metal Engraving,Medium,3.5,710,50,55,Medium,Standard,North India,2060
SIH-01421,Sandalwood Carving,Sandalwood,Wood Carving,Large,30.0,3580,230,365,High,Standard,South India,12490
SIH-01422,Sandalwood Carving,Sandalwood,Wood Carving,Small,28.1,1900,145,240,Medium,Standard,South India,12060
SIH-01423,Sikki Craft,Sikki Grass,Hand Weaving,Medium,9.6,200,25,75,Medium,Moderate,East India,1910
SIH-01424,Kalamkari,Cotton,Block Printing,Small,8.4,380,35,40,Low,Light,South India,1990
SIH-01425,Kutch Embroidery,Cotton,Hand Embroidery,Large,34.4,990,105,145,High,High,West India,8940
SIH-01426,Kutch Embroidery,Cotton,Hand Embroidery,Large,32.4,370,90,95,High,Standard,West India,6560
SIH-01427,Banarasi,Silk,Handloom Weaving,Standard,75.4,5150,440,270,High,Standard,North India,24130
SIH-01428,Kashmir Walnut Wood Carving,Walnut Wood,Wood Carving,Medium,31.0,1310,130,295,Medium,Light,North India,10140
SIH-01429,Thanjavur Painting,Wood,Gold Leaf Work,Small,32.3,1390,310,340,Medium,Standard,South India,14490
SIH-01430,Kashmir Walnut Wood Carving,Walnut Wood,Wood Carving,Medium,43.5,1060,215,175,High,Moderate,North India,10110
SIH-01431,Kashmir Walnut Wood Carving,Walnut Wood,Wood Carving,Small,20.2,910,160,225,Low,Standard,North India,6650
SIH-01432,Kutch Embroidery,Cotton,Hand Embroidery,Large,30.5,970,85,225,High,Standard,West India,7710
SIH-01433,Kutch Embroidery,Cotton,Hand Embroidery,Large,38.6,760,100,235,High,Light,West India,8760
SIH-01434,Blue Pottery,Ceramic,Glazing,Large,7.9,380,80,90,Medium,Light,West India,2210
SIH-01435,Kalamkari,Cotton,Block Printing,Large,12.3,440,60,100,Medium,Standard,South India,3590
SIH-01436,Moradabad Metal Craft,Brass,Metal Engraving,Small,9.8,840,100,130,Low,Standard,North India,3640
SIH-01437,Terracotta,Clay,Hand Moulding,Small,2.0,80,15,25,Low,Light,East India,430
SIH-01438,Moradabad Metal Craft,Brass,Metal Engraving,Small,3.5,670,70,65,Low,Moderate,North India,2050
SIH-01439,Phulkari,Cotton,Hand Embroidery,Standard,22.9,540,100,90,Medium,Light,North India,7790
SIH-01440,Moradabad Metal Craft,Brass,Metal Engraving,Small,7.9,1080,75,160,Low,Standard,North India,3420
SIH-01441,Pipili Applique,Cotton,Applique,Medium,10.3,240,45,65,Low,Standard,East India,2410
SIH-01442,Thanjavur Painting,Wood,Gold Leaf Work,Small,22.5,2480,155,230,Medium,Moderate,South India,13110
SIH-01443,Sikki Craft,Sikki Grass,Hand Weaving,Medium,2.2,130,15,20,Medium,Standard,East India,520
SIH-01444,Kondapalli Toys,Soft Wood,Hand Painting,Large,6.7,460,30,65,High,Standard,South India,1580
SIH-01445,Moradabad Metal Craft,Brass,Metal Engraving,Medium,9.4,1210,105,170,High,Moderate,North India,4790
SIH-01446,Dhokra,Brass,Lost Wax Casting,Small,8.6,1050,100,155,Low,Standard,Central India,3740
SIH-01447,Bastar Dhokra,Bell Metal,Lost Wax Casting,Small,13.3,1020,130,110,Medium,Moderate,Central India,5120
SIH-01448,Kashmir Walnut Wood Carving,Walnut Wood,Wood Carving,Large,42.9,1870,205,375,High,Standard,North India,16090
SIH-01449,Moradabad Metal Craft,Brass,Metal Engraving,Large,37.4,1690,415,520,High,Standard,North India,13380
SIH-01450,Sikki Craft,Sikki Grass,Hand Weaving,Medium,6.7,140,20,45,Medium,Moderate,East India,1460
SIH-01451,Kondapalli Toys,Soft Wood,Hand Painting,Medium,6.1,290,25,45,Medium,Light,South India,1590
SIH-01452,Pashmina,Pashmina Wool,Hand Embroidery,Standard,71.2,8000,340,440,Medium,Moderate,North India,29350
SIH-01453,Thanjavur Painting,Wood,Gold Leaf Work,Medium,40.5,2090,245,430,High,Standard,South India,21310
SIH-01454,Moradabad Metal Craft,Brass,Metal Engraving,Large,31.9,1930,270,330,High,Standard,North India,9590
SIH-01455,Sandalwood Carving,Sandalwood,Wood Carving,Medium,42.3,1960,170,235,Medium,Standard,South India,14050
SIH-01456,Banarasi,Silk,Handloom Weaving,Standard,75.7,5190,320,450,Medium,Standard,North India,28660
SIH-01457,Sandalwood Carving,Sandalwood,Wood Carving,Medium,24.4,1460,220,265,Medium,Light,South India,9710
SIH-01458,Kondapalli Toys,Soft Wood,Hand Painting,Medium,3.7,270,15,25,Medium,Moderate,South India,1350
SIH-01459,Blue Pottery,Ceramic,Glazing,Small,1.3,180,15,20,Low,Light,West India,510
SIH-01460,Kondapalli Toys,Soft Wood,Hand Painting,Medium,5.9,280,25,50,Medium,Light,South India,1900
SIH-01461,Sandalwood Carving,Sandalwood,Wood Carving,Large,34.1,3360,245,205,High,Moderate,South India,13090
SIH-01462,Channapatna,Wood,Lac Turning,Small,3.8,160,25,25,Low,Standard,South India,800
SIH-01463,Kutch Embroidery,Cotton,Hand Embroidery,Medium,22.7,240,80,90,Medium,Standard,West India,4400
SIH-01464,Thanjavur Painting,Wood,Gold Leaf Work,Large,43.8,3520,385,430,High,Light,South India,23280
SIH-01465,Moradabad Metal Craft,Brass,Metal Engraving,Large,27.3,1630,215,435,High,Standard,North India,9980
SIH-01466,Blue Pottery,Ceramic,Glazing,Large,6.4,510,75,90,Medium,Standard,West India,2200
SIH-01467,Blue Pottery,Ceramic,Glazing,Large,6.9,220,35,85,Medium,Light,West India,1680
SIH-01468,Phulkari,Cotton,Hand Embroidery,Standard,8.8,440,30,40,Medium,Standard,North India,2560
SIH-01469,Moradabad Metal Craft,Brass,Metal Engraving,Large,12.8,2770,130,215,High,High,North India,7560
SIH-01470,Kutch Embroidery,Cotton,Hand Embroidery,Medium,16.4,310,45,90,Medium,Standard,West India,4140
SIH-01471,Banarasi,Silk,Handloom Weaving,Standard,81.1,4930,515,625,Medium,Standard,North India,30970
SIH-01472,Sikki Craft,Sikki Grass,Hand Weaving,Large,15.0,220,55,45,High,Moderate,East India,2550
SIH-01473,Channapatna,Wood,Lac Turning,Small,4.3,130,25,30,Low,Moderate,South India,790
SIH-01474,Banarasi,Silk,Handloom Weaving,Standard,124.3,3570,290,510,Medium,Standard,North India,33500
SIH-01475,Sandalwood Carving,Sandalwood,Wood Carving,Large,40.3,4930,430,465,High,Standard,South India,18200
SIH-01476,Banarasi,Silk,Handloom Weaving,Standard,91.1,3680,305,340,Medium,Standard,North India,25910
SIH-01477,Banarasi,Silk,Handloom Weaving,Standard,68.0,4040,480,605,High,Light,North India,27750
SIH-01478,Kutch Embroidery,Cotton,Hand Embroidery,Small,19.2,270,75,90,Medium,Light,West India,3870
SIH-01479,Bastar Dhokra,Bell Metal,Lost Wax Casting,Medium,40.6,2360,315,445,High,High,Central India,12330
SIH-01480,Sikki Craft,Sikki Grass,Hand Weaving,Large,3.7,300,15,25,High,Light,East India,1060
SIH-01481,Phulkari,Cotton,Hand Embroidery,Standard,25.6,730,85,110,Medium,Standard,North India,6920
SIH-01482,Thanjavur Painting,Wood,Gold Leaf Work,Small,47.8,2550,405,535,Medium,Moderate,South India,21500
SIH-01483,Dhokra,Brass,Lost Wax Casting,Medium,33.0,1060,195,395,High,Moderate,Central India,10730
SIH-01484,Madhubani,Paper,Hand Painting,Small,16.0,110,55,65,Low,Light,East India,3080
SIH-01485,Kondapalli Toys,Soft Wood,Hand Painting,Large,8.7,250,35,60,High,Standard,South India,1590
SIH-01486,Sikki Craft,Sikki Grass,Hand Weaving,Small,2.0,110,15,20,Low,Moderate,East India,460
SIH-01487,Sikki Craft,Sikki Grass,Hand Weaving,Medium,6.3,170,25,20,Medium,Light,East India,1130
SIH-01488,Kondapalli Toys,Soft Wood,Hand Painting,Large,9.4,350,50,65,Medium,Standard,South India,1990
SIH-01489,Dhokra,Brass,Lost Wax Casting,Medium,17.7,1900,140,330,High,High,Central India,8350
SIH-01490,Blue Pottery,Ceramic,Glazing,Small,3.1,110,30,35,Low,Moderate,West India,740
SIH-01491,Thanjavur Painting,Wood,Gold Leaf Work,Large,42.7,5820,500,950,High,Moderate,South India,26650
SIH-01492,Phulkari,Cotton,Hand Embroidery,Standard,18.5,620,85,105,High,High,North India,5170
SIH-01493,Madhubani,Paper,Hand Painting,Large,32.9,440,105,140,High,High,East India,6450
SIH-01494,Kashmir Walnut Wood Carving,Walnut Wood,Wood Carving,Small,18.1,930,70,130,Medium,Moderate,North India,4740
SIH-01495,Pashmina,Pashmina Wool,Hand Embroidery,Standard,67.4,5670,240,545,Medium,Standard,North India,28220
SIH-01496,Banarasi,Silk,Handloom Weaving,Standard,99.3,5240,645,665,High,Moderate,North India,43190
SIH-01497,Madhubani,Paper,Hand Painting,Small,6.7,140,25,30,Low,Standard,East India,1800
SIH-01498,Channapatna,Wood,Lac Turning,Large,7.7,300,25,50,Medium,Standard,South India,1880
SIH-01499,Blue Pottery,Ceramic,Glazing,Medium,2.7,270,40,40,Low,Light,West India,880
SIH-01500,Phulkari,Cotton,Hand Embroidery,Standard,39.2,430,145,130,High,Moderate,North India,9490
SIH-01501,Blue Pottery,Ceramic,Glazing,Large,8.9,410,95,115,Medium,Light,West India,2640
SIH-01502,Terracotta,Clay,Hand Moulding,Small,2.2,70,15,20,Low,Moderate,East India,390
SIH-01503,Pashmina,Pashmina Wool,Hand Embroidery,Standard,111.2,6760,415,405,Medium,Standard,North India,35800
SIH-01504,Pashmina,Pashmina Wool,Hand Embroidery,Standard,44.6,6160,295,350,High,Moderate,North India,21920
SIH-01505,Blue Pottery,Ceramic,Glazing,Large,4.1,410,65,80,Medium,Standard,West India,1640
SIH-01506,Phulkari,Cotton,Hand Embroidery,Standard,35.9,750,100,140,Medium,Moderate,North India,10150
SIH-01507,Dhokra,Brass,Lost Wax Casting,Large,20.5,1560,180,240,High,High,Central India,8520
SIH-01508,Banarasi,Silk,Handloom Weaving,Standard,120.2,4090,515,670,High,Moderate,North India,43090
SIH-01509,Blue Pottery,Ceramic,Glazing,Large,6.5,530,75,95,Medium,Standard,West India,1960
SIH-01510,Kashmir Walnut Wood Carving,Walnut Wood,Wood Carving,Medium,22.2,1680,215,200,Medium,Light,North India,10050
SIH-01511,Madhubani,Paper,Hand Painting,Medium,9.6,220,25,45,Low,Standard,East India,2140
SIH-01512,Sandalwood Carving,Sandalwood,Wood Carving,Medium,28.4,2540,175,245,Medium,Moderate,South India,11460
SIH-01513,Bastar Dhokra,Bell Metal,Lost Wax Casting,Small,17.6,1080,200,200,Medium,High,Central India,5650
SIH-01514,Terracotta,Clay,Hand Moulding,Small,2.3,160,15,30,Low,Standard,East India,600
SIH-01515,Channapatna,Wood,Lac Turning,Medium,4.5,100,15,35,Low,Light,South India,800
SIH-01516,Banarasi,Silk,Handloom Weaving,Standard,161.4,4410,375,880,High,High,North India,46580
SIH-01517,Madhubani,Paper,Hand Painting,Small,24.9,110,55,100,Low,Moderate,East India,6110
SIH-01518,Thanjavur Painting,Wood,Gold Leaf Work,Small,37.9,2210,485,360,Medium,High,South India,19990
SIH-01519,Kondapalli Toys,Soft Wood,Hand Painting,Large,6.1,410,55,60,High,Standard,South India,1880
SIH-01520,Channapatna,Wood,Lac Turning,Large,6.9,240,40,40,Medium,Moderate,South India,1320
SIH-01521,Blue Pottery,Ceramic,Glazing,Small,3.8,110,25,35,Low,Moderate,West India,790
SIH-01522,Kalamkari,Cotton,Block Printing,Large,5.4,750,25,65,Medium,Standard,South India,2360
SIH-01523,Blue Pottery,Ceramic,Glazing,Small,3.3,200,30,35,Low,Standard,West India,1030
SIH-01524,Madhubani,Paper,Hand Painting,Medium,33.4,200,90,145,Medium,Moderate,East India,6440
SIH-01525,Sikki Craft,Sikki Grass,Hand Weaving,Large,11.6,180,65,50,Medium,Standard,East India,2220
SIH-01526,Banarasi,Silk,Handloom Weaving,Standard,71.3,5560,360,730,Medium,Standard,North India,31040
SIH-01527,Sikki Craft,Sikki Grass,Hand Weaving,Medium,8.4,210,40,50,Medium,High,East India,1920
SIH-01528,Kashmir Walnut Wood Carving,Walnut Wood,Wood Carving,Small,13.5,920,175,100,Low,Standard,North India,5970
SIH-01529,Bastar Dhokra,Bell Metal,Lost Wax Casting,Small,13.7,1360,145,175,Low,Standard,Central India,5500
SIH-01530,Sikki Craft,Sikki Grass,Hand Weaving,Large,9.3,320,40,35,High,High,East India,2180
SIH-01531,Kondapalli Toys,Soft Wood,Hand Painting,Large,2.3,500,15,45,Medium,Standard,South India,1230
SIH-01532,Sikki Craft,Sikki Grass,Hand Weaving,Large,15.4,280,80,105,High,Standard,East India,3090
SIH-01533,Blue Pottery,Ceramic,Glazing,Small,1.3,190,20,25,Low,Light,West India,520
SIH-01534,Dhokra,Brass,Lost Wax Casting,Large,24.5,1930,250,390,High,Moderate,Central India,10640
SIH-01535,Terracotta,Clay,Hand Moulding,Large,9.1,250,40,95,Medium,Light,East India,1730
SIH-01536,Kutch Embroidery,Cotton,Hand Embroidery,Large,33.5,740,115,180,High,Moderate,West India,7450
SIH-01537,Blue Pottery,Ceramic,Glazing,Medium,2.5,200,25,40,Low,Standard,West India,770
SIH-01538,Phulkari,Cotton,Hand Embroidery,Standard,45.8,620,155,155,High,Light,North India,9090
SIH-01539,Blue Pottery,Ceramic,Glazing,Medium,3.1,230,30,45,Low,Standard,West India,910
SIH-01540,Blue Pottery,Ceramic,Glazing,Medium,1.4,220,25,30,Low,Light,West India,630
SIH-01541,Kutch Embroidery,Cotton,Hand Embroidery,Medium,18.2,380,45,70,High,Light,West India,4480
SIH-01542,Terracotta,Clay,Hand Moulding,Large,11.9,280,50,95,Medium,Standard,East India,2400
SIH-01543,Madhubani,Paper,Hand Painting,Large,18.8,430,50,95,Medium,Light,East India,4280
SIH-01544,Madhubani,Paper,Hand Painting,Large,43.9,250,100,175,High,Light,East India,11680
SIH-01545,Pipili Applique,Cotton,Applique,Small,3.6,190,15,20,Low,Standard,East India,760
SIH-01546,Bastar Dhokra,Bell Metal,Lost Wax Casting,Large,28.3,2890,470,630,High,Moderate,Central India,13510
SIH-01547,Kashmir Walnut Wood Carving,Walnut Wood,Wood Carving,Large,41.2,1660,365,530,High,Light,North India,14410
SIH-01548,Kutch Embroidery,Cotton,Hand Embroidery,Small,12.7,210,25,60,Medium,Standard,West India,2480
SIH-01549,Kashmir Walnut Wood Carving,Walnut Wood,Wood Carving,Large,31.9,2950,175,485,High,High,North India,13780
SIH-01550,Blue Pottery,Ceramic,Glazing,Medium,5.6,360,60,55,Low,Light,West India,1770
SIH-01551,Kutch Embroidery,Cotton,Hand Embroidery,Small,14.0,410,40,70,Medium,Moderate,West India,4540
SIH-01552,Pashmina,Pashmina Wool,Hand Embroidery,Standard,87.2,4010,335,425,Medium,Standard,North India,30820
SIH-01553,Kondapalli Toys,Soft Wood,Hand Painting,Medium,5.1,340,15,40,Medium,Light,South India,1360
SIH-01554,Kashmir Walnut Wood Carving,Walnut Wood,Wood Carving,Large,14.4,2770,135,170,High,Moderate,North India,8970
SIH-01555,Kutch Embroidery,Cotton,Hand Embroidery,Small,7.2,330,40,50,Low,Light,West India,2460
SIH-01556,Thanjavur Painting,Wood,Gold Leaf Work,Small,11.2,1380,115,275,Medium,Standard,South India,8220
SIH-01557,Blue Pottery,Ceramic,Glazing,Small,2.4,180,35,45,Low,Moderate,West India,880
SIH-01558,Blue Pottery,Ceramic,Glazing,Small,1.7,170,25,20,Low,Light,West India,630
SIH-01559,Sikki Craft,Sikki Grass,Hand Weaving,Small,6.3,100,25,50,Low,Standard,East India,1480
SIH-01560,Phulkari,Cotton,Hand Embroidery,Standard,43.1,700,230,220,High,High,North India,12170
SIH-01561,Moradabad Metal Craft,Brass,Metal Engraving,Small,5.8,960,80,85,Low,Standard,North India,3200
SIH-01562,Dhokra,Brass,Lost Wax Casting,Small,12.7,840,115,135,Low,Standard,Central India,3910
SIH-01563,Dhokra,Brass,Lost Wax Casting,Small,15.4,810,85,190,Low,Moderate,Central India,4180
SIH-01564,Sikki Craft,Sikki Grass,Hand Weaving,Medium,6.4,90,40,45,Medium,Standard,East India,1400
SIH-01565,Channapatna,Wood,Lac Turning,Medium,5.0,90,25,30,Low,Standard,South India,1100
SIH-01566,Pipili Applique,Cotton,Applique,Medium,9.8,230,25,30,Medium,Moderate,East India,1620
SIH-01567,Kashmir Walnut Wood Carving,Walnut Wood,Wood Carving,Small,26.9,990,135,170,Medium,Moderate,North India,7630
SIH-01568,Sikki Craft,Sikki Grass,Hand Weaving,Medium,5.9,160,30,35,Medium,Light,East India,1180
SIH-01569,Kondapalli Toys,Soft Wood,Hand Painting,Small,4.4,210,20,25,Low,Light,South India,1330
SIH-01570,Kondapalli Toys,Soft Wood,Hand Painting,Large,6.3,200,50,35,Medium,Standard,South India,1760
SIH-01571,Kashmir Walnut Wood Carving,Walnut Wood,Wood Carving,Medium,30.9,1250,120,180,High,High,North India,9700
SIH-01572,Channapatna,Wood,Lac Turning,Small,3.7,150,20,25,Low,Moderate,South India,850
SIH-01573,Kondapalli Toys,Soft Wood,Hand Painting,Large,8.8,450,35,95,High,Light,South India,2360
SIH-01574,Terracotta,Clay,Hand Moulding,Large,7.0,320,35,65,Medium,Standard,East India,1380
SIH-01575,Channapatna,Wood,Lac Turning,Medium,2.6,250,20,25,Low,Standard,South India,840
SIH-01576,Pashmina,Pashmina Wool,Hand Embroidery,Standard,126.7,3360,410,440,Medium,Standard,North India,32880
SIH-01577,Madhubani,Paper,Hand Painting,Medium,35.0,300,70,125,Medium,Light,East India,8010
SIH-01578,Kondapalli Toys,Soft Wood,Hand Painting,Small,2.9,240,15,30,Low,Standard,South India,970
SIH-01579,Thanjavur Painting,Wood,Gold Leaf Work,Small,33.5,2900,295,575,Medium,Moderate,South India,16890
SIH-01580,Moradabad Metal Craft,Brass,Metal Engraving,Large,14.8,1720,125,160,High,Standard,North India,5790
SIH-01581,Banarasi,Silk,Handloom Weaving,Standard,88.8,5330,425,450,Medium,Standard,North India,32550
SIH-01582,Phulkari,Cotton,Hand Embroidery,Standard,24.4,420,60,65,High,Light,North India,4970
SIH-01583,Blue Pottery,Ceramic,Glazing,Small,2.3,130,15,20,Low,Moderate,West India,670
SIH-01584,Channapatna,Wood,Lac Turning,Small,3.8,120,25,45,Low,Light,South India,1080
SIH-01585,Channapatna,Wood,Lac Turning,Large,10.2,240,60,75,Medium,High,South India,2330
SIH-01586,Channapatna,Wood,Lac Turning,Large,7.2,200,30,70,Medium,Moderate,South India,1920
SIH-01587,Madhubani,Paper,Hand Painting,Medium,26.7,230,85,70,Low,Standard,East India,4520
SIH-01588,Kondapalli Toys,Soft Wood,Hand Painting,Small,2.4,240,20,20,Low,Standard,South India,840
SIH-01589,Moradabad Metal Craft,Brass,Metal Engraving,Small,9.2,1210,80,130,Low,Standard,North India,3980
SIH-01590,Madhubani,Paper,Hand Painting,Small,14.8,170,45,70,Low,Moderate,East India,3030
SIH-01591,Sandalwood Carving,Sandalwood,Wood Carving,Small,24.5,2870,275,285,Medium,High,South India,11570
SIH-01592,Terracotta,Clay,Hand Moulding,Medium,2.9,200,20,45,Low,Light,East India,850
SIH-01593,Pashmina,Pashmina Wool,Hand Embroidery,Standard,83.3,4830,495,585,Medium,Standard,North India,35700
SIH-01594,Sandalwood Carving,Sandalwood,Wood Carving,Medium,53.9,2680,320,260,High,Moderate,South India,18610
SIH-01595,Moradabad Metal Craft,Brass,Metal Engraving,Small,9.5,980,125,130,Low,Standard,North India,3760
SIH-01596,Blue Pottery,Ceramic,Glazing,Medium,3.7,260,40,50,Low,Standard,West India,1200
SIH-01597,Kalamkari,Cotton,Block Printing,Medium,7.5,290,25,35,Low,Standard,South India,2260
SIH-01598,Channapatna,Wood,Lac Turning,Medium,3.4,160,15,20,Low,Moderate,South India,690
SIH-01599,Kutch Embroidery,Cotton,Hand Embroidery,Small,7.7,270,35,45,Low,Standard,West India,1700
SIH-01600,Dhokra,Brass,Lost Wax Casting,Medium,16.9,1460,205,155,Medium,Light,Central India,7150
SIH-01601,Kashmir Walnut Wood Carving,Walnut Wood,Wood Carving,Small,7.5,870,65,95,Low,Light,North India,3110
SIH-01602,Kashmir Walnut Wood Carving,Walnut Wood,Wood Carving,Large,37.5,2720,200,380,High,Moderate,North India,12280
SIH-01603,Phulkari,Cotton,Hand Embroidery,Standard,40.2,340,140,290,High,Moderate,North India,10020
SIH-01604,Thanjavur Painting,Wood,Gold Leaf Work,Medium,76.9,1890,605,630,High,Moderate,South India,27060
SIH-01605,Kashmir Walnut Wood Carving,Walnut Wood,Wood Carving,Small,27.2,1360,205,150,Medium,Moderate,North India,8210
SIH-01606,Madhubani,Paper,Hand Painting,Large,49.4,330,220,335,High,Moderate,East India,13440
SIH-01607,Sikki Craft,Sikki Grass,Hand Weaving,Small,6.1,140,15,35,Low,Light,East India,980
SIH-01608,Phulkari,Cotton,Hand Embroidery,Standard,46.9,510,235,295,Medium,Moderate,North India,14290
SIH-01609,Sandalwood Carving,Sandalwood,Wood Carving,Small,33.2,2320,180,265,Medium,Light,South India,15120
SIH-01610,Dhokra,Brass,Lost Wax Casting,Small,6.2,940,90,115,Low,Standard,Central India,2700
SIH-01611,Sikki Craft,Sikki Grass,Hand Weaving,Small,3.3,80,20,20,Low,Light,East India,770
SIH-01612,Bastar Dhokra,Bell Metal,Lost Wax Casting,Small,10.6,1260,80,200,Low,Moderate,Central India,4470
SIH-01613,Bastar Dhokra,Bell Metal,Lost Wax Casting,Large,35.9,3580,405,340,High,Light,Central India,13490
SIH-01614,Dhokra,Brass,Lost Wax Casting,Large,20.4,2030,265,180,High,Light,Central India,7760
SIH-01615,Thanjavur Painting,Wood,Gold Leaf Work,Small,21.1,2300,185,355,Medium,Moderate,South India,12840
SIH-01616,Pipili Applique,Cotton,Applique,Small,8.6,180,30,25,Low,Light,East India,1570
SIH-01617,Moradabad Metal Craft,Brass,Metal Engraving,Large,7.0,1580,90,90,High,Standard,North India,4080
SIH-01618,Kutch Embroidery,Cotton,Hand Embroidery,Medium,8.4,580,60,80,Medium,Standard,West India,3080
SIH-01619,Banarasi,Silk,Handloom Weaving,Standard,128.6,4900,365,790,Medium,Standard,North India,34040
SIH-01620,Sikki Craft,Sikki Grass,Hand Weaving,Medium,6.7,200,35,30,Medium,Standard,East India,1570
SIH-01621,Kondapalli Toys,Soft Wood,Hand Painting,Small,4.4,200,25,25,Low,Standard,South India,1060
SIH-01622,Moradabad Metal Craft,Brass,Metal Engraving,Medium,10.5,1180,95,215,Medium,Light,North India,5100
SIH-01623,Sikki Craft,Sikki Grass,Hand Weaving,Medium,8.2,110,50,55,Medium,Standard,East India,1720
SIH-01624,Kashmir Walnut Wood Carving,Walnut Wood,Wood Carving,Large,59.3,1880,285,465,High,Moderate,North India,16410
SIH-01625,Sikki Craft,Sikki Grass,Hand Weaving,Small,3.1,120,20,20,Low,Moderate,East India,820
SIH-01626,Kashmir Walnut Wood Carving,Walnut Wood,Wood Carving,Large,41.0,1630,290,265,High,Standard,North India,13570
SIH-01627,Kashmir Walnut Wood Carving,Walnut Wood,Wood Carving,Large,45.0,3250,385,365,High,Standard,North India,14760
SIH-01628,Dhokra,Brass,Lost Wax Casting,Medium,23.4,1780,230,300,Medium,Moderate,Central India,8240
SIH-01629,Madhubani,Paper,Hand Painting,Medium,38.1,210,80,200,Medium,Moderate,East India,9060
SIH-01630,Dhokra,Brass,Lost Wax Casting,Medium,16.0,620,90,235,Medium,Standard,Central India,5310
SIH-01631,Phulkari,Cotton,Hand Embroidery,Standard,42.5,520,155,195,Medium,Light,North India,7950
SIH-01632,Pipili Applique,Cotton,Applique,Small,5.8,260,25,20,Low,Light,East India,1240
SIH-01633,Dhokra,Brass,Lost Wax Casting,Small,5.8,1430,70,85,Low,Light,Central India,3820
SIH-01634,Kashmir Walnut Wood Carving,Walnut Wood,Wood Carving,Small,15.5,470,125,140,Low,Standard,North India,5200
SIH-01635,Dhokra,Brass,Lost Wax Casting,Medium,18.5,1940,200,295,Medium,Light,Central India,7760
SIH-01636,Kutch Embroidery,Cotton,Hand Embroidery,Small,10.5,340,55,95,Low,Standard,West India,3590
SIH-01637,Thanjavur Painting,Wood,Gold Leaf Work,Small,53.6,1980,610,660,Medium,Standard,South India,22810
SIH-01638,Sandalwood Carving,Sandalwood,Wood Carving,Small,49.2,1270,365,595,Medium,Moderate,South India,20120
SIH-01639,Kutch Embroidery,Cotton,Hand Embroidery,Small,27.5,360,90,150,Medium,Light,West India,6620
SIH-01640,Kondapalli Toys,Soft Wood,Hand Painting,Small,3.2,260,15,20,Low,High,South India,980
SIH-01641,Blue Pottery,Ceramic,Glazing,Small,1.8,200,20,20,Low,Standard,West India,570
SIH-01642,Moradabad Metal Craft,Brass,Metal Engraving,Large,22.6,2050,170,195,High,Light,North India,9440
SIH-01643,Kutch Embroidery,Cotton,Hand Embroidery,Medium,14.1,530,45,85,Medium,Standard,West India,3070
SIH-01644,Sandalwood Carving,Sandalwood,Wood Carving,Large,97.8,3260,345,430,High,Standard,South India,29560
SIH-01645,Terracotta,Clay,Hand Moulding,Large,7.5,310,60,60,Medium,Standard,East India,1640
SIH-01646,Kondapalli Toys,Soft Wood,Hand Painting,Medium,7.7,130,55,50,Medium,Standard,South India,2070
SIH-01647,Sandalwood Carving,Sandalwood,Wood Carving,Small,30.1,2530,235,195,Medium,High,South India,11970
SIH-01648,Blue Pottery,Ceramic,Glazing,Large,7.8,490,90,90,High,High,West India,2710
SIH-01649,Channapatna,Wood,Lac Turning,Large,6.7,280,60,55,Medium,Standard,South India,1810
SIH-01650,Blue Pottery,Ceramic,Glazing,Medium,3.4,160,35,30,Low,Moderate,West India,1060
SIH-01651,Dhokra,Brass,Lost Wax Casting,Small,4.5,420,30,45,Low,Standard,Central India,1500
SIH-01652,Madhubani,Paper,Hand Painting,Medium,27.5,280,80,120,Medium,High,East India,5300
SIH-01653,Blue Pottery,Ceramic,Glazing,Large,2.6,360,45,35,Medium,High,West India,1040
SIH-01654,Bastar Dhokra,Bell Metal,Lost Wax Casting,Medium,26.0,1360,200,245,Medium,Standard,Central India,7590
SIH-01655,Blue Pottery,Ceramic,Glazing,Large,7.4,360,55,90,Medium,Standard,West India,2220
SIH-01656,Pashmina,Pashmina Wool,Hand Embroidery,Standard,93.8,5540,370,800,Medium,Standard,North India,39390
SIH-01657,Thanjavur Painting,Wood,Gold Leaf Work,Small,35.6,2180,415,725,Medium,Light,South India,19570
SIH-01658,Phulkari,Cotton,Hand Embroidery,Standard,33.9,410,90,110,Medium,Light,North India,6750
SIH-01659,Pashmina,Pashmina Wool,Hand Embroidery,Standard,55.1,4960,180,255,Medium,Standard,North India,20920
SIH-01660,Kondapalli Toys,Soft Wood,Hand Painting,Medium,4.6,180,25,40,Low,Standard,South India,1290
SIH-01661,Kashmir Walnut Wood Carving,Walnut Wood,Wood Carving,Small,23.5,1080,115,180,Medium,Moderate,North India,8710
SIH-01662,Kondapalli Toys,Soft Wood,Hand Painting,Large,3.5,420,35,50,High,Standard,South India,1400
SIH-01663,Terracotta,Clay,Hand Moulding,Large,8.7,330,70,65,Medium,Moderate,East India,1940
SIH-01664,Moradabad Metal Craft,Brass,Metal Engraving,Large,21.0,1660,235,200,High,Standard,North India,8130
SIH-01665,Sandalwood Carving,Sandalwood,Wood Carving,Medium,47.2,1580,405,345,High,Moderate,South India,17160
SIH-01666,Bastar Dhokra,Bell Metal,Lost Wax Casting,Large,42.7,2810,290,465,High,Moderate,Central India,12830
SIH-01667,Blue Pottery,Ceramic,Glazing,Large,6.9,620,75,105,High,High,West India,2460
SIH-01668,Dhokra,Brass,Lost Wax Casting,Small,18.2,950,235,225,Medium,High,Central India,7080
SIH-01669,Kalamkari,Cotton,Block Printing,Medium,13.4,460,50,50,Low,Light,South India,3350
SIH-01670,Moradabad Metal Craft,Brass,Metal Engraving,Large,17.6,1230,105,200,High,Light,North India,7210
SIH-01671,Kalamkari,Cotton,Block Printing,Large,13.5,720,70,50,Medium,Standard,South India,3520
SIH-01672,Terracotta,Clay,Hand Moulding,Medium,1.5,170,15,25,Low,Light,East India,460
SIH-01673,Sandalwood Carving,Sandalwood,Wood Carving,Large,71.9,5030,825,610,High,Standard,South India,29980
SIH-01674,Kutch Embroidery,Cotton,Hand Embroidery,Small,11.7,170,40,35,Low,Standard,West India,2280
SIH-01675,Phulkari,Cotton,Hand Embroidery,Standard,37.0,730,100,140,High,High,North India,9310
SIH-01676,Blue Pottery,Ceramic,Glazing,Small,2.0,160,15,40,Low,Standard,West India,640
SIH-01677,Madhubani,Paper,Hand Painting,Large,69.6,450,350,475,High,High,East India,19090
SIH-01678,Thanjavur Painting,Wood,Gold Leaf Work,Large,69.4,6070,730,715,High,Moderate,South India,29800
SIH-01679,Pipili Applique,Cotton,Applique,Small,9.0,270,35,25,Low,Standard,East India,1670
SIH-01680,Terracotta,Clay,Hand Moulding,Medium,5.8,210,25,35,Low,Moderate,East India,1230
SIH-01681,Sikki Craft,Sikki Grass,Hand Weaving,Medium,6.9,140,40,50,Low,Standard,East India,1690
SIH-01682,Kondapalli Toys,Soft Wood,Hand Painting,Large,4.9,480,25,55,Medium,Standard,South India,1640
SIH-01683,Sandalwood Carving,Sandalwood,Wood Carving,Large,59.4,4240,520,945,High,Standard,South India,28310
SIH-01684,Kondapalli Toys,Soft Wood,Hand Painting,Large,5.7,470,20,50,Medium,Standard,South India,1460
SIH-01685,Blue Pottery,Ceramic,Glazing,Large,5.9,330,65,90,Medium,Standard,West India,1860
SIH-01686,Pipili Applique,Cotton,Applique,Medium,14.5,350,60,60,Medium,Light,East India,3060
SIH-01687,Blue Pottery,Ceramic,Glazing,Large,5.3,350,25,45,Medium,Standard,West India,1230
SIH-01688,Dhokra,Brass,Lost Wax Casting,Medium,30.1,2400,240,265,High,Moderate,Central India,9730
SIH-01689,Phulkari,Cotton,Hand Embroidery,Standard,14.4,950,100,110,High,Moderate,North India,5250
SIH-01690,Kutch Embroidery,Cotton,Hand Embroidery,Large,24.8,840,75,160,High,Standard,West India,7090
SIH-01691,Pashmina,Pashmina Wool,Hand Embroidery,Standard,68.0,6210,375,590,Medium,Standard,North India,31690
SIH-01692,Sandalwood Carving,Sandalwood,Wood Carving,Large,50.5,2040,430,295,High,Standard,South India,17660
SIH-01693,Kashmir Walnut Wood Carving,Walnut Wood,Wood Carving,Medium,38.8,1690,245,410,High,Moderate,North India,12390
SIH-01694,Sikki Craft,Sikki Grass,Hand Weaving,Small,4.4,90,20,20,Low,Standard,East India,750
SIH-01695,Sandalwood Carving,Sandalwood,Wood Carving,Small,18.4,1910,115,190,Low,Moderate,South India,7750
SIH-01696,Blue Pottery,Ceramic,Glazing,Large,2.1,490,30,35,Medium,Standard,West India,1170
SIH-01697,Banarasi,Silk,Handloom Weaving,Standard,79.3,5180,315,635,High,Standard,North India,29240
SIH-01698,Pashmina,Pashmina Wool,Hand Embroidery,Standard,111.8,7960,490,700,Medium,Standard,North India,40860
SIH-01699,Kalamkari,Cotton,Block Printing,Medium,10.6,590,50,35,Medium,High,South India,2750
SIH-01700,Phulkari,Cotton,Hand Embroidery,Standard,31.9,650,120,135,Medium,Light,North India,8360
SIH-01701,Thanjavur Painting,Wood,Gold Leaf Work,Medium,57.6,3340,305,690,High,Standard,South India,26900
SIH-01702,Terracotta,Clay,Hand Moulding,Medium,3.7,150,20,50,Low,Standard,East India,960
SIH-01703,Dhokra,Brass,Lost Wax Casting,Small,7.2,960,75,120,Low,Standard,Central India,3590
SIH-01704,Banarasi,Silk,Handloom Weaving,Standard,50.8,6920,375,520,Medium,Standard,North India,23870
SIH-01705,Moradabad Metal Craft,Brass,Metal Engraving,Small,11.2,550,85,140,Low,Moderate,North India,4010
SIH-01706,Blue Pottery,Ceramic,Glazing,Medium,1.0,280,20,20,Low,Standard,West India,640
SIH-01707,Kalamkari,Cotton,Block Printing,Small,10.6,270,40,70,Low,Standard,South India,2800
SIH-01708,Blue Pottery,Ceramic,Glazing,Large,4.6,510,60,105,Medium,Standard,West India,1920
SIH-01709,Blue Pottery,Ceramic,Glazing,Small,2.2,190,25,35,Low,Standard,West India,590
SIH-01710,Thanjavur Painting,Wood,Gold Leaf Work,Medium,51.0,2780,390,480,High,Moderate,South India,24500
SIH-01711,Blue Pottery,Ceramic,Glazing,Small,2.8,250,30,35,Low,Standard,West India,940
SIH-01712,Kalamkari,Cotton,Block Printing,Small,4.7,270,15,25,Low,Light,South India,1320
SIH-01713,Sikki Craft,Sikki Grass,Hand Weaving,Small,7.3,100,20,30,Low,High,East India,1500
SIH-01714,Channapatna,Wood,Lac Turning,Medium,4.3,130,20,45,Low,Standard,South India,1090
SIH-01715,Sikki Craft,Sikki Grass,Hand Weaving,Medium,6.1,80,35,40,Low,Standard,East India,1330
SIH-01716,Sandalwood Carving,Sandalwood,Wood Carving,Small,5.9,1500,100,155,Low,Standard,South India,4860
SIH-01717,Channapatna,Wood,Lac Turning,Large,6.9,250,35,30,Medium,Light,South India,1420
SIH-01718,Dhokra,Brass,Lost Wax Casting,Medium,32.2,1010,250,295,High,Moderate,Central India,11050
SIH-01719,Moradabad Metal Craft,Brass,Metal Engraving,Small,16.4,880,130,190,Medium,Moderate,North India,6290
SIH-01720,Pipili Applique,Cotton,Applique,Medium,18.5,280,85,90,Medium,Light,East India,4280
SIH-01721,Blue Pottery,Ceramic,Glazing,Small,3.6,140,40,30,Low,Standard,West India,1010
SIH-01722,Thanjavur Painting,Wood,Gold Leaf Work,Small,30.2,2290,270,425,Medium,Standard,South India,14650
SIH-01723,Kutch Embroidery,Cotton,Hand Embroidery,Large,15.6,420,40,40,High,Standard,West India,3190
SIH-01724,Madhubani,Paper,Hand Painting,Medium,47.1,160,125,185,Medium,High,East India,11490
SIH-01725,Bastar Dhokra,Bell Metal,Lost Wax Casting,Medium,22.6,2130,240,300,Medium,Standard,Central India,8980
SIH-01726,Blue Pottery,Ceramic,Glazing,Medium,3.8,180,25,55,Low,Moderate,West India,1090
SIH-01727,Madhubani,Paper,Hand Painting,Small,17.5,180,45,95,Low,Light,East India,4390
SIH-01728,Blue Pottery,Ceramic,Glazing,Small,1.9,270,30,25,Low,Moderate,West India,860
SIH-01729,Blue Pottery,Ceramic,Glazing,Large,5.1,320,30,80,Medium,Standard,West India,1650
SIH-01730,Kashmir Walnut Wood Carving,Walnut Wood,Wood Carving,Medium,11.2,790,115,140,Medium,Light,North India,4320
SIH-01731,Kutch Embroidery,Cotton,Hand Embroidery,Small,8.6,310,35,60,Low,Standard,West India,2420
SIH-01732,Blue Pottery,Ceramic,Glazing,Large,9.3,380,65,95,Medium,Moderate,West India,2270
SIH-01733,Thanjavur Painting,Wood,Gold Leaf Work,Small,35.2,1340,330,240,Medium,Moderate,South India,16080
SIH-01734,Blue Pottery,Ceramic,Glazing,Small,2.6,180,20,20,Low,Standard,West India,680
SIH-01735,Pashmina,Pashmina Wool,Hand Embroidery,Standard,111.2,5690,305,835,Medium,Light,North India,39460
SIH-01736,Blue Pottery,Ceramic,Glazing,Large,5.3,390,30,65,Medium,Moderate,West India,1590
SIH-01737,Pashmina,Pashmina Wool,Hand Embroidery,Standard,79.1,7680,400,390,Medium,Standard,North India,31410
SIH-01738,Sikki Craft,Sikki Grass,Hand Weaving,Small,5.2,100,15,20,Low,Light,East India,1000
SIH-01739,Madhubani,Paper,Hand Painting,Large,38.2,470,190,195,High,Moderate,East India,9140
SIH-01740,Channapatna,Wood,Lac Turning,Medium,4.5,190,40,30,Low,Standard,South India,1300
SIH-01741,Channapatna,Wood,Lac Turning,Medium,3.2,220,15,20,Low,Moderate,South India,830
SIH-01742,Kondapalli Toys,Soft Wood,Hand Painting,Small,3.6,160,30,25,Low,Moderate,South India,1100
SIH-01743,Bastar Dhokra,Bell Metal,Lost Wax Casting,Small,10.6,1400,160,150,Medium,Moderate,Central India,5110
SIH-01744,Madhubani,Paper,Hand Painting,Large,20.4,280,45,50,High,Moderate,East India,3940
SIH-01745,Phulkari,Cotton,Hand Embroidery,Standard,40.0,460,105,120,Medium,Standard,North India,9380
SIH-01746,Phulkari,Cotton,Hand Embroidery,Standard,40.9,380,150,95,Medium,Standard,North India,7150
SIH-01747,Channapatna,Wood,Lac Turning,Large,5.6,240,40,50,Medium,Standard,South India,1430
SIH-01748,Bastar Dhokra,Bell Metal,Lost Wax Casting,Small,13.1,1010,105,130,Medium,High,Central India,4990
SIH-01749,Kashmir Walnut Wood Carving,Walnut Wood,Wood Carving,Small,30.3,1040,240,195,Low,Light,North India,8970
SIH-01750,Sandalwood Carving,Sandalwood,Wood Carving,Medium,37.1,1410,300,355,Medium,Moderate,South India,14780
SIH-01751,Thanjavur Painting,Wood,Gold Leaf Work,Medium,50.6,2430,315,475,High,Moderate,South India,26490
SIH-01752,Kondapalli Toys,Soft Wood,Hand Painting,Large,11.0,260,30,60,High,Standard,South India,2000
SIH-01753,Thanjavur Painting,Wood,Gold Leaf Work,Medium,31.9,3690,365,430,High,Light,South India,18670
SIH-01754,Blue Pottery,Ceramic,Glazing,Large,5.7,420,55,65,Medium,Standard,West India,1640
SIH-01755,Kondapalli Toys,Soft Wood,Hand Painting,Small,1.3,230,15,20,Low,Standard,South India,580
SIH-01756,Channapatna,Wood,Lac Turning,Medium,2.6,160,15,20,Low,Standard,South India,770
SIH-01757,Phulkari,Cotton,Hand Embroidery,Standard,29.5,800,65,130,Medium,Light,North India,6400
SIH-01758,Bastar Dhokra,Bell Metal,Lost Wax Casting,Medium,25.0,1610,300,325,Medium,Moderate,Central India,8930
SIH-01759,Kalamkari,Cotton,Block Printing,Large,22.7,400,95,100,Medium,Standard,South India,5420
SIH-01760,Pipili Applique,Cotton,Applique,Large,17.0,300,45,45,Medium,Standard,East India,3130
SIH-01761,Dhokra,Brass,Lost Wax Casting,Small,6.0,1120,60,135,Medium,Light,Central India,3570
SIH-01762,Pashmina,Pashmina Wool,Hand Embroidery,Standard,84.9,5250,560,380,Medium,Standard,North India,32570
SIH-01763,Madhubani,Paper,Hand Painting,Small,22.2,120,60,90,Low,Light,East India,4660
SIH-01764,Madhubani,Paper,Hand Painting,Large,35.4,280,60,140,High,Standard,East India,6860
SIH-01765,Channapatna,Wood,Lac Turning,Small,2.4,110,15,25,Low,Standard,South India,660
SIH-01766,Madhubani,Paper,Hand Painting,Small,21.7,140,55,80,Low,High,East India,5120
SIH-01767,Dhokra,Brass,Lost Wax Casting,Large,34.5,1100,150,360,High,Light,Central India,8540
SIH-01768,Blue Pottery,Ceramic,Glazing,Small,1.7,200,20,20,Low,Standard,West India,600
SIH-01769,Phulkari,Cotton,Hand Embroidery,Standard,54.9,640,165,250,High,High,North India,10520
SIH-01770,Phulkari,Cotton,Hand Embroidery,Standard,29.1,640,135,145,Medium,Light,North India,7250
SIH-01771,Blue Pottery,Ceramic,Glazing,Small,1.2,110,15,25,Low,Standard,West India,420
SIH-01772,Madhubani,Paper,Hand Painting,Medium,44.6,210,90,135,Medium,High,East India,10910
SIH-01773,Sikki Craft,Sikki Grass,Hand Weaving,Medium,6.7,140,25,45,Medium,Moderate,East India,1270
SIH-01774,Channapatna,Wood,Lac Turning,Medium,2.7,120,15,20,Low,Standard,South India,570
SIH-01775,Blue Pottery,Ceramic,Glazing,Medium,4.3,190,50,35,Low,Light,West India,1240
SIH-01776,Madhubani,Paper,Hand Painting,Small,17.9,200,55,60,Low,Moderate,East India,3170
SIH-01777,Bastar Dhokra,Bell Metal,Lost Wax Casting,Medium,17.3,1340,175,310,Medium,Standard,Central India,7390
SIH-01778,Terracotta,Clay,Hand Moulding,Small,2.8,100,15,20,Low,Standard,East India,610
SIH-01779,Thanjavur Painting,Wood,Gold Leaf Work,Small,20.4,1600,170,405,Medium,Standard,South India,12770
SIH-01780,Dhokra,Brass,Lost Wax Casting,Small,11.5,420,120,125,Low,Moderate,Central India,3840
SIH-01781,Kondapalli Toys,Soft Wood,Hand Painting,Small,1.2,170,15,20,Low,Standard,South India,470
SIH-01782,Pashmina,Pashmina Wool,Hand Embroidery,Standard,99.9,7090,510,955,Medium,Light,North India,47720
SIH-01783,Bastar Dhokra,Bell Metal,Lost Wax Casting,Large,39.5,2800,440,495,High,Standard,Central India,14970
SIH-01784,Dhokra,Brass,Lost Wax Casting,Medium,6.2,1270,55,150,Medium,Standard,Central India,3410
SIH-01785,Madhubani,Paper,Hand Painting,Medium,19.4,140,55,95,Medium,Moderate,East India,4590
SIH-01786,Pipili Applique,Cotton,Applique,Large,13.7,460,55,45,High,High,East India,2830
SIH-01787,Pipili Applique,Cotton,Applique,Small,5.3,360,30,25,Low,Standard,East India,1580
SIH-01788,Terracotta,Clay,Hand Moulding,Medium,3.9,200,20,25,Low,Moderate,East India,950
SIH-01789,Pashmina,Pashmina Wool,Hand Embroidery,Standard,155.0,5140,815,770,High,Moderate,North India,50110
SIH-01790,Kutch Embroidery,Cotton,Hand Embroidery,Large,40.8,700,135,175,High,Standard,West India,8560
SIH-01791,Blue Pottery,Ceramic,Glazing,Large,2.4,300,20,45,Medium,Light,West India,960
SIH-01792,Banarasi,Silk,Handloom Weaving,Standard,97.1,4820,325,520,High,Standard,North India,34680
SIH-01793,Thanjavur Painting,Wood,Gold Leaf Work,Medium,51.8,3610,695,425,High,High,South India,28780
SIH-01794,Blue Pottery,Ceramic,Glazing,Large,4.8,400,35,70,Medium,Standard,West India,1380
SIH-01795,Terracotta,Clay,Hand Moulding,Small,4.0,180,20,45,Low,Light,East India,1010
SIH-01796,Blue Pottery,Ceramic,Glazing,Medium,4.0,260,25,50,Low,Standard,West India,1090
SIH-01797,Kondapalli Toys,Soft Wood,Hand Painting,Medium,8.7,410,45,55,Medium,Standard,South India,2350
SIH-01798,Madhubani,Paper,Hand Painting,Medium,23.6,130,80,125,Medium,Moderate,East India,5090
SIH-01799,Dhokra,Brass,Lost Wax Casting,Small,14.7,920,105,210,Low,Standard,Central India,5920
SIH-01800,Madhubani,Paper,Hand Painting,Small,7.2,90,15,25,Low,Standard,East India,1540
SIH-01801,Blue Pottery,Ceramic,Glazing,Medium,3.9,180,20,35,Low,Standard,West India,850
SIH-01802,Bastar Dhokra,Bell Metal,Lost Wax Casting,Small,9.2,1060,85,125,Low,Light,Central India,3710
SIH-01803,Pashmina,Pashmina Wool,Hand Embroidery,Standard,106.1,6390,330,780,Medium,Light,North India,38130
SIH-01804,Banarasi,Silk,Handloom Weaving,Standard,47.4,4160,195,240,Medium,Standard,North India,16220
SIH-01805,Channapatna,Wood,Lac Turning,Medium,2.9,170,20,25,Low,Standard,South India,730
SIH-01806,Dhokra,Brass,Lost Wax Casting,Small,7.5,580,80,115,Low,Standard,Central India,2830
SIH-01807,Bastar Dhokra,Bell Metal,Lost Wax Casting,Large,33.7,2970,385,440,High,Light,Central India,12950
SIH-01808,Banarasi,Silk,Handloom Weaving,Standard,91.9,7230,240,710,Medium,Light,North India,33290
SIH-01809,Thanjavur Painting,Wood,Gold Leaf Work,Large,33.2,5320,405,385,High,Light,South India,20660
SIH-01810,Terracotta,Clay,Hand Moulding,Small,2.8,90,15,20,Low,Moderate,East India,480
SIH-01811,Channapatna,Wood,Lac Turning,Small,1.4,180,15,20,Low,Moderate,South India,540
SIH-01812,Blue Pottery,Ceramic,Glazing,Medium,1.5,180,15,20,Low,Standard,West India,560
SIH-01813,Dhokra,Brass,Lost Wax Casting,Small,11.0,1350,175,185,Medium,High,Central India,5560
SIH-01814,Bastar Dhokra,Bell Metal,Lost Wax Casting,Medium,34.9,1690,310,450,Medium,Moderate,Central India,12450
SIH-01815,Bastar Dhokra,Bell Metal,Lost Wax Casting,Medium,42.5,2160,240,360,High,Moderate,Central India,13620
SIH-01816,Channapatna,Wood,Lac Turning,Medium,5.0,170,45,55,Low,Standard,South India,1490
SIH-01817,Kutch Embroidery,Cotton,Hand Embroidery,Large,28.7,630,80,120,High,Standard,West India,5330
SIH-01818,Blue Pottery,Ceramic,Glazing,Small,2.1,240,35,25,Low,Standard,West India,840
SIH-01819,Terracotta,Clay,Hand Moulding,Medium,2.9,170,15,25,Low,Light,East India,640
SIH-01820,Phulkari,Cotton,Hand Embroidery,Standard,7.2,620,45,45,Medium,Light,North India,2660
SIH-01821,Phulkari,Cotton,Hand Embroidery,Standard,28.5,650,110,115,Medium,Standard,North India,6440
SIH-01822,Kashmir Walnut Wood Carving,Walnut Wood,Wood Carving,Large,58.3,1500,235,380,High,Standard,North India,15700
SIH-01823,Dhokra,Brass,Lost Wax Casting,Medium,19.9,2150,125,235,Medium,Light,Central India,8230
SIH-01824,Pipili Applique,Cotton,Applique,Medium,10.2,340,35,55,Medium,Light,East India,2460
SIH-01825,Sandalwood Carving,Sandalwood,Wood Carving,Large,60.7,3890,495,660,High,Light,South India,21940
SIH-01826,Kondapalli Toys,Soft Wood,Hand Painting,Small,1.0,190,15,20,Low,Standard,South India,510
SIH-01827,Banarasi,Silk,Handloom Weaving,Standard,115.2,7040,410,950,High,Standard,North India,50170
SIH-01828,Pipili Applique,Cotton,Applique,Large,18.5,750,100,60,High,Standard,East India,4730
SIH-01829,Thanjavur Painting,Wood,Gold Leaf Work,Small,15.8,2270,230,280,Medium,Standard,South India,9220
SIH-01830,Pipili Applique,Cotton,Applique,Large,28.4,300,85,135,High,Moderate,East India,4400
SIH-01831,Pashmina,Pashmina Wool,Hand Embroidery,Standard,43.2,4830,365,345,Medium,Standard,North India,20950
SIH-01832,Phulkari,Cotton,Hand Embroidery,Standard,46.2,370,220,235,High,Moderate,North India,14600
SIH-01833,Moradabad Metal Craft,Brass,Metal Engraving,Small,13.9,1220,70,195,Low,High,North India,4600
SIH-01834,Terracotta,Clay,Hand Moulding,Medium,5.4,160,25,50,Low,Standard,East India,1120
SIH-01835,Sikki Craft,Sikki Grass,Hand Weaving,Small,1.5,100,15,20,Low,Moderate,East India,370
SIH-01836,Madhubani,Paper,Hand Painting,Large,20.0,210,70,85,Medium,Standard,East India,4260
SIH-01837,Phulkari,Cotton,Hand Embroidery,Standard,17.5,420,90,115,High,Light,North India,4790
SIH-01838,Pipili Applique,Cotton,Applique,Medium,10.5,400,25,75,Medium,Moderate,East India,2710
SIH-01839,Blue Pottery,Ceramic,Glazing,Large,6.4,330,60,60,Medium,Standard,West India,1760
SIH-01840,Kashmir Walnut Wood Carving,Walnut Wood,Wood Carving,Large,28.0,1860,135,330,High,Standard,North India,8090
SIH-01841,Blue Pottery,Ceramic,Glazing,Medium,4.1,210,20,50,Low,Standard,West India,970
SIH-01842,Bastar Dhokra,Bell Metal,Lost Wax Casting,Small,14.2,1010,110,255,Low,Standard,Central India,5790
SIH-01843,Sandalwood Carving,Sandalwood,Wood Carving,Medium,39.8,1970,400,420,Medium,Standard,South India,14860
SIH-01844,Blue Pottery,Ceramic,Glazing,Large,4.6,370,55,65,Medium,Standard,West India,1420
SIH-01845,Bastar Dhokra,Bell Metal,Lost Wax Casting,Medium,28.9,1660,200,370,Medium,Light,Central India,11940
SIH-01846,Kutch Embroidery,Cotton,Hand Embroidery,Medium,31.0,310,120,155,Medium,Standard,West India,7250
SIH-01847,Channapatna,Wood,Lac Turning,Large,6.4,220,55,40,Low,Standard,South India,1760
SIH-01848,Blue Pottery,Ceramic,Glazing,Small,2.8,160,20,35,Low,Standard,West India,670
SIH-01849,Kutch Embroidery,Cotton,Hand Embroidery,Small,13.3,450,60,80,Low,Standard,West India,3620
SIH-01850,Kalamkari,Cotton,Block Printing,Medium,15.4,500,80,60,Low,Standard,South India,4120
SIH-01851,Banarasi,Silk,Handloom Weaving,Standard,67.8,4770,345,370,High,Standard,North India,24890
SIH-01852,Blue Pottery,Ceramic,Glazing,Small,2.7,190,30,30,Low,Moderate,West India,710
SIH-01853,Moradabad Metal Craft,Brass,Metal Engraving,Medium,17.5,2150,215,195,Medium,Light,North India,7750
SIH-01854,Dhokra,Brass,Lost Wax Casting,Small,16.3,990,120,135,Medium,High,Central India,4890
SIH-01855,Kondapalli Toys,Soft Wood,Hand Painting,Medium,3.2,350,15,25,Medium,Moderate,South India,1330
SIH-01856,Sandalwood Carving,Sandalwood,Wood Carving,Small,25.1,1210,130,200,Low,Standard,South India,7260
SIH-01857,Blue Pottery,Ceramic,Glazing,Small,1.8,150,15,25,Low,Moderate,West India,580
SIH-01858,Channapatna,Wood,Lac Turning,Small,4.4,130,25,35,Low,Light,South India,940
SIH-01859,Blue Pottery,Ceramic,Glazing,Medium,2.6,190,25,50,Low,Standard,West India,800
SIH-01860,Blue Pottery,Ceramic,Glazing,Medium,3.4,320,30,30,Low,Standard,West India,1120
SIH-01861,Moradabad Metal Craft,Brass,Metal Engraving,Small,9.8,1300,120,160,Low,Light,North India,4960
SIH-01862,Terracotta,Clay,Hand Moulding,Medium,2.2,160,15,20,Low,Standard,East India,610
SIH-01863,Madhubani,Paper,Hand Painting,Large,36.6,430,115,110,High,Moderate,East India,7320
SIH-01864,Channapatna,Wood,Lac Turning,Medium,1.7,90,15,20,Low,Light,South India,520
SIH-01865,Banarasi,Silk,Handloom Weaving,Standard,70.2,5650,240,350,High,Moderate,North India,31650
SIH-01866,Sikki Craft,Sikki Grass,Hand Weaving,Medium,5.8,140,25,45,Medium,Light,East India,1370
SIH-01867,Sandalwood Carving,Sandalwood,Wood Carving,Large,75.0,2650,620,500,High,Light,South India,26670
SIH-01868,Bastar Dhokra,Bell Metal,Lost Wax Casting,Medium,15.5,1670,230,260,Medium,Light,Central India,6430
SIH-01869,Blue Pottery,Ceramic,Glazing,Small,1.6,230,15,20,Low,Light,West India,600
SIH-01870,Pashmina,Pashmina Wool,Hand Embroidery,Standard,101.1,5010,465,785,Medium,Light,North India,41540
SIH-01871,Kashmir Walnut Wood Carving,Walnut Wood,Wood Carving,Large,31.0,1840,325,320,High,Moderate,North India,12790
SIH-01872,Blue Pottery,Ceramic,Glazing,Large,5.0,520,60,85,Medium,Light,West India,1860
SIH-01873,Blue Pottery,Ceramic,Glazing,Small,3.6,220,45,50,Low,Moderate,West India,1120
SIH-01874,Pipili Applique,Cotton,Applique,Large,14.6,560,45,55,High,Moderate,East India,3280
SIH-01875,Sandalwood Carving,Sandalwood,Wood Carving,Medium,34.4,3920,300,395,High,Moderate,South India,17720
SIH-01876,Kondapalli Toys,Soft Wood,Hand Painting,Large,3.3,260,25,35,Medium,Standard,South India,980
SIH-01877,Blue Pottery,Ceramic,Glazing,Large,4.6,610,65,85,Medium,Standard,West India,1940
SIH-01878,Kashmir Walnut Wood Carving,Walnut Wood,Wood Carving,Medium,40.5,1280,270,430,High,Standard,North India,12320
SIH-01879,Kondapalli Toys,Soft Wood,Hand Painting,Small,2.6,180,15,20,Low,Moderate,South India,650
SIH-01880,Blue Pottery,Ceramic,Glazing,Large,6.9,400,40,55,Medium,Standard,West India,1750
SIH-01881,Pashmina,Pashmina Wool,Hand Embroidery,Standard,70.7,5120,460,645,Medium,Standard,North India,31780
SIH-01882,Kashmir Walnut Wood Carving,Walnut Wood,Wood Carving,Medium,26.8,850,130,250,Medium,Light,North India,7990
SIH-01883,Pipili Applique,Cotton,Applique,Large,28.1,440,130,110,High,Moderate,East India,6800
SIH-01884,Kalamkari,Cotton,Block Printing,Small,5.4,300,25,35,Low,High,South India,1710
SIH-01885,Madhubani,Paper,Hand Painting,Small,13.5,120,40,45,Low,Light,East India,2320
SIH-01886,Kondapalli Toys,Soft Wood,Hand Painting,Small,4.0,150,20,30,Low,Standard,South India,820
SIH-01887,Pashmina,Pashmina Wool,Hand Embroidery,Standard,59.8,6300,325,560,Medium,Standard,North India,24330
SIH-01888,Blue Pottery,Ceramic,Glazing,Small,3.6,280,40,40,Low,Moderate,West India,1060
SIH-01889,Channapatna,Wood,Lac Turning,Small,2.0,120,15,20,Low,Standard,South India,470
SIH-01890,Kondapalli Toys,Soft Wood,Hand Painting,Small,2.7,210,20,40,Low,Standard,South India,990
SIH-01891,Banarasi,Silk,Handloom Weaving,Standard,56.4,6220,365,450,Medium,Standard,North India,30390
SIH-01892,Pipili Applique,Cotton,Applique,Small,4.9,160,15,20,Low,Standard,East India,960
SIH-01893,Blue Pottery,Ceramic,Glazing,Medium,4.8,300,60,40,Low,Moderate,West India,1490
SIH-01894,Blue Pottery,Ceramic,Glazing,Small,2.0,150,25,30,Low,Standard,West India,680
SIH-01895,Blue Pottery,Ceramic,Glazing,Small,3.5,130,20,50,Low,Light,West India,870
SIH-01896,Blue Pottery,Ceramic,Glazing,Large,7.1,280,50,50,Medium,Light,West India,1920
SIH-01897,Dhokra,Brass,Lost Wax Casting,Large,28.5,2520,330,240,High,Moderate,Central India,10550
SIH-01898,Thanjavur Painting,Wood,Gold Leaf Work,Large,31.0,4060,385,440,High,Standard,South India,21920
SIH-01899,Bastar Dhokra,Bell Metal,Lost Wax Casting,Small,5.9,630,95,125,Low,Moderate,Central India,2820
SIH-01900,Thanjavur Painting,Wood,Gold Leaf Work,Large,32.7,5380,465,680,High,Moderate,South India,22840
SIH-01901,Banarasi,Silk,Handloom Weaving,Standard,86.2,3550,290,295,Medium,Standard,North India,27520
SIH-01902,Pashmina,Pashmina Wool,Hand Embroidery,Standard,78.6,4700,280,350,Medium,Standard,North India,30210
SIH-01903,Channapatna,Wood,Lac Turning,Small,4.3,120,20,35,Low,Light,South India,1050
SIH-01904,Pashmina,Pashmina Wool,Hand Embroidery,Standard,149.5,5070,495,915,High,High,North India,60380
SIH-01905,Terracotta,Clay,Hand Moulding,Large,8.0,170,55,40,Medium,Standard,East India,1540
SIH-01906,Sandalwood Carving,Sandalwood,Wood Carving,Medium,49.3,1830,270,335,Medium,Standard,South India,13050
SIH-01907,Terracotta,Clay,Hand Moulding,Small,5.2,120,25,35,Low,Standard,East India,980
SIH-01908,Blue Pottery,Ceramic,Glazing,Large,4.8,540,40,60,Medium,Standard,West India,1560
SIH-01909,Phulkari,Cotton,Hand Embroidery,Standard,66.6,470,200,280,High,Light,North India,13350
SIH-01910,Kashmir Walnut Wood Carving,Walnut Wood,Wood Carving,Medium,34.0,1450,150,250,High,Light,North India,9210
SIH-01911,Pipili Applique,Cotton,Applique,Medium,12.0,330,65,65,Medium,Light,East India,2840
SIH-01912,Banarasi,Silk,Handloom Weaving,Standard,124.9,6410,725,565,Medium,Standard,North India,45900
SIH-01913,Kashmir Walnut Wood Carving,Walnut Wood,Wood Carving,Medium,25.5,1240,220,295,High,High,North India,8600
SIH-01914,Thanjavur Painting,Wood,Gold Leaf Work,Small,47.7,1950,510,695,Medium,Standard,South India,26110
SIH-01915,Phulkari,Cotton,Hand Embroidery,Standard,30.4,790,130,115,High,Moderate,North India,7590
SIH-01916,Moradabad Metal Craft,Brass,Metal Engraving,Medium,9.4,1460,130,175,Medium,Light,North India,4120
SIH-01917,Banarasi,Silk,Handloom Weaving,Standard,110.5,3330,500,815,High,Light,North India,41100
SIH-01918,Dhokra,Brass,Lost Wax Casting,Large,12.8,2560,105,160,High,Moderate,Central India,7410
SIH-01919,Sandalwood Carving,Sandalwood,Wood Carving,Large,56.5,3980,505,460,High,Moderate,South India,20240
SIH-01920,Pipili Applique,Cotton,Applique,Small,3.2,240,15,20,Low,Standard,East India,750
SIH-01921,Blue Pottery,Ceramic,Glazing,Small,2.7,230,20,35,Low,High,West India,930
SIH-01922,Kutch Embroidery,Cotton,Hand Embroidery,Small,23.6,300,85,135,Medium,Moderate,West India,7080
SIH-01923,Madhubani,Paper,Hand Painting,Medium,10.5,280,45,60,Medium,Standard,East India,2650
SIH-01924,Kalamkari,Cotton,Block Printing,Small,3.8,530,15,40,Low,Moderate,South India,1480
SIH-01925,Kondapalli Toys,Soft Wood,Hand Painting,Small,2.4,160,20,20,Low,Light,South India,680
SIH-01926,Sikki Craft,Sikki Grass,Hand Weaving,Small,1.8,80,15,20,Low,Standard,East India,390
SIH-01927,Madhubani,Paper,Hand Painting,Small,20.7,150,45,70,Low,Light,East India,4070
SIH-01928,Dhokra,Brass,Lost Wax Casting,Small,4.7,1240,70,125,Medium,Light,Central India,2930
SIH-01929,Pashmina,Pashmina Wool,Hand Embroidery,Standard,67.0,6090,270,575,High,Light,North India,24800
SIH-01930,Kutch Embroidery,Cotton,Hand Embroidery,Small,14.0,220,40,65,Medium,High,West India,3600
SIH-01931,Kashmir Walnut Wood Carving,Walnut Wood,Wood Carving,Medium,46.2,1510,215,330,High,High,North India,13570
SIH-01932,Channapatna,Wood,Lac Turning,Large,8.9,290,25,70,Medium,Light,South India,1740
SIH-01933,Kondapalli Toys,Soft Wood,Hand Painting,Large,8.6,570,30,70,Medium,Light,South India,2290
SIH-01934,Thanjavur Painting,Wood,Gold Leaf Work,Small,30.1,2290,225,240,Medium,High,South India,14380
SIH-01935,Kalamkari,Cotton,Block Printing,Medium,20.3,690,65,115,Medium,Moderate,South India,5410
SIH-01936,Banarasi,Silk,Handloom Weaving,Standard,104.3,4600,320,545,High,Standard,North India,34500
SIH-01937,Kalamkari,Cotton,Block Printing,Medium,15.0,400,45,95,Medium,High,South India,3850
SIH-01938,Blue Pottery,Ceramic,Glazing,Large,3.3,270,45,40,Medium,Light,West India,1100
SIH-01939,Bastar Dhokra,Bell Metal,Lost Wax Casting,Large,18.3,2370,140,385,High,Light,Central India,10070
SIH-01940,Sikki Craft,Sikki Grass,Hand Weaving,Medium,6.7,140,25,45,Medium,Light,East India,1420
SIH-01941,Thanjavur Painting,Wood,Gold Leaf Work,Medium,52.0,3480,585,650,High,Standard,South India,29340
SIH-01942,Kalamkari,Cotton,Block Printing,Small,11.5,430,35,85,Low,Moderate,South India,3100
SIH-01943,Moradabad Metal Craft,Brass,Metal Engraving,Small,12.9,1280,130,170,Low,Standard,North India,4750
SIH-01944,Pipili Applique,Cotton,Applique,Medium,4.4,350,20,25,Medium,Moderate,East India,1480
SIH-01945,Blue Pottery,Ceramic,Glazing,Medium,2.0,210,25,35,Low,Light,West India,720
SIH-01946,Terracotta,Clay,Hand Moulding,Large,9.8,310,85,90,Medium,Standard,East India,2270
SIH-01947,Terracotta,Clay,Hand Moulding,Medium,6.6,230,55,75,Low,Light,East India,1450
SIH-01948,Blue Pottery,Ceramic,Glazing,Medium,1.5,290,25,20,Low,Light,West India,710
SIH-01949,Kutch Embroidery,Cotton,Hand Embroidery,Medium,14.4,620,80,120,Medium,Light,West India,5310
SIH-01950,Blue Pottery,Ceramic,Glazing,Medium,4.4,350,30,45,Low,Standard,West India,1360
SIH-01951,Kondapalli Toys,Soft Wood,Hand Painting,Small,4.8,150,35,50,Low,Standard,South India,1380
SIH-01952,Kondapalli Toys,Soft Wood,Hand Painting,Large,10.0,420,50,55,High,Light,South India,2560
SIH-01953,Blue Pottery,Ceramic,Glazing,Small,2.0,110,15,30,Low,Moderate,West India,580
SIH-01954,Kutch Embroidery,Cotton,Hand Embroidery,Small,20.1,260,60,75,Low,Light,West India,3790
SIH-01955,Madhubani,Paper,Hand Painting,Large,49.5,280,220,165,Medium,Light,East India,10970
SIH-01956,Kutch Embroidery,Cotton,Hand Embroidery,Medium,34.2,570,170,230,High,Light,West India,8200
SIH-01957,Pashmina,Pashmina Wool,Hand Embroidery,Standard,116.2,5700,440,785,High,Standard,North India,33100
SIH-01958,Kondapalli Toys,Soft Wood,Hand Painting,Medium,5.8,320,35,30,Low,Standard,South India,1790
SIH-01959,Kutch Embroidery,Cotton,Hand Embroidery,Large,21.5,570,85,105,High,Light,West India,5570
SIH-01960,Moradabad Metal Craft,Brass,Metal Engraving,Large,20.5,1880,200,420,High,Moderate,North India,8740
SIH-01961,Blue Pottery,Ceramic,Glazing,Large,5.5,320,45,45,Medium,Standard,West India,1380
SIH-01962,Thanjavur Painting,Wood,Gold Leaf Work,Medium,57.1,2400,395,595,High,Light,South India,27340
SIH-01963,Blue Pottery,Ceramic,Glazing,Medium,2.7,160,20,40,Low,Standard,West India,810
SIH-01964,Blue Pottery,Ceramic,Glazing,Small,2.1,170,15,25,Low,Standard,West India,590
SIH-01965,Madhubani,Paper,Hand Painting,Medium,19.3,220,50,70,Low,Standard,East India,4650
SIH-01966,Kutch Embroidery,Cotton,Hand Embroidery,Small,14.7,160,55,60,Low,Standard,West India,2550
SIH-01967,Sikki Craft,Sikki Grass,Hand Weaving,Medium,3.6,140,15,20,Medium,Light,East India,770
SIH-01968,Phulkari,Cotton,Hand Embroidery,Standard,24.7,520,105,120,Medium,Light,North India,7530
SIH-01969,Kutch Embroidery,Cotton,Hand Embroidery,Large,39.8,510,130,235,High,Moderate,West India,8340
SIH-01970,Channapatna,Wood,Lac Turning,Medium,1.1,110,15,20,Low,Standard,South India,400
SIH-01971,Dhokra,Brass,Lost Wax Casting,Small,7.8,800,75,85,Low,Moderate,Central India,3030
SIH-01972,Pipili Applique,Cotton,Applique,Medium,6.1,280,25,45,Low,Light,East India,1440
SIH-01973,Sandalwood Carving,Sandalwood,Wood Carving,Small,18.6,1360,175,195,Medium,Standard,South India,6950
SIH-01974,Pashmina,Pashmina Wool,Hand Embroidery,Standard,140.4,4910,520,620,Medium,Moderate,North India,43340
SIH-01975,Terracotta,Clay,Hand Moulding,Small,2.8,150,15,25,Low,Standard,East India,620
SIH-01976,Blue Pottery,Ceramic,Glazing,Medium,3.4,190,40,50,Low,Light,West India,950
SIH-01977,Channapatna,Wood,Lac Turning,Small,1.1,110,15,20,Low,Light,South India,410
SIH-01978,Bastar Dhokra,Bell Metal,Lost Wax Casting,Small,11.3,1710,180,185,Medium,Moderate,Central India,5710
SIH-01979,Kutch Embroidery,Cotton,Hand Embroidery,Medium,25.0,490,100,80,High,High,West India,6110
SIH-01980,Terracotta,Clay,Hand Moulding,Small,2.7,80,15,20,Low,Standard,East India,470
SIH-01981,Channapatna,Wood,Lac Turning,Small,1.7,110,15,20,Low,Standard,South India,520
SIH-01982,Dhokra,Brass,Lost Wax Casting,Small,13.5,850,115,85,Low,Standard,Central India,4290
SIH-01983,Sandalwood Carving,Sandalwood,Wood Carving,Large,37.0,5620,250,465,High,Standard,South India,18210
SIH-01984,Phulkari,Cotton,Hand Embroidery,Standard,32.4,570,95,130,High,Light,North India,6910
SIH-01985,Madhubani,Paper,Hand Painting,Medium,30.6,140,110,100,Medium,High,East India,5290
SIH-01986,Kutch Embroidery,Cotton,Hand Embroidery,Large,35.6,720,145,165,High,Standard,West India,8650
SIH-01987,Phulkari,Cotton,Hand Embroidery,Standard,35.8,800,165,130,Medium,Moderate,North India,10680
SIH-01988,Pipili Applique,Cotton,Applique,Large,10.1,280,30,25,Medium,Standard,East India,1710
SIH-01989,Moradabad Metal Craft,Brass,Metal Engraving,Small,7.8,650,45,60,Low,Standard,North India,2510
SIH-01990,Madhubani,Paper,Hand Painting,Small,10.5,180,55,75,Low,Moderate,East India,2990
SIH-01991,Kashmir Walnut Wood Carving,Walnut Wood,Wood Carving,Medium,10.8,2230,135,120,High,Moderate,North India,5970
SIH-01992,Sikki Craft,Sikki Grass,Hand Weaving,Medium,6.5,170,35,50,Medium,Standard,East India,1710
SIH-01993,Channapatna,Wood,Lac Turning,Medium,1.5,110,15,20,Low,Standard,South India,450
SIH-01994,Blue Pottery,Ceramic,Glazing,Large,5.5,510,80,55,Medium,Standard,West India,1890
SIH-01995,Blue Pottery,Ceramic,Glazing,Small,3.2,130,25,35,Low,Light,West India,810
SIH-01996,Thanjavur Painting,Wood,Gold Leaf Work,Large,46.1,3890,480,820,High,Standard,South India,26200
SIH-01997,Phulkari,Cotton,Hand Embroidery,Standard,31.6,510,90,205,Medium,Light,North India,8420
SIH-01998,Kashmir Walnut Wood Carving,Walnut Wood,Wood Carving,Medium,38.1,1120,295,340,High,Moderate,North India,11450
SIH-01999,Moradabad Metal Craft,Brass,Metal Engraving,Small,4.9,550,55,55,Low,Standard,North India,2150
SIH-02000,Sikki Craft,Sikki Grass,Hand Weaving,Small,5.3,130,15,20,Low,High,East India,1090
SIH-02001,Kutch Embroidery,Cotton,Hand Embroidery,Large,23.5,570,60,85,High,Light,West India,5820
SIH-02002,Madhubani,Paper,Hand Painting,Medium,11.8,290,50,45,Medium,Standard,East India,2220
SIH-02003,Thanjavur Painting,Wood,Gold Leaf Work,Large,52.2,4160,405,530,High,Standard,South India,28510
SIH-02004,Moradabad Metal Craft,Brass,Metal Engraving,Medium,20.2,810,210,125,Medium,Light,North India,5900
SIH-02005,Phulkari,Cotton,Hand Embroidery,Standard,10.0,860,60,45,Medium,Standard,North India,3640
SIH-02006,Pashmina,Pashmina Wool,Hand Embroidery,Standard,59.9,6800,455,365,Medium,Standard,North India,32210
SIH-02007,Kondapalli Toys,Soft Wood,Hand Painting,Small,2.3,200,20,20,Low,Standard,South India,720
SIH-02008,Sikki Craft,Sikki Grass,Hand Weaving,Medium,2.4,90,15,20,Low,Standard,East India,620
SIH-02009,Bastar Dhokra,Bell Metal,Lost Wax Casting,Small,15.4,850,140,240,Medium,High,Central India,6190
SIH-02010,Banarasi,Silk,Handloom Weaving,Standard,102.9,4320,265,705,High,Standard,North India,33940
SIH-02011,Pashmina,Pashmina Wool,Hand Embroidery,Standard,121.8,5990,410,990,High,High,North India,48830
SIH-02012,Sandalwood Carving,Sandalwood,Wood Carving,Medium,6.6,3280,140,255,Medium,Standard,South India,7370
SIH-02013,Phulkari,Cotton,Hand Embroidery,Standard,46.1,520,105,285,High,High,North India,10800
SIH-02014,Sikki Craft,Sikki Grass,Hand Weaving,Large,9.5,210,40,85,High,Light,East India,2440
SIH-02015,Bastar Dhokra,Bell Metal,Lost Wax Casting,Large,28.9,2240,205,270,High,Standard,Central India,12200
SIH-02016,Sikki Craft,Sikki Grass,Hand Weaving,Large,14.0,210,60,95,High,Standard,East India,2960
SIH-02017,Banarasi,Silk,Handloom Weaving,Standard,87.7,4170,215,400,High,Moderate,North India,27090
SIH-02018,Blue Pottery,Ceramic,Glazing,Medium,3.9,190,35,25,Low,Standard,West India,900
SIH-02019,Kutch Embroidery,Cotton,Hand Embroidery,Medium,25.0,440,65,80,Medium,Light,West India,5320
SIH-02020,Pashmina,Pashmina Wool,Hand Embroidery,Standard,76.5,6910,325,680,High,Light,North India,34830
SIH-02021,Blue Pottery,Ceramic,Glazing,Medium,2.8,280,35,30,Low,Standard,West India,960
SIH-02022,Kutch Embroidery,Cotton,Hand Embroidery,Large,23.7,930,110,135,High,High,West India,6380
SIH-02023,Thanjavur Painting,Wood,Gold Leaf Work,Small,37.0,1270,260,300,Medium,Light,South India,17760
SIH-02024,Kondapalli Toys,Soft Wood,Hand Painting,Small,1.8,230,15,25,Low,Light,South India,620
SIH-02025,Sikki Craft,Sikki Grass,Hand Weaving,Small,3.9,60,20,25,Low,Light,East India,700
SIH-02026,Terracotta,Clay,Hand Moulding,Small,4.7,190,20,45,Low,Moderate,East India,930
SIH-02027,Sikki Craft,Sikki Grass,Hand Weaving,Small,4.8,80,20,20,Low,Standard,East India,840
SIH-02028,Bastar Dhokra,Bell Metal,Lost Wax Casting,Small,15.6,950,165,185,Medium,High,Central India,6060
SIH-02029,Sandalwood Carving,Sandalwood,Wood Carving,Large,108.2,2870,725,925,High,Moderate,South India,29140
SIH-02030,Phulkari,Cotton,Hand Embroidery,Standard,37.5,540,155,195,Medium,Standard,North India,10380
SIH-02031,Sikki Craft,Sikki Grass,Hand Weaving,Small,5.6,60,15,35,Low,Standard,East India,1260
SIH-02032,Thanjavur Painting,Wood,Gold Leaf Work,Large,36.0,4340,465,635,High,Light,South India,22810
SIH-02033,Blue Pottery,Ceramic,Glazing,Medium,3.1,330,20,40,Low,Standard,West India,980
SIH-02034,Kutch Embroidery,Cotton,Hand Embroidery,Large,37.9,680,165,140,High,Light,West India,8160
SIH-02035,Kutch Embroidery,Cotton,Hand Embroidery,Medium,34.2,380,140,190,High,Moderate,West India,8530
SIH-02036,Blue Pottery,Ceramic,Glazing,Large,4.5,450,30,80,Medium,Standard,West India,1530
SIH-02037,Kalamkari,Cotton,Block Printing,Medium,7.6,730,40,55,Low,Standard,South India,2650
SIH-02038,Madhubani,Paper,Hand Painting,Small,18.0,210,55,70,Low,Standard,East India,3330
SIH-02039,Blue Pottery,Ceramic,Glazing,Medium,1.9,260,30,40,Low,Standard,West India,860
SIH-02040,Blue Pottery,Ceramic,Glazing,Small,1.6,160,15,20,Low,Standard,West India,550
SIH-02041,Phulkari,Cotton,Hand Embroidery,Standard,49.9,600,200,230,High,High,North India,13810
SIH-02042,Pashmina,Pashmina Wool,Hand Embroidery,Standard,62.4,6400,360,595,Medium,Light,North India,31210
SIH-02043,Blue Pottery,Ceramic,Glazing,Large,9.7,590,75,85,Medium,Moderate,West India,2440
SIH-02044,Banarasi,Silk,Handloom Weaving,Standard,58.3,3880,410,460,Medium,Standard,North India,25840
SIH-02045,Pipili Applique,Cotton,Applique,Small,6.7,240,30,30,Low,Light,East India,1370
SIH-02046,Channapatna,Wood,Lac Turning,Small,2.7,110,15,20,Low,Standard,South India,640
SIH-02047,Bastar Dhokra,Bell Metal,Lost Wax Casting,Medium,27.3,1940,295,390,High,Moderate,Central India,11070
SIH-02048,Blue Pottery,Ceramic,Glazing,Small,1.8,140,20,20,Low,Standard,West India,550
SIH-02049,Channapatna,Wood,Lac Turning,Large,10.3,250,35,50,Medium,Light,South India,2170
SIH-02050,Banarasi,Silk,Handloom Weaving,Standard,135.4,3060,685,1010,High,Moderate,North India,51720
SIH-02051,Moradabad Metal Craft,Brass,Metal Engraving,Medium,15.3,1460,195,260,Medium,Standard,North India,6770
SIH-02052,Kutch Embroidery,Cotton,Hand Embroidery,Medium,26.3,440,65,160,Medium,Light,West India,5990
SIH-02053,Channapatna,Wood,Lac Turning,Small,1.6,110,15,20,Low,High,South India,420
SIH-02054,Kutch Embroidery,Cotton,Hand Embroidery,Large,20.0,840,50,105,High,Light,West India,5410
SIH-02055,Kondapalli Toys,Soft Wood,Hand Painting,Small,3.5,180,20,25,Low,Standard,South India,810
SIH-02056,Blue Pottery,Ceramic,Glazing,Small,2.7,160,20,45,Low,Standard,West India,780
SIH-02057,Thanjavur Painting,Wood,Gold Leaf Work,Medium,31.1,1550,235,260,High,Standard,South India,11420
SIH-02058,Terracotta,Clay,Hand Moulding,Medium,4.7,160,20,40,Low,Moderate,East India,1010
SIH-02059,Blue Pottery,Ceramic,Glazing,Large,3.3,260,20,50,Medium,Standard,West India,940
SIH-02060,Sandalwood Carving,Sandalwood,Wood Carving,Small,30.9,1630,210,215,Medium,High,South India,12840
SIH-02061,Terracotta,Clay,Hand Moulding,Large,5.2,380,65,80,Medium,Light,East India,1750
SIH-02062,Bastar Dhokra,Bell Metal,Lost Wax Casting,Large,28.5,2380,340,430,High,Moderate,Central India,12440
SIH-02063,Blue Pottery,Ceramic,Glazing,Large,4.9,390,65,70,Medium,Light,West India,1570
SIH-02064,Banarasi,Silk,Handloom Weaving,Standard,69.9,5520,475,415,Medium,Standard,North India,30490
SIH-02065,Kondapalli Toys,Soft Wood,Hand Painting,Medium,3.4,190,20,35,Medium,Standard,South India,1100
SIH-02066,Sandalwood Carving,Sandalwood,Wood Carving,Small,31.0,1630,165,205,Low,Standard,South India,12830
SIH-02067,Thanjavur Painting,Wood,Gold Leaf Work,Medium,36.2,3040,215,360,High,Standard,South India,18040
SIH-02068,Kalamkari,Cotton,Block Printing,Medium,8.8,490,40,65,Low,Light,South India,2580
SIH-02069,Blue Pottery,Ceramic,Glazing,Small,2.8,190,40,50,Low,Standard,West India,980
SIH-02070,Moradabad Metal Craft,Brass,Metal Engraving,Small,4.9,900,90,85,Low,Light,North India,2870
SIH-02071,Pipili Applique,Cotton,Applique,Large,15.4,440,40,40,High,High,East India,2860
SIH-02072,Sandalwood Carving,Sandalwood,Wood Carving,Medium,41.1,2320,405,525,Medium,Light,South India,17680
SIH-02073,Kutch Embroidery,Cotton,Hand Embroidery,Large,39.8,800,145,215,High,Moderate,West India,8510
SIH-02074,Phulkari,Cotton,Hand Embroidery,Standard,18.0,450,55,115,Medium,Light,North India,5190
SIH-02075,Thanjavur Painting,Wood,Gold Leaf Work,Small,37.4,2270,525,395,Medium,Moderate,South India,22360
SIH-02076,Kalamkari,Cotton,Block Printing,Small,6.6,360,40,40,Low,Standard,South India,2170
SIH-02077,Banarasi,Silk,Handloom Weaving,Standard,124.5,5340,305,895,High,Moderate,North India,42310
SIH-02078,Bastar Dhokra,Bell Metal,Lost Wax Casting,Small,14.6,630,170,215,Low,Light,Central India,4850
SIH-02079,Kalamkari,Cotton,Block Printing,Medium,15.6,650,45,60,Medium,Moderate,South India,4390
SIH-02080,Blue Pottery,Ceramic,Glazing,Small,3.4,190,25,40,Low,Light,West India,810
SIH-02081,Channapatna,Wood,Lac Turning,Small,3.4,140,15,35,Low,Standard,South India,960
SIH-02082,Bastar Dhokra,Bell Metal,Lost Wax Casting,Medium,25.0,1930,205,310,Medium,Light,Central India,8360
SIH-02083,Kutch Embroidery,Cotton,Hand Embroidery,Large,44.6,540,140,135,High,Standard,West India,8090
SIH-02084,Banarasi,Silk,Handloom Weaving,Standard,124.8,6670,800,620,High,Light,North India,55040
SIH-02085,Dhokra,Brass,Lost Wax Casting,Medium,19.5,1760,170,200,High,Moderate,Central India,8610
SIH-02086,Pashmina,Pashmina Wool,Hand Embroidery,Standard,50.4,6730,435,420,Medium,Standard,North India,27490
SIH-02087,Pipili Applique,Cotton,Applique,Large,21.5,830,75,85,High,Standard,East India,3980
SIH-02088,Phulkari,Cotton,Hand Embroidery,Standard,41.8,910,155,120,Medium,Standard,North India,8970
SIH-02089,Blue Pottery,Ceramic,Glazing,Medium,3.2,180,15,35,Low,Standard,West India,910
SIH-02090,Terracotta,Clay,Hand Moulding,Medium,1.9,160,15,25,Low,Standard,East India,530
SIH-02091,Terracotta,Clay,Hand Moulding,Medium,3.4,150,20,45,Low,Standard,East India,900
SIH-02092,Blue Pottery,Ceramic,Glazing,Medium,2.6,240,30,30,Low,Moderate,West India,840
SIH-02093,Pashmina,Pashmina Wool,Hand Embroidery,Standard,38.2,4580,245,330,Medium,Standard,North India,18760
SIH-02094,Dhokra,Brass,Lost Wax Casting,Small,7.3,640,55,135,Low,Standard,Central India,2880
SIH-02095,Kondapalli Toys,Soft Wood,Hand Painting,Small,4.9,250,25,45,Low,Standard,South India,1220
SIH-02096,Blue Pottery,Ceramic,Glazing,Small,1.1,140,20,25,Low,Standard,West India,450
SIH-02097,Blue Pottery,Ceramic,Glazing,Small,3.5,150,30,25,Low,Moderate,West India,990
SIH-02098,Kutch Embroidery,Cotton,Hand Embroidery,Large,32.1,970,65,140,High,Moderate,West India,6830
SIH-02099,Blue Pottery,Ceramic,Glazing,Medium,1.6,210,15,20,Low,Light,West India,670
SIH-02100,Sikki Craft,Sikki Grass,Hand Weaving,Small,3.4,80,15,20,Low,Standard,East India,560
SIH-02101,Blue Pottery,Ceramic,Glazing,Medium,3.4,230,25,35,Low,Standard,West India,1040
SIH-02102,Dhokra,Brass,Lost Wax Casting,Large,31.8,1190,205,485,High,High,Central India,11260
SIH-02103,Blue Pottery,Ceramic,Glazing,Medium,2.4,170,20,20,Low,Moderate,West India,610
SIH-02104,Blue Pottery,Ceramic,Glazing,Medium,3.1,280,45,55,Low,Standard,West India,940
SIH-02105,Sandalwood Carving,Sandalwood,Wood Carving,Large,52.4,5790,640,850,High,Standard,South India,24390
SIH-02106,Thanjavur Painting,Wood,Gold Leaf Work,Large,44.6,3880,555,480,High,Light,South India,27220
SIH-02107,Dhokra,Brass,Lost Wax Casting,Small,22.0,1390,190,320,Medium,High,Central India,9610
SIH-02108,Bastar Dhokra,Bell Metal,Lost Wax Casting,Large,32.9,2340,280,290,High,Standard,Central India,13610
SIH-02109,Pipili Applique,Cotton,Applique,Small,4.0,160,15,20,Low,Moderate,East India,840
SIH-02110,Kondapalli Toys,Soft Wood,Hand Painting,Small,3.0,250,15,25,Low,Light,South India,850
SIH-02111,Kalamkari,Cotton,Block Printing,Large,18.8,730,70,75,Medium,Standard,South India,4200
SIH-02112,Dhokra,Brass,Lost Wax Casting,Large,20.0,2480,270,250,High,Light,Central India,9100
SIH-02113,Pipili Applique,Cotton,Applique,Large,17.7,530,80,80,Medium,Moderate,East India,3670
SIH-02114,Dhokra,Brass,Lost Wax Casting,Small,9.8,490,115,120,Low,Light,Central India,3510
SIH-02115,Kondapalli Toys,Soft Wood,Hand Painting,Small,1.5,230,15,20,Low,Standard,South India,590
SIH-02116,Pashmina,Pashmina Wool,Hand Embroidery,Standard,113.1,8270,275,555,Medium,Light,North India,37410
SIH-02117,Terracotta,Clay,Hand Moulding,Small,1.6,160,20,20,Low,Standard,East India,500
SIH-02118,Bastar Dhokra,Bell Metal,Lost Wax Casting,Medium,9.5,2270,180,250,Medium,Standard,Central India,6110
SIH-02119,Madhubani,Paper,Hand Painting,Large,27.7,320,110,140,Medium,Standard,East India,5390
SIH-02120,Moradabad Metal Craft,Brass,Metal Engraving,Medium,8.4,1380,90,210,Medium,Standard,North India,4410
SIH-02121,Terracotta,Clay,Hand Moulding,Small,1.6,80,15,20,Low,Standard,East India,370
SIH-02122,Blue Pottery,Ceramic,Glazing,Large,8.0,380,50,65,Medium,Standard,West India,1810
SIH-02123,Blue Pottery,Ceramic,Glazing,Large,7.9,570,60,115,Medium,Light,West India,2420
SIH-02124,Thanjavur Painting,Wood,Gold Leaf Work,Large,31.3,3930,320,350,High,Light,South India,18310
SIH-02125,Banarasi,Silk,Handloom Weaving,Standard,101.0,3880,430,305,Medium,Standard,North India,29110
SIH-02126,Moradabad Metal Craft,Brass,Metal Engraving,Small,4.5,820,45,75,Low,Standard,North India,2290
SIH-02127,Sikki Craft,Sikki Grass,Hand Weaving,Medium,2.9,130,15,20,Medium,Moderate,East India,680
SIH-02128,Kalamkari,Cotton,Block Printing,Small,4.0,300,20,25,Low,Standard,South India,1220
SIH-02129,Kalamkari,Cotton,Block Printing,Small,6.1,320,25,20,Low,Standard,South India,1520
SIH-02130,Pipili Applique,Cotton,Applique,Large,11.3,640,45,50,Medium,Standard,East India,2670
SIH-02131,Sikki Craft,Sikki Grass,Hand Weaving,Small,1.6,80,15,20,Low,Light,East India,350
SIH-02132,Dhokra,Brass,Lost Wax Casting,Medium,21.9,1710,145,385,High,Moderate,Central India,9930
SIH-02133,Sandalwood Carving,Sandalwood,Wood Carving,Medium,27.3,2560,160,305,Medium,Light,South India,10730
SIH-02134,Kashmir Walnut Wood Carving,Walnut Wood,Wood Carving,Small,17.0,1040,160,250,Low,Standard,North India,6760
SIH-02135,Phulkari,Cotton,Hand Embroidery,Standard,21.1,700,55,145,Medium,Light,North India,5740
SIH-02136,Channapatna,Wood,Lac Turning,Small,2.3,110,15,20,Low,Light,South India,580
SIH-02137,Bastar Dhokra,Bell Metal,Lost Wax Casting,Large,25.4,2800,270,400,High,Standard,Central India,12180
SIH-02138,Sandalwood Carving,Sandalwood,Wood Carving,Medium,53.4,3670,450,540,Medium,Light,South India,19840
SIH-02139,Channapatna,Wood,Lac Turning,Small,3.3,110,15,20,Low,Light,South India,730
SIH-02140,Banarasi,Silk,Handloom Weaving,Standard,124.8,6020,785,565,High,Standard,North India,51280
SIH-02141,Terracotta,Clay,Hand Moulding,Large,4.1,250,45,60,Low,Standard,East India,1220
SIH-02142,Kondapalli Toys,Soft Wood,Hand Painting,Medium,2.0,160,15,20,Low,Standard,South India,590
SIH-02143,Kalamkari,Cotton,Block Printing,Small,9.6,380,40,35,Low,Light,South India,2190
SIH-02144,Moradabad Metal Craft,Brass,Metal Engraving,Small,2.4,580,45,70,Low,Standard,North India,1630
SIH-02145,Kalamkari,Cotton,Block Printing,Medium,6.6,600,40,50,Low,Standard,South India,1970
SIH-02146,Kashmir Walnut Wood Carving,Walnut Wood,Wood Carving,Small,26.4,870,235,165,Medium,Light,North India,9960
SIH-02147,Thanjavur Painting,Wood,Gold Leaf Work,Small,38.8,2300,410,535,Medium,Light,South India,17620
SIH-02148,Sikki Craft,Sikki Grass,Hand Weaving,Medium,4.4,110,25,25,Low,Standard,East India,910
SIH-02149,Phulkari,Cotton,Hand Embroidery,Standard,45.3,630,215,370,High,Light,North India,13570
SIH-02150,Kutch Embroidery,Cotton,Hand Embroidery,Large,28.9,820,100,90,High,High,West India,6340
SIH-02151,Kalamkari,Cotton,Block Printing,Small,7.4,380,15,25,Low,Moderate,South India,1690
SIH-02152,Channapatna,Wood,Lac Turning,Small,3.9,160,15,25,Low,Light,South India,810
SIH-02153,Dhokra,Brass,Lost Wax Casting,Large,36.5,1210,245,475,High,Light,Central India,11690
SIH-02154,Blue Pottery,Ceramic,Glazing,Large,5.2,260,25,45,Medium,Standard,West India,1230
SIH-02155,Phulkari,Cotton,Hand Embroidery,Standard,26.4,450,65,115,Medium,Light,North India,7360
SIH-02156,Banarasi,Silk,Handloom Weaving,Standard,168.3,5990,590,1270,High,Standard,North India,57270
SIH-02157,Moradabad Metal Craft,Brass,Metal Engraving,Medium,22.8,1340,320,185,Medium,Light,North India,8590
SIH-02158,Sandalwood Carving,Sandalwood,Wood Carving,Large,38.5,4560,235,395,High,Light,South India,18690
SIH-02159,Pashmina,Pashmina Wool,Hand Embroidery,Standard,70.3,7840,550,545,Medium,Standard,North India,38380
SIH-02160,Moradabad Metal Craft,Brass,Metal Engraving,Medium,11.4,750,90,115,Medium,Standard,North India,4570
SIH-02161,Phulkari,Cotton,Hand Embroidery,Standard,19.9,740,115,185,Medium,Standard,North India,6520
SIH-02162,Terracotta,Clay,Hand Moulding,Large,8.3,130,45,70,Medium,Standard,East India,1240
SIH-02163,Kalamkari,Cotton,Block Printing,Small,11.2,390,50,85,Low,Light,South India,3210
SIH-02164,Sikki Craft,Sikki Grass,Hand Weaving,Large,10.7,180,20,55,High,Light,East India,1660
SIH-02165,Dhokra,Brass,Lost Wax Casting,Large,20.3,2170,130,205,High,Standard,Central India,7590
SIH-02166,Blue Pottery,Ceramic,Glazing,Large,8.2,510,50,95,Medium,Standard,West India,2280
SIH-02167,Kutch Embroidery,Cotton,Hand Embroidery,Medium,35.0,450,130,145,High,Light,West India,6540
SIH-02168,Kutch Embroidery,Cotton,Hand Embroidery,Medium,15.3,540,50,85,Medium,Moderate,West India,3520
SIH-02169,Bastar Dhokra,Bell Metal,Lost Wax Casting,Small,15.0,1010,80,140,Low,Light,Central India,5000
SIH-02170,Madhubani,Paper,Hand Painting,Large,17.8,370,75,85,High,Light,East India,4080
SIH-02171,Dhokra,Brass,Lost Wax Casting,Small,4.6,1280,100,115,Low,Standard,Central India,3630
SIH-02172,Blue Pottery,Ceramic,Glazing,Large,7.5,560,70,115,Medium,Standard,West India,2160
SIH-02173,Blue Pottery,Ceramic,Glazing,Medium,5.0,130,40,50,Low,High,West India,1310
SIH-02174,Sikki Craft,Sikki Grass,Hand Weaving,Large,8.5,200,50,35,High,Light,East India,1700
SIH-02175,Blue Pottery,Ceramic,Glazing,Medium,2.9,310,35,55,Low,Moderate,West India,1150
SIH-02176,Phulkari,Cotton,Hand Embroidery,Standard,27.3,730,125,85,High,Moderate,North India,6460
SIH-02177,Phulkari,Cotton,Hand Embroidery,Standard,42.8,360,210,120,High,High,North India,10430
SIH-02178,Kalamkari,Cotton,Block Printing,Large,21.9,610,65,95,Medium,Moderate,South India,6720
SIH-02179,Pashmina,Pashmina Wool,Hand Embroidery,Standard,101.5,5110,310,410,Medium,Standard,North India,37600
SIH-02180,Madhubani,Paper,Hand Painting,Medium,6.5,140,20,25,Low,Standard,East India,1270
SIH-02181,Kashmir Walnut Wood Carving,Walnut Wood,Wood Carving,Small,15.9,650,120,175,Low,Standard,North India,5560
SIH-02182,Kondapalli Toys,Soft Wood,Hand Painting,Large,8.2,290,40,45,High,Light,South India,1540
SIH-02183,Kondapalli Toys,Soft Wood,Hand Painting,Small,2.6,100,15,20,Low,Standard,South India,540
SIH-02184,Pipili Applique,Cotton,Applique,Large,20.9,420,65,75,High,Standard,East India,4260
SIH-02185,Channapatna,Wood,Lac Turning,Small,4.4,70,20,30,Low,High,South India,890
SIH-02186,Kutch Embroidery,Cotton,Hand Embroidery,Small,14.1,290,70,80,Low,Standard,West India,3450
SIH-02187,Bastar Dhokra,Bell Metal,Lost Wax Casting,Small,11.0,1110,150,170,Low,Light,Central India,4900
SIH-02188,Channapatna,Wood,Lac Turning,Large,9.9,280,70,50,Medium,Light,South India,2280
SIH-02189,Pashmina,Pashmina Wool,Hand Embroidery,Standard,121.8,5020,345,860,Medium,Standard,North India,37800
SIH-02190,Sandalwood Carving,Sandalwood,Wood Carving,Large,74.2,3760,575,705,High,Light,South India,27440
SIH-02191,Sandalwood Carving,Sandalwood,Wood Carving,Small,46.5,2640,295,425,Medium,Light,South India,15960
SIH-02192,Channapatna,Wood,Lac Turning,Small,1.9,110,15,20,Low,Light,South India,460
SIH-02193,Sandalwood Carving,Sandalwood,Wood Carving,Large,101.1,2250,410,890,High,Standard,South India,26800
SIH-02194,Banarasi,Silk,Handloom Weaving,Standard,78.5,4700,455,440,Medium,Light,North India,33330
SIH-02195,Terracotta,Clay,Hand Moulding,Small,4.7,130,40,50,Low,Light,East India,1050
SIH-02196,Blue Pottery,Ceramic,Glazing,Medium,3.6,300,30,55,Low,Standard,West India,980
SIH-02197,Thanjavur Painting,Wood,Gold Leaf Work,Medium,38.5,4050,280,760,High,Light,South India,22530
SIH-02198,Dhokra,Brass,Lost Wax Casting,Large,36.5,3540,185,350,High,Standard,Central India,11150
SIH-02199,Blue Pottery,Ceramic,Glazing,Small,2.5,210,30,40,Low,High,West India,920
SIH-02200,Banarasi,Silk,Handloom Weaving,Standard,49.1,5130,285,225,High,Standard,North India,21650
SIH-02201,Thanjavur Painting,Wood,Gold Leaf Work,Small,22.8,1630,345,410,Medium,Standard,South India,14220
SIH-02202,Pashmina,Pashmina Wool,Hand Embroidery,Standard,67.2,5490,295,325,Medium,Standard,North India,25430
SIH-02203,Banarasi,Silk,Handloom Weaving,Standard,58.5,4950,445,340,Medium,Standard,North India,25480
SIH-02204,Blue Pottery,Ceramic,Glazing,Medium,1.2,320,15,40,Low,Standard,West India,710
SIH-02205,Blue Pottery,Ceramic,Glazing,Large,3.1,280,25,25,Medium,Standard,West India,910
SIH-02206,Kondapalli Toys,Soft Wood,Hand Painting,Large,11.0,320,35,70,Medium,Standard,South India,2170
SIH-02207,Pashmina,Pashmina Wool,Hand Embroidery,Standard,44.6,6970,410,270,Medium,Standard,North India,25130
SIH-02208,Thanjavur Painting,Wood,Gold Leaf Work,Medium,46.4,4650,530,635,High,Moderate,South India,25700
SIH-02209,Bastar Dhokra,Bell Metal,Lost Wax Casting,Large,22.6,2860,195,400,High,Moderate,Central India,8940
SIH-02210,Channapatna,Wood,Lac Turning,Large,4.2,320,15,25,Medium,Standard,South India,1090
SIH-02211,Dhokra,Brass,Lost Wax Casting,Large,13.4,2200,170,300,High,Light,Central India,6770
SIH-02212,Thanjavur Painting,Wood,Gold Leaf Work,Medium,35.1,2770,425,495,High,Standard,South India,16090
SIH-02213,Terracotta,Clay,Hand Moulding,Medium,3.3,160,30,35,Low,Standard,East India,740
SIH-02214,Kalamkari,Cotton,Block Printing,Large,29.7,1220,115,235,High,Light,South India,8830
SIH-02215,Madhubani,Paper,Hand Painting,Small,19.9,160,70,120,Low,High,East India,5270
SIH-02216,Phulkari,Cotton,Hand Embroidery,Standard,12.3,380,65,55,Medium,Standard,North India,3280
SIH-02217,Madhubani,Paper,Hand Painting,Medium,9.0,240,25,40,Medium,Standard,East India,1830
SIH-02218,Pashmina,Pashmina Wool,Hand Embroidery,Standard,67.6,6720,410,355,Medium,Standard,North India,26950
SIH-02219,Blue Pottery,Ceramic,Glazing,Small,2.0,200,15,20,Low,Standard,West India,600
SIH-02220,Kondapalli Toys,Soft Wood,Hand Painting,Large,4.6,410,40,55,Medium,Standard,South India,1370
SIH-02221,Kondapalli Toys,Soft Wood,Hand Painting,Medium,7.2,320,50,55,Medium,Light,South India,1730
SIH-02222,Bastar Dhokra,Bell Metal,Lost Wax Casting,Medium,32.6,1350,285,350,High,Moderate,Central India,10490
SIH-02223,Kalamkari,Cotton,Block Printing,Medium,7.7,490,30,55,Low,Light,South India,2620
SIH-02224,Blue Pottery,Ceramic,Glazing,Small,2.8,140,25,35,Low,Standard,West India,770
SIH-02225,Pipili Applique,Cotton,Applique,Medium,5.5,240,25,30,Low,Standard,East India,1090
SIH-02226,Blue Pottery,Ceramic,Glazing,Small,3.5,200,35,50,Low,Light,West India,1150
SIH-02227,Pashmina,Pashmina Wool,Hand Embroidery,Standard,55.4,6760,195,275,Medium,Standard,North India,22660
SIH-02228,Kondapalli Toys,Soft Wood,Hand Painting,Small,3.8,150,20,30,Low,Moderate,South India,1070
SIH-02229,Pashmina,Pashmina Wool,Hand Embroidery,Standard,65.2,6700,380,470,Medium,Standard,North India,27210
SIH-02230,Blue Pottery,Ceramic,Glazing,Small,3.2,130,15,30,Low,Standard,West India,650
SIH-02231,Kutch Embroidery,Cotton,Hand Embroidery,Small,19.6,300,65,90,Medium,High,West India,5240
SIH-02232,Thanjavur Painting,Wood,Gold Leaf Work,Small,35.3,1560,305,325,Medium,Standard,South India,13300
SIH-02233,Blue Pottery,Ceramic,Glazing,Medium,1.9,260,20,25,Low,Standard,West India,760
SIH-02234,Banarasi,Silk,Handloom Weaving,Standard,61.2,5590,315,360,Medium,Standard,North India,28990
SIH-02235,Kalamkari,Cotton,Block Printing,Medium,11.9,350,40,65,Low,Light,South India,2960
SIH-02236,Kutch Embroidery,Cotton,Hand Embroidery,Large,15.5,920,60,105,High,Light,West India,4550
SIH-02237,Kashmir Walnut Wood Carving,Walnut Wood,Wood Carving,Large,39.5,2010,340,415,High,Standard,North India,13440
SIH-02238,Kondapalli Toys,Soft Wood,Hand Painting,Large,10.3,330,60,65,Medium,Standard,South India,2500
SIH-02239,Sandalwood Carving,Sandalwood,Wood Carving,Small,33.8,2370,160,255,Low,Light,South India,10280
SIH-02240,Blue Pottery,Ceramic,Glazing,Medium,4.8,280,45,65,Low,Standard,West India,1310
SIH-02241,Terracotta,Clay,Hand Moulding,Medium,5.6,160,30,45,Low,Standard,East India,910
SIH-02242,Channapatna,Wood,Lac Turning,Medium,3.8,210,20,45,Low,Light,South India,1180
SIH-02243,Kutch Embroidery,Cotton,Hand Embroidery,Medium,28.4,580,100,135,Medium,Light,West India,6820
SIH-02244,Blue Pottery,Ceramic,Glazing,Medium,2.7,370,25,50,Low,Standard,West India,1100
SIH-02245,Thanjavur Painting,Wood,Gold Leaf Work,Medium,46.4,3060,415,485,High,Light,South India,26180
SIH-02246,Blue Pottery,Ceramic,Glazing,Medium,5.2,280,65,75,Low,Standard,West India,1640
SIH-02247,Thanjavur Painting,Wood,Gold Leaf Work,Medium,63.4,3110,420,585,High,Standard,South India,22690
SIH-02248,Sikki Craft,Sikki Grass,Hand Weaving,Large,8.8,250,35,60,High,Moderate,East India,1900
SIH-02249,Channapatna,Wood,Lac Turning,Medium,5.3,250,40,50,Low,Light,South India,1320
SIH-02250,Thanjavur Painting,Wood,Gold Leaf Work,Medium,70.8,1910,665,695,High,Moderate,South India,28570
SIH-02251,Kashmir Walnut Wood Carving,Walnut Wood,Wood Carving,Medium,46.4,1290,245,450,High,Moderate,North India,13210
SIH-02252,Channapatna,Wood,Lac Turning,Medium,3.3,200,25,35,Low,Light,South India,910
SIH-02253,Madhubani,Paper,Hand Painting,Small,16.7,110,40,80,Low,Light,East India,3610
SIH-02254,Pipili Applique,Cotton,Applique,Large,16.3,450,55,50,High,Light,East India,3760
SIH-02255,Sandalwood Carving,Sandalwood,Wood Carving,Medium,34.3,2250,280,430,High,Moderate,South India,16380
SIH-02256,Moradabad Metal Craft,Brass,Metal Engraving,Small,4.9,770,45,50,Low,Standard,North India,2260
SIH-02257,Kutch Embroidery,Cotton,Hand Embroidery,Large,24.0,530,70,145,High,Moderate,West India,7330
SIH-02258,Pashmina,Pashmina Wool,Hand Embroidery,Standard,69.5,6640,320,340,High,High,North India,27500
SIH-02259,Blue Pottery,Ceramic,Glazing,Medium,2.8,180,20,40,Low,Moderate,West India,950
SIH-02260,Terracotta,Clay,Hand Moulding,Small,2.3,100,15,20,Low,Light,East India,450
SIH-02261,Blue Pottery,Ceramic,Glazing,Medium,4.0,220,40,30,Low,Light,West India,1080
SIH-02262,Thanjavur Painting,Wood,Gold Leaf Work,Large,50.9,3100,490,390,High,Moderate,South India,23400
SIH-02263,Phulkari,Cotton,Hand Embroidery,Standard,18.2,420,50,115,Medium,Standard,North India,5200
SIH-02264,Kashmir Walnut Wood Carving,Walnut Wood,Wood Carving,Large,38.2,1840,300,560,High,Moderate,North India,13900
SIH-02265,Sikki Craft,Sikki Grass,Hand Weaving,Large,11.3,180,35,55,High,Light,East India,1890
SIH-02266,Blue Pottery,Ceramic,Glazing,Small,3.7,190,50,40,Low,Standard,West India,1080
SIH-02267,Blue Pottery,Ceramic,Glazing,Large,6.6,430,40,110,Medium,Standard,West India,2080
SIH-02268,Bastar Dhokra,Bell Metal,Lost Wax Casting,Small,13.9,790,95,105,Low,Standard,Central India,4680
SIH-02269,Moradabad Metal Craft,Brass,Metal Engraving,Large,24.0,1940,265,160,High,Standard,North India,7400
SIH-02270,Sikki Craft,Sikki Grass,Hand Weaving,Small,1.8,70,15,20,Low,Standard,East India,480
SIH-02271,Madhubani,Paper,Hand Painting,Medium,27.8,220,65,120,Medium,High,East India,4990
SIH-02272,Kashmir Walnut Wood Carving,Walnut Wood,Wood Carving,Small,25.0,740,170,185,Low,Moderate,North India,8000
SIH-02273,Pipili Applique,Cotton,Applique,Large,14.7,390,55,85,Medium,Standard,East India,3040
SIH-02274,Kalamkari,Cotton,Block Printing,Medium,11.0,360,45,45,Low,Standard,South India,2500
SIH-02275,Blue Pottery,Ceramic,Glazing,Large,3.5,460,50,55,Medium,Standard,West India,1520
SIH-02276,Kashmir Walnut Wood Carving,Walnut Wood,Wood Carving,Medium,46.0,2010,405,645,High,High,North India,18600
SIH-02277,Kalamkari,Cotton,Block Printing,Small,6.6,490,35,30,Low,Standard,South India,2010
SIH-02278,Kashmir Walnut Wood Carving,Walnut Wood,Wood Carving,Small,11.8,1180,80,165,Low,Light,North India,4540
SIH-02279,Terracotta,Clay,Hand Moulding,Large,7.0,210,35,85,Medium,Standard,East India,1720
SIH-02280,Pipili Applique,Cotton,Applique,Small,4.7,240,15,30,Low,Standard,East India,1340
SIH-02281,Pashmina,Pashmina Wool,Hand Embroidery,Standard,98.4,6540,580,745,Medium,Light,North India,35320
SIH-02282,Kashmir Walnut Wood Carving,Walnut Wood,Wood Carving,Large,41.2,1190,270,380,High,Standard,North India,13860
SIH-02283,Blue Pottery,Ceramic,Glazing,Medium,4.1,380,35,55,Low,Standard,West India,1520
SIH-02284,Bastar Dhokra,Bell Metal,Lost Wax Casting,Small,3.7,1500,100,90,Medium,Moderate,Central India,3450
SIH-02285,Phulkari,Cotton,Hand Embroidery,Standard,20.8,680,55,55,High,Moderate,North India,4500
SIH-02286,Kondapalli Toys,Soft Wood,Hand Painting,Small,1.2,90,15,20,Low,Light,South India,420
SIH-02287,Pashmina,Pashmina Wool,Hand Embroidery,Standard,52.1,3490,295,335,Medium,Standard,North India,20020
SIH-02288,Channapatna,Wood,Lac Turning,Large,3.2,230,15,35,Medium,Standard,South India,950
SIH-02289,Kalamkari,Cotton,Block Printing,Medium,3.2,420,20,35,Low,Standard,South India,1320
SIH-02290,Pipili Applique,Cotton,Applique,Medium,11.5,260,25,55,Medium,Light,East India,1800
SIH-02291,Kutch Embroidery,Cotton,Hand Embroidery,Medium,30.3,480,105,150,High,High,West India,8080
SIH-02292,Terracotta,Clay,Hand Moulding,Large,8.5,120,55,65,Medium,Light,East India,1710
SIH-02293,Bastar Dhokra,Bell Metal,Lost Wax Casting,Large,35.9,1630,240,390,High,Light,Central India,12360
SIH-02294,Sandalwood Carving,Sandalwood,Wood Carving,Large,41.8,2370,265,585,High,Standard,South India,16890
SIH-02295,Blue Pottery,Ceramic,Glazing,Small,1.0,150,15,20,Low,Light,West India,440
SIH-02296,Pashmina,Pashmina Wool,Hand Embroidery,Standard,94.2,7950,315,705,Medium,Standard,North India,39080
SIH-02297,Sikki Craft,Sikki Grass,Hand Weaving,Small,1.7,70,15,20,Low,Standard,East India,400
SIH-02298,Phulkari,Cotton,Hand Embroidery,Standard,17.6,440,60,50,High,Light,North India,3710
SIH-02299,Kondapalli Toys,Soft Wood,Hand Painting,Small,1.6,220,15,20,Low,Standard,South India,630
SIH-02300,Dhokra,Brass,Lost Wax Casting,Small,11.1,800,110,205,Low,Standard,Central India,4550
SIH-02301,Kondapalli Toys,Soft Wood,Hand Painting,Small,3.3,230,20,45,Low,Standard,South India,1050
SIH-02302,Dhokra,Brass,Lost Wax Casting,Large,28.3,2610,270,430,High,Standard,Central India,10670
SIH-02303,Blue Pottery,Ceramic,Glazing,Medium,4.7,360,45,40,Low,Moderate,West India,1500
SIH-02304,Banarasi,Silk,Handloom Weaving,Standard,67.9,5070,270,365,High,Moderate,North India,26860
SIH-02305,Pashmina,Pashmina Wool,Hand Embroidery,Standard,86.3,6960,355,370,Medium,Light,North India,38930
SIH-02306,Madhubani,Paper,Hand Painting,Medium,10.3,180,25,55,Low,Standard,East India,2810
SIH-02307,Banarasi,Silk,Handloom Weaving,Standard,87.7,4110,295,510,High,Standard,North India,32570
SIH-02308,Phulkari,Cotton,Hand Embroidery,Standard,54.2,950,230,275,High,Light,North India,12630
SIH-02309,Sandalwood Carving,Sandalwood,Wood Carving,Large,22.0,3770,135,355,High,Standard,South India,11750
SIH-02310,Blue Pottery,Ceramic,Glazing,Medium,3.1,270,30,30,Low,Standard,West India,990
SIH-02311,Kutch Embroidery,Cotton,Hand Embroidery,Medium,27.2,590,140,165,Medium,Standard,West India,7930
SIH-02312,Blue Pottery,Ceramic,Glazing,Small,3.5,240,40,30,Low,Moderate,West India,1050
SIH-02313,Blue Pottery,Ceramic,Glazing,Large,7.8,320,65,110,Medium,Standard,West India,2030
SIH-02314,Kutch Embroidery,Cotton,Hand Embroidery,Small,26.9,250,55,125,Medium,Moderate,West India,5750
SIH-02315,Terracotta,Clay,Hand Moulding,Large,4.9,340,45,60,Medium,Light,East India,1360
SIH-02316,Bastar Dhokra,Bell Metal,Lost Wax Casting,Large,31.1,2530,280,635,High,Light,Central India,14870
SIH-02317,Thanjavur Painting,Wood,Gold Leaf Work,Large,84.9,2060,665,880,High,Light,South India,29950
SIH-02318,Madhubani,Paper,Hand Painting,Small,9.0,140,25,55,Low,Light,East India,2140
SIH-02319,Dhokra,Brass,Lost Wax Casting,Small,9.1,740,100,60,Low,Light,Central India,2940
SIH-02320,Sandalwood Carving,Sandalwood,Wood Carving,Large,51.1,4440,305,775,High,Light,South India,25410
SIH-02321,Blue Pottery,Ceramic,Glazing,Large,4.1,370,55,35,Medium,Standard,West India,1410
SIH-02322,Thanjavur Painting,Wood,Gold Leaf Work,Small,45.1,1980,350,445,Medium,Moderate,South India,17800
SIH-02323,Madhubani,Paper,Hand Painting,Large,23.4,190,70,105,High,Light,East India,4910
SIH-02324,Moradabad Metal Craft,Brass,Metal Engraving,Medium,19.7,2180,255,290,Medium,Moderate,North India,9120
SIH-02325,Sikki Craft,Sikki Grass,Hand Weaving,Medium,4.0,90,15,35,Medium,Light,East India,1020
SIH-02326,Bastar Dhokra,Bell Metal,Lost Wax Casting,Small,10.8,530,90,90,Low,Standard,Central India,3090
SIH-02327,Phulkari,Cotton,Hand Embroidery,Standard,37.8,480,160,225,High,Moderate,North India,11000
SIH-02328,Sandalwood Carving,Sandalwood,Wood Carving,Medium,55.2,3970,415,585,High,High,South India,23180
SIH-02329,Sikki Craft,Sikki Grass,Hand Weaving,Large,12.8,250,65,85,High,Standard,East India,2910
SIH-02330,Kondapalli Toys,Soft Wood,Hand Painting,Medium,4.5,260,25,55,Medium,Standard,South India,1520
SIH-02331,Thanjavur Painting,Wood,Gold Leaf Work,Medium,50.4,3640,335,785,High,Standard,South India,25130
SIH-02332,Sandalwood Carving,Sandalwood,Wood Carving,Medium,61.4,1730,340,335,Medium,Light,South India,16340
SIH-02333,Phulkari,Cotton,Hand Embroidery,Standard,29.4,800,85,170,High,Moderate,North India,6030
SIH-02334,Pashmina,Pashmina Wool,Hand Embroidery,Standard,55.0,4800,280,245,Medium,Standard,North India,20790
SIH-02335,Bastar Dhokra,Bell Metal,Lost Wax Casting,Large,24.5,3790,345,315,High,High,Central India,13740
SIH-02336,Blue Pottery,Ceramic,Glazing,Medium,2.4,310,35,45,Low,Standard,West India,1020
SIH-02337,Sandalwood Carving,Sandalwood,Wood Carving,Small,40.6,1400,325,440,Medium,Light,South India,13140
SIH-02338,Terracotta,Clay,Hand Moulding,Large,5.7,310,35,70,Medium,Moderate,East India,1330
SIH-02339,Channapatna,Wood,Lac Turning,Medium,1.7,210,20,20,Low,Standard,South India,620
SIH-02340,Blue Pottery,Ceramic,Glazing,Medium,1.8,280,30,20,Low,Standard,West India,730
SIH-02341,Banarasi,Silk,Handloom Weaving,Standard,55.2,5010,225,300,High,Light,North India,19820
SIH-02342,Blue Pottery,Ceramic,Glazing,Large,4.1,320,30,35,Medium,Standard,West India,1090
SIH-02343,Terracotta,Clay,Hand Moulding,Small,3.2,110,25,35,Low,Standard,East India,720
SIH-02344,Sikki Craft,Sikki Grass,Hand Weaving,Large,11.1,260,45,65,Medium,Standard,East India,2630
SIH-02345,Moradabad Metal Craft,Brass,Metal Engraving,Small,7.7,860,65,95,Low,Moderate,North India,3880
SIH-02346,Pipili Applique,Cotton,Applique,Large,25.0,600,55,70,Medium,Standard,East India,5060
SIH-02347,Banarasi,Silk,Handloom Weaving,Standard,78.5,5710,550,755,High,Standard,North India,31780
SIH-02348,Thanjavur Painting,Wood,Gold Leaf Work,Medium,67.8,3010,620,765,High,Moderate,South India,28450
SIH-02349,Dhokra,Brass,Lost Wax Casting,Large,19.3,2660,335,340,High,Moderate,Central India,10500
SIH-02350,Moradabad Metal Craft,Brass,Metal Engraving,Large,17.6,2200,230,375,High,Standard,North India,8190
SIH-02351,Thanjavur Painting,Wood,Gold Leaf Work,Small,40.2,2120,205,470,Medium,Standard,South India,18620
SIH-02352,Pashmina,Pashmina Wool,Hand Embroidery,Standard,69.1,4560,220,245,Medium,Moderate,North India,24830
SIH-02353,Bastar Dhokra,Bell Metal,Lost Wax Casting,Small,14.8,1460,110,220,Medium,High,Central India,6240
SIH-02354,Pipili Applique,Cotton,Applique,Small,2.9,210,15,20,Low,Standard,East India,770
SIH-02355,Bastar Dhokra,Bell Metal,Lost Wax Casting,Medium,9.5,2130,200,195,Medium,Standard,Central India,6250
SIH-02356,Bastar Dhokra,Bell Metal,Lost Wax Casting,Small,10.9,890,65,95,Low,Standard,Central India,4440
SIH-02357,Moradabad Metal Craft,Brass,Metal Engraving,Medium,15.4,1830,175,310,Medium,Light,North India,6790
SIH-02358,Bastar Dhokra,Bell Metal,Lost Wax Casting,Small,18.6,980,175,280,Medium,Moderate,Central India,6840
SIH-02359,Madhubani,Paper,Hand Painting,Medium,29.8,180,100,120,Medium,Moderate,East India,6370
SIH-02360,Kondapalli Toys,Soft Wood,Hand Painting,Small,1.7,190,15,20,Low,Standard,South India,550
SIH-02361,Pipili Applique,Cotton,Applique,Small,3.4,200,15,20,Low,Light,East India,1000
SIH-02362,Sikki Craft,Sikki Grass,Hand Weaving,Large,15.0,230,40,75,High,Moderate,East India,2640
SIH-02363,Sandalwood Carving,Sandalwood,Wood Carving,Small,26.5,2460,205,355,Medium,Standard,South India,10640
SIH-02364,Sikki Craft,Sikki Grass,Hand Weaving,Medium,2.8,80,15,20,Medium,Light,East India,670
SIH-02365,Kashmir Walnut Wood Carving,Walnut Wood,Wood Carving,Large,44.3,1570,320,480,High,Moderate,North India,17550
SIH-02366,Pipili Applique,Cotton,Applique,Large,12.2,580,40,80,Medium,Standard,East India,2990
SIH-02367,Pipili Applique,Cotton,Applique,Small,6.5,240,15,40,Low,Standard,East India,1410
SIH-02368,Pashmina,Pashmina Wool,Hand Embroidery,Standard,126.3,6260,695,1085,High,Light,North India,50360
SIH-02369,Kutch Embroidery,Cotton,Hand Embroidery,Large,37.2,560,105,185,High,Moderate,West India,7820
SIH-02370,Dhokra,Brass,Lost Wax Casting,Medium,16.3,1390,100,210,High,High,Central India,6900
SIH-02371,Terracotta,Clay,Hand Moulding,Small,2.1,130,15,20,Low,Standard,East India,540
SIH-02372,Thanjavur Painting,Wood,Gold Leaf Work,Small,55.3,2540,295,805,Medium,High,South India,24850
SIH-02373,Blue Pottery,Ceramic,Glazing,Medium,3.3,220,35,25,Low,Standard,West India,830
SIH-02374,Kalamkari,Cotton,Block Printing,Medium,12.9,550,45,70,Low,Standard,South India,3050
SIH-02375,Sandalwood Carving,Sandalwood,Wood Carving,Small,17.8,1920,130,225,Medium,Moderate,South India,7760
SIH-02376,Channapatna,Wood,Lac Turning,Medium,4.3,270,30,25,Low,Light,South India,1070
SIH-02377,Banarasi,Silk,Handloom Weaving,Standard,111.7,4070,565,620,Medium,Standard,North India,32520
SIH-02378,Blue Pottery,Ceramic,Glazing,Large,3.9,440,50,55,Medium,Standard,West India,1410
SIH-02379,Blue Pottery,Ceramic,Glazing,Medium,4.6,200,45,30,Low,Standard,West India,1170
SIH-02380,Terracotta,Clay,Hand Moulding,Small,4.5,100,35,20,Low,Standard,East India,770
SIH-02381,Kondapalli Toys,Soft Wood,Hand Painting,Large,5.8,330,35,45,Medium,Standard,South India,1930
SIH-02382,Madhubani,Paper,Hand Painting,Large,26.5,260,60,115,High,Moderate,East India,5750
SIH-02383,Kondapalli Toys,Soft Wood,Hand Painting,Large,2.8,340,25,40,Medium,Light,South India,1040
SIH-02384,Pipili Applique,Cotton,Applique,Small,4.2,230,15,35,Low,Light,East India,1210
SIH-02385,Thanjavur Painting,Wood,Gold Leaf Work,Large,54.1,4290,445,845,High,Standard,South India,28830
SIH-02386,Pashmina,Pashmina Wool,Hand Embroidery,Standard,81.0,2920,390,505,Medium,Standard,North India,25920
SIH-02387,Bastar Dhokra,Bell Metal,Lost Wax Casting,Small,4.9,1490,85,145,Low,Standard,Central India,3410
SIH-02388,Blue Pottery,Ceramic,Glazing,Large,4.1,540,60,85,Medium,Light,West India,1460
SIH-02389,Kutch Embroidery,Cotton,Hand Embroidery,Large,26.5,980,75,110,High,Standard,West India,5880
SIH-02390,Kashmir Walnut Wood Carving,Walnut Wood,Wood Carving,Medium,33.8,1120,150,385,High,Moderate,North India,10820
SIH-02391,Dhokra,Brass,Lost Wax Casting,Large,22.7,1690,240,185,High,High,Central India,8660
SIH-02392,Blue Pottery,Ceramic,Glazing,Medium,1.5,240,25,30,Low,Standard,West India,660
SIH-02393,Thanjavur Painting,Wood,Gold Leaf Work,Small,28.7,1060,410,345,Medium,Standard,South India,16440
SIH-02394,Terracotta,Clay,Hand Moulding,Small,4.9,100,45,60,Low,Standard,East India,1090
SIH-02395,Kutch Embroidery,Cotton,Hand Embroidery,Small,18.4,360,50,110,Low,Light,West India,5730
SIH-02396,Bastar Dhokra,Bell Metal,Lost Wax Casting,Medium,20.4,1620,215,330,Medium,Standard,Central India,7720
SIH-02397,Dhokra,Brass,Lost Wax Casting,Medium,20.2,2140,110,220,Medium,Moderate,Central India,7630
SIH-02398,Kutch Embroidery,Cotton,Hand Embroidery,Small,20.4,400,55,125,Medium,High,West India,4680
SIH-02399,Kashmir Walnut Wood Carving,Walnut Wood,Wood Carving,Medium,15.4,1110,105,140,Medium,Light,North India,5200
SIH-02400,Kondapalli Toys,Soft Wood,Hand Painting,Large,9.9,520,40,55,High,Light,South India,2220
SIH-02401,Sikki Craft,Sikki Grass,Hand Weaving,Medium,4.3,170,15,25,Medium,Standard,East India,900
SIH-02402,Terracotta,Clay,Hand Moulding,Small,2.9,170,25,25,Low,Standard,East India,670
SIH-02403,Pipili Applique,Cotton,Applique,Large,9.3,530,30,65,Medium,Standard,East India,2060
SIH-02404,Channapatna,Wood,Lac Turning,Medium,5.5,160,35,60,Low,Standard,South India,1430
SIH-02405,Banarasi,Silk,Handloom Weaving,Standard,110.0,4580,650,455,Medium,Standard,North India,37630
SIH-02406,Blue Pottery,Ceramic,Glazing,Small,2.3,260,30,30,Low,Standard,West India,830
SIH-02407,Bastar Dhokra,Bell Metal,Lost Wax Casting,Small,16.4,1050,145,250,Low,Standard,Central India,6460
SIH-02408,Channapatna,Wood,Lac Turning,Medium,1.3,140,15,20,Low,Standard,South India,500
SIH-02409,Channapatna,Wood,Lac Turning,Large,4.1,300,15,40,Medium,Standard,South India,1070
SIH-02410,Blue Pottery,Ceramic,Glazing,Small,1.1,210,20,20,Low,Standard,West India,540
SIH-02411,Kutch Embroidery,Cotton,Hand Embroidery,Large,30.0,720,150,235,High,Standard,West India,8780
SIH-02412,Banarasi,Silk,Handloom Weaving,Standard,117.8,4540,590,805,High,Standard,North India,33790
SIH-02413,Madhubani,Paper,Hand Painting,Large,23.8,340,110,85,High,Moderate,East India,5160
SIH-02414,Sandalwood Carving,Sandalwood,Wood Carving,Large,66.4,3830,325,560,High,Light,South India,25810
SIH-02415,Kalamkari,Cotton,Block Printing,Small,6.6,290,15,30,Low,Light,South India,1630
SIH-02416,Phulkari,Cotton,Hand Embroidery,Standard,54.1,620,150,175,Medium,Light,North India,13610
SIH-02417,Kashmir Walnut Wood Carving,Walnut Wood,Wood Carving,Large,17.7,2290,110,220,High,High,North India,9300
SIH-02418,Phulkari,Cotton,Hand Embroidery,Standard,45.9,570,170,240,High,Moderate,North India,11470
SIH-02419,Pashmina,Pashmina Wool,Hand Embroidery,Standard,37.4,5610,160,265,Medium,Standard,North India,20190
SIH-02420,Blue Pottery,Ceramic,Glazing,Small,0.9,200,15,25,Low,Light,West India,510
SIH-02421,Blue Pottery,Ceramic,Glazing,Small,3.0,130,20,30,Low,Standard,West India,790
SIH-02422,Thanjavur Painting,Wood,Gold Leaf Work,Large,41.7,5260,450,400,High,Standard,South India,22480
SIH-02423,Channapatna,Wood,Lac Turning,Large,6.4,280,45,45,Medium,Standard,South India,1520
SIH-02424,Dhokra,Brass,Lost Wax Casting,Large,42.5,2210,365,290,High,High,Central India,11290
SIH-02425,Kutch Embroidery,Cotton,Hand Embroidery,Medium,32.5,450,95,125,High,Moderate,West India,6750
SIH-02426,Kondapalli Toys,Soft Wood,Hand Painting,Medium,3.5,250,25,30,Medium,Light,South India,1130
SIH-02427,Banarasi,Silk,Handloom Weaving,Standard,91.7,5270,380,745,High,High,North India,37490
SIH-02428,Kashmir Walnut Wood Carving,Walnut Wood,Wood Carving,Medium,35.7,1920,150,285,High,Moderate,North India,10330
SIH-02429,Thanjavur Painting,Wood,Gold Leaf Work,Medium,39.8,3910,480,580,High,Light,South India,23300
SIH-02430,Channapatna,Wood,Lac Turning,Medium,4.7,100,20,30,Low,Standard,South India,1250
SIH-02431,Dhokra,Brass,Lost Wax Casting,Medium,20.9,990,115,145,Medium,Light,Central India,7110
SIH-02432,Sikki Craft,Sikki Grass,Hand Weaving,Medium,6.4,210,25,50,Medium,Light,East India,1380
SIH-02433,Banarasi,Silk,Handloom Weaving,Standard,99.0,3690,265,390,Medium,Standard,North India,32360
SIH-02434,Madhubani,Paper,Hand Painting,Small,5.5,120,30,25,Low,Moderate,East India,1430
SIH-02435,Sandalwood Carving,Sandalwood,Wood Carving,Large,57.2,3210,460,365,High,Standard,South India,20060
SIH-02436,Dhokra,Brass,Lost Wax Casting,Large,29.5,2910,240,530,High,Moderate,Central India,11920
SIH-02437,Blue Pottery,Ceramic,Glazing,Large,5.6,270,30,65,Medium,Light,West India,1560
SIH-02438,Sandalwood Carving,Sandalwood,Wood Carving,Large,25.1,3870,295,250,High,Moderate,South India,15850
SIH-02439,Kutch Embroidery,Cotton,Hand Embroidery,Medium,24.4,660,50,145,Medium,Standard,West India,5360
SIH-02440,Thanjavur Painting,Wood,Gold Leaf Work,Medium,68.8,2390,455,515,High,Moderate,South India,27390
SIH-02441,Madhubani,Paper,Hand Painting,Small,13.0,170,30,45,Low,Standard,East India,2890
SIH-02442,Pashmina,Pashmina Wool,Hand Embroidery,Standard,70.5,2890,275,555,Medium,Standard,North India,27610
SIH-02443,Sikki Craft,Sikki Grass,Hand Weaving,Medium,7.5,130,40,30,Medium,Standard,East India,1560
SIH-02444,Sikki Craft,Sikki Grass,Hand Weaving,Medium,9.8,110,45,50,Medium,Moderate,East India,2140
SIH-02445,Sandalwood Carving,Sandalwood,Wood Carving,Medium,54.1,3020,500,740,Medium,Light,South India,22000
SIH-02446,Kashmir Walnut Wood Carving,Walnut Wood,Wood Carving,Medium,13.1,1560,80,115,Medium,Standard,North India,5340
SIH-02447,Dhokra,Brass,Lost Wax Casting,Large,16.3,1960,195,230,High,Standard,Central India,6590
SIH-02448,Kalamkari,Cotton,Block Printing,Medium,19.9,260,80,65,Medium,Moderate,South India,5100
SIH-02449,Banarasi,Silk,Handloom Weaving,Standard,63.3,5260,335,400,Medium,Light,North India,23120
SIH-02450,Madhubani,Paper,Hand Painting,Large,26.4,240,55,80,High,Light,East India,5710
SIH-02451,Blue Pottery,Ceramic,Glazing,Small,2.0,260,30,40,Low,Standard,West India,760
SIH-02452,Pashmina,Pashmina Wool,Hand Embroidery,Standard,101.9,6560,480,400,High,Standard,North India,36120
SIH-02453,Pashmina,Pashmina Wool,Hand Embroidery,Standard,52.1,6000,300,245,High,Moderate,North India,22700
SIH-02454,Pashmina,Pashmina Wool,Hand Embroidery,Standard,70.0,5960,190,600,Medium,Standard,North India,27260
SIH-02455,Blue Pottery,Ceramic,Glazing,Large,7.2,350,35,50,Medium,High,West India,2010
SIH-02456,Moradabad Metal Craft,Brass,Metal Engraving,Large,10.8,2110,115,165,High,Moderate,North India,5900
SIH-02457,Kashmir Walnut Wood Carving,Walnut Wood,Wood Carving,Medium,35.7,1350,145,175,High,High,North India,8850
SIH-02458,Madhubani,Paper,Hand Painting,Small,10.2,150,40,30,Low,Moderate,East India,2060
SIH-02459,Dhokra,Brass,Lost Wax Casting,Medium,18.1,1590,110,155,Medium,Standard,Central India,6770
SIH-02460,Pashmina,Pashmina Wool,Hand Embroidery,Standard,69.8,3690,325,490,Medium,Standard,North India,22000
SIH-02461,Kashmir Walnut Wood Carving,Walnut Wood,Wood Carving,Large,17.9,1640,245,190,High,Light,North India,8530
SIH-02462,Bastar Dhokra,Bell Metal,Lost Wax Casting,Large,26.2,1790,300,275,High,Light,Central India,8920
SIH-02463,Terracotta,Clay,Hand Moulding,Medium,5.6,260,20,45,Low,Standard,East India,1190
SIH-02464,Sikki Craft,Sikki Grass,Hand Weaving,Medium,9.0,170,55,55,Medium,High,East India,2230
SIH-02465,Kondapalli Toys,Soft Wood,Hand Painting,Small,3.4,90,15,35,Low,Moderate,South India,880
SIH-02466,Kashmir Walnut Wood Carving,Walnut Wood,Wood Carving,Small,4.7,900,80,90,Low,Standard,North India,2910
SIH-02467,Blue Pottery,Ceramic,Glazing,Large,5.0,360,55,65,Medium,Moderate,West India,1720
SIH-02468,Blue Pottery,Ceramic,Glazing,Small,2.6,260,40,35,Low,Standard,West India,980
SIH-02469,Terracotta,Clay,Hand Moulding,Large,6.4,320,40,65,Medium,Standard,East India,1320
SIH-02470,Channapatna,Wood,Lac Turning,Medium,2.7,170,15,25,Low,Standard,South India,710
SIH-02471,Kalamkari,Cotton,Block Printing,Medium,10.2,660,30,60,Low,Standard,South India,2840
SIH-02472,Thanjavur Painting,Wood,Gold Leaf Work,Small,56.3,2950,340,525,Medium,High,South India,29230
SIH-02473,Sikki Craft,Sikki Grass,Hand Weaving,Medium,11.1,110,40,30,Medium,High,East India,1650
SIH-02474,Bastar Dhokra,Bell Metal,Lost Wax Casting,Small,13.1,1270,85,145,Medium,Light,Central India,4350
SIH-02475,Moradabad Metal Craft,Brass,Metal Engraving,Large,8.5,1880,120,200,High,Standard,North India,4790
SIH-02476,Dhokra,Brass,Lost Wax Casting,Medium,17.2,1800,140,240,High,High,Central India,6630
SIH-02477,Thanjavur Painting,Wood,Gold Leaf Work,Medium,60.3,1630,385,440,High,Moderate,South India,22510
SIH-02478,Sikki Craft,Sikki Grass,Hand Weaving,Large,12.4,180,60,60,High,Light,East India,2170
SIH-02479,Kutch Embroidery,Cotton,Hand Embroidery,Medium,36.1,380,85,135,Medium,Standard,West India,8570
SIH-02480,Kondapalli Toys,Soft Wood,Hand Painting,Large,11.5,420,55,50,Medium,Standard,South India,2410
SIH-02481,Kalamkari,Cotton,Block Printing,Small,7.1,310,40,30,Low,Standard,South India,2100
SIH-02482,Moradabad Metal Craft,Brass,Metal Engraving,Large,5.6,2900,95,140,High,Light,North India,6530
SIH-02483,Kalamkari,Cotton,Block Printing,Medium,8.7,620,45,30,Low,Standard,South India,2390
SIH-02484,Pashmina,Pashmina Wool,Hand Embroidery,Standard,59.3,3840,330,305,Medium,Standard,North India,24210
SIH-02485,Bastar Dhokra,Bell Metal,Lost Wax Casting,Large,40.7,1300,315,310,High,Standard,Central India,10610
SIH-02486,Moradabad Metal Craft,Brass,Metal Engraving,Medium,14.0,1680,105,155,Medium,Standard,North India,5770
SIH-02487,Terracotta,Clay,Hand Moulding,Small,3.0,120,25,20,Low,Standard,East India,760
SIH-02488,Pipili Applique,Cotton,Applique,Medium,17.7,180,35,80,Medium,High,East India,3410
SIH-02489,Kutch Embroidery,Cotton,Hand Embroidery,Medium,28.7,340,125,155,High,High,West India,8340
SIH-02490,Blue Pottery,Ceramic,Glazing,Medium,3.3,240,25,55,Low,Standard,West India,1070
SIH-02491,Sandalwood Carving,Sandalwood,Wood Carving,Medium,42.5,1590,225,330,Medium,Standard,South India,15390
SIH-02492,Blue Pottery,Ceramic,Glazing,Medium,3.4,230,35,30,Low,High,West India,1180
SIH-02493,Banarasi,Silk,Handloom Weaving,Standard,77.9,6090,290,510,High,High,North India,31460
SIH-02494,Kashmir Walnut Wood Carving,Walnut Wood,Wood Carving,Medium,31.5,1450,190,345,High,High,North India,10710
SIH-02495,Blue Pottery,Ceramic,Glazing,Small,2.8,130,25,35,Low,Moderate,West India,800
SIH-02496,Dhokra,Brass,Lost Wax Casting,Small,6.7,1380,70,125,Low,Moderate,Central India,3680
SIH-02497,Sandalwood Carving,Sandalwood,Wood Carving,Small,31.9,2820,355,320,Low,Light,South India,15430
SIH-02498,Sikki Craft,Sikki Grass,Hand Weaving,Medium,9.5,170,40,40,Medium,Standard,East India,1810
SIH-02499,Madhubani,Paper,Hand Painting,Large,27.9,250,105,205,Medium,Standard,East India,7520
SIH-02500,Pashmina,Pashmina Wool,Hand Embroidery,Standard,79.0,3490,425,630,Medium,Light,North India,26410
SIH-02501,Pipili Applique,Cotton,Applique,Medium,14.4,330,55,100,Medium,Standard,East India,3270
SIH-02502,Moradabad Metal Craft,Brass,Metal Engraving,Medium,13.6,1310,90,155,Medium,Standard,North India,5200
SIH-02503,Terracotta,Clay,Hand Moulding,Medium,3.5,150,30,40,Low,Light,East India,860
SIH-02504,Phulkari,Cotton,Hand Embroidery,Standard,48.9,520,120,120,Medium,Standard,North India,9170
SIH-02505,Channapatna,Wood,Lac Turning,Small,1.4,130,15,20,Low,Light,South India,440
SIH-02506,Pipili Applique,Cotton,Applique,Small,4.9,120,15,20,Low,Light,East India,910
SIH-02507,Channapatna,Wood,Lac Turning,Small,2.9,180,15,25,Low,Standard,South India,720
SIH-02508,Pipili Applique,Cotton,Applique,Medium,9.0,220,40,40,Medium,Light,East India,2100
SIH-02509,Moradabad Metal Craft,Brass,Metal Engraving,Medium,16.1,1790,235,275,Medium,Light,North India,7670
SIH-02510,Kalamkari,Cotton,Block Printing,Small,6.7,250,25,20,Low,Standard,South India,1640
SIH-02511,Kutch Embroidery,Cotton,Hand Embroidery,Small,27.5,200,130,145,Medium,Moderate,West India,6160
SIH-02512,Madhubani,Paper,Hand Painting,Medium,46.4,210,185,155,Medium,High,East India,12160
SIH-02513,Kashmir Walnut Wood Carving,Walnut Wood,Wood Carving,Medium,19.7,1440,130,235,Medium,Light,North India,7630
SIH-02514,Pipili Applique,Cotton,Applique,Medium,12.2,510,45,90,Medium,Moderate,East India,3370
SIH-02515,Kalamkari,Cotton,Block Printing,Large,17.1,800,45,90,Medium,Light,South India,4020
SIH-02516,Kondapalli Toys,Soft Wood,Hand Painting,Large,7.4,540,30,70,Medium,Light,South India,2010
SIH-02517,Terracotta,Clay,Hand Moulding,Large,9.2,150,35,55,Medium,Standard,East India,1690
SIH-02518,Channapatna,Wood,Lac Turning,Medium,2.0,90,15,20,Low,Standard,South India,490
SIH-02519,Madhubani,Paper,Hand Painting,Large,45.2,330,115,260,High,High,East India,11580
SIH-02520,Blue Pottery,Ceramic,Glazing,Large,9.3,230,70,95,Medium,Light,West India,2120
SIH-02521,Moradabad Metal Craft,Brass,Metal Engraving,Small,8.2,680,90,80,Low,Standard,North India,2890
SIH-02522,Channapatna,Wood,Lac Turning,Medium,4.5,160,15,35,Low,Standard,South India,890
SIH-02523,Pashmina,Pashmina Wool,Hand Embroidery,Standard,86.7,4710,295,460,Medium,Standard,North India,28300
SIH-02524,Sikki Craft,Sikki Grass,Hand Weaving,Small,4.7,50,15,25,Low,Standard,East India,990
SIH-02525,Kutch Embroidery,Cotton,Hand Embroidery,Medium,13.5,560,55,40,Medium,Light,West India,3350
SIH-02526,Madhubani,Paper,Hand Painting,Large,56.6,250,255,335,Medium,Light,East India,13130
SIH-02527,Dhokra,Brass,Lost Wax Casting,Medium,14.0,1450,150,240,Medium,Light,Central India,6080
SIH-02528,Kalamkari,Cotton,Block Printing,Large,18.1,390,50,75,Medium,Standard,South India,3340
SIH-02529,Kondapalli Toys,Soft Wood,Hand Painting,Large,6.6,390,25,30,Medium,Standard,South India,1650
SIH-02530,Pashmina,Pashmina Wool,Hand Embroidery,Standard,69.9,4080,395,400,High,Light,North India,30170
SIH-02531,Channapatna,Wood,Lac Turning,Small,2.5,100,15,20,Low,Moderate,South India,750
SIH-02532,Kalamkari,Cotton,Block Printing,Large,14.4,750,50,75,Medium,Standard,South India,3390
SIH-02533,Kondapalli Toys,Soft Wood,Hand Painting,Medium,6.3,320,60,75,Low,Standard,South India,1980
SIH-02534,Blue Pottery,Ceramic,Glazing,Large,5.2,230,20,40,Medium,Light,West India,1070
SIH-02535,Sandalwood Carving,Sandalwood,Wood Carving,Medium,21.5,2290,190,155,High,High,South India,8880
SIH-02536,Sandalwood Carving,Sandalwood,Wood Carving,Small,6.0,1620,85,95,Low,Moderate,South India,4390
SIH-02537,Kalamkari,Cotton,Block Printing,Medium,11.1,500,65,55,Low,Standard,South India,3630
SIH-02538,Channapatna,Wood,Lac Turning,Large,6.8,190,25,50,Medium,Moderate,South India,1390
SIH-02539,Dhokra,Brass,Lost Wax Casting,Medium,5.7,820,55,125,Medium,Standard,Central India,2480
SIH-02540,Channapatna,Wood,Lac Turning,Large,9.6,200,45,95,Medium,Standard,South India,2020
SIH-02541,Phulkari,Cotton,Hand Embroidery,Standard,30.7,720,150,125,Medium,Standard,North India,7400
SIH-02542,Channapatna,Wood,Lac Turning,Medium,2.9,180,25,25,Low,Standard,South India,880
SIH-02543,Blue Pottery,Ceramic,Glazing,Medium,1.9,240,20,30,Low,Standard,West India,820
SIH-02544,Madhubani,Paper,Hand Painting,Small,14.0,120,40,45,Low,Standard,East India,2780
SIH-02545,Sandalwood Carving,Sandalwood,Wood Carving,Small,14.2,1690,135,245,Low,Standard,South India,7780
SIH-02546,Sikki Craft,Sikki Grass,Hand Weaving,Large,11.2,220,55,70,High,Moderate,East India,1990
SIH-02547,Moradabad Metal Craft,Brass,Metal Engraving,Small,3.2,1330,95,120,Low,Standard,North India,3050
SIH-02548,Sandalwood Carving,Sandalwood,Wood Carving,Large,91.0,2000,500,400,High,Light,South India,21220
SIH-02549,Pipili Applique,Cotton,Applique,Medium,15.0,280,40,40,Medium,Moderate,East India,2610
SIH-02550,Kalamkari,Cotton,Block Printing,Medium,11.7,660,30,75,Low,Standard,South India,3070
SIH-02551,Banarasi,Silk,Handloom Weaving,Standard,107.3,7500,525,905,High,Standard,North India,39140
SIH-02552,Channapatna,Wood,Lac Turning,Large,10.3,390,50,80,Medium,Light,South India,2120
SIH-02553,Kondapalli Toys,Soft Wood,Hand Painting,Small,1.7,200,15,20,Low,Standard,South India,640
SIH-02554,Sandalwood Carving,Sandalwood,Wood Carving,Large,33.7,2750,300,410,High,High,South India,16870
SIH-02555,Blue Pottery,Ceramic,Glazing,Large,2.7,390,20,35,Medium,Standard,West India,1080
SIH-02556,Sandalwood Carving,Sandalwood,Wood Carving,Medium,26.4,1990,235,165,High,High,South India,9890
SIH-02557,Madhubani,Paper,Hand Painting,Medium,10.1,100,35,20,Low,Standard,East India,1800
SIH-02558,Phulkari,Cotton,Hand Embroidery,Standard,47.1,480,180,205,High,High,North India,11020
SIH-02559,Phulkari,Cotton,Hand Embroidery,Standard,22.7,580,105,100,Medium,Standard,North India,4800
SIH-02560,Blue Pottery,Ceramic,Glazing,Small,3.7,190,35,50,Low,Light,West India,1070
SIH-02561,Sikki Craft,Sikki Grass,Hand Weaving,Medium,6.3,120,30,35,Medium,Standard,East India,990
SIH-02562,Terracotta,Clay,Hand Moulding,Small,4.1,100,25,25,Low,Moderate,East India,790
SIH-02563,Blue Pottery,Ceramic,Glazing,Small,1.3,190,15,20,Low,Standard,West India,570
SIH-02564,Sikki Craft,Sikki Grass,Hand Weaving,Small,3.6,60,25,20,Low,Standard,East India,850
SIH-02565,Moradabad Metal Craft,Brass,Metal Engraving,Medium,9.4,1230,100,160,Medium,Standard,North India,4000
SIH-02566,Kutch Embroidery,Cotton,Hand Embroidery,Small,31.1,280,65,90,Medium,Moderate,West India,5880
SIH-02567,Kutch Embroidery,Cotton,Hand Embroidery,Medium,29.3,610,80,135,Medium,Standard,West India,7230
SIH-02568,Blue Pottery,Ceramic,Glazing,Large,3.9,380,40,75,Medium,Standard,West India,1300
SIH-02569,Kondapalli Toys,Soft Wood,Hand Painting,Medium,4.7,290,15,25,Medium,Standard,South India,1040
SIH-02570,Madhubani,Paper,Hand Painting,Medium,25.8,260,80,105,Medium,Moderate,East India,5400
SIH-02571,Kalamkari,Cotton,Block Printing,Medium,11.0,390,35,30,Low,Standard,South India,2510
SIH-02572,Sandalwood Carving,Sandalwood,Wood Carving,Small,28.8,2170,115,215,Medium,High,South India,10220
SIH-02573,Thanjavur Painting,Wood,Gold Leaf Work,Small,28.1,980,275,280,Medium,Standard,South India,15100
SIH-02574,Dhokra,Brass,Lost Wax Casting,Medium,23.8,1470,125,165,Medium,Light,Central India,6720
SIH-02575,Thanjavur Painting,Wood,Gold Leaf Work,Medium,50.2,3520,575,995,High,Light,South India,29370
SIH-02576,Blue Pottery,Ceramic,Glazing,Small,2.6,270,30,30,Low,Standard,West India,960
SIH-02577,Kashmir Walnut Wood Carving,Walnut Wood,Wood Carving,Large,42.1,2310,260,455,High,Light,North India,15890
SIH-02578,Moradabad Metal Craft,Brass,Metal Engraving,Small,11.7,790,90,100,Low,High,North India,4280
SIH-02579,Sikki Craft,Sikki Grass,Hand Weaving,Small,4.5,80,25,35,Low,Standard,East India,890
SIH-02580,Dhokra,Brass,Lost Wax Casting,Medium,17.3,1880,170,140,Medium,High,Central India,7020
SIH-02581,Pipili Applique,Cotton,Applique,Large,12.5,460,55,70,Medium,Standard,East India,3190
SIH-02582,Thanjavur Painting,Wood,Gold Leaf Work,Large,29.8,5560,210,360,High,Light,South India,19640
SIH-02583,Kashmir Walnut Wood Carving,Walnut Wood,Wood Carving,Medium,35.3,1670,165,230,High,Light,North India,12010
SIH-02584,Banarasi,Silk,Handloom Weaving,Standard,94.6,3590,510,420,Medium,Standard,North India,32020
SIH-02585,Moradabad Metal Craft,Brass,Metal Engraving,Small,3.1,1010,80,70,Low,Standard,North India,2180
SIH-02586,Pashmina,Pashmina Wool,Hand Embroidery,Standard,83.0,6120,335,500,High,Light,North India,29940
SIH-02587,Pashmina,Pashmina Wool,Hand Embroidery,Standard,32.6,4090,120,175,Medium,Standard,North India,14150
SIH-02588,Phulkari,Cotton,Hand Embroidery,Standard,35.1,760,90,95,Medium,Moderate,North India,7110
SIH-02589,Sandalwood Carving,Sandalwood,Wood Carving,Medium,35.5,2640,145,400,Medium,Standard,South India,11970
SIH-02590,Blue Pottery,Ceramic,Glazing,Medium,1.3,290,20,30,Low,Standard,West India,650
SIH-02591,Sandalwood Carving,Sandalwood,Wood Carving,Small,16.9,1750,100,145,Low,Standard,South India,7930
SIH-02592,Channapatna,Wood,Lac Turning,Small,4.1,130,25,25,Low,Light,South India,860
SIH-02593,Sandalwood Carving,Sandalwood,Wood Carving,Large,39.2,3870,280,355,High,High,South India,17260
SIH-02594,Phulkari,Cotton,Hand Embroidery,Standard,18.9,490,85,80,Medium,Moderate,North India,5950
SIH-02595,Kashmir Walnut Wood Carving,Walnut Wood,Wood Carving,Small,11.4,750,70,75,Medium,Standard,North India,3790
SIH-02596,Pashmina,Pashmina Wool,Hand Embroidery,Standard,114.4,4870,440,615,Medium,Standard,North India,31300
SIH-02597,Kondapalli Toys,Soft Wood,Hand Painting,Medium,9.4,260,50,55,Medium,Moderate,South India,2040
SIH-02598,Moradabad Metal Craft,Brass,Metal Engraving,Large,17.0,1610,205,175,High,Standard,North India,6380
SIH-02599,Terracotta,Clay,Hand Moulding,Medium,6.3,170,30,55,Low,Light,East India,1400
SIH-02600,Pipili Applique,Cotton,Applique,Large,19.7,560,75,85,High,Standard,East India,4060
SIH-02601,Sandalwood Carving,Sandalwood,Wood Carving,Medium,64.9,3580,615,465,Medium,Moderate,South India,29890
SIH-02602,Kashmir Walnut Wood Carving,Walnut Wood,Wood Carving,Large,43.6,2150,355,480,High,Standard,North India,14930
SIH-02603,Phulkari,Cotton,Hand Embroidery,Standard,38.0,830,140,205,Medium,Standard,North India,11330
SIH-02604,Sandalwood Carving,Sandalwood,Wood Carving,Medium,28.3,4330,245,345,Medium,Standard,South India,16730
SIH-02605,Sikki Craft,Sikki Grass,Hand Weaving,Large,11.7,160,50,55,High,Standard,East India,2310
SIH-02606,Madhubani,Paper,Hand Painting,Small,6.3,150,25,35,Low,Standard,East India,1550
SIH-02607,Dhokra,Brass,Lost Wax Casting,Large,38.3,1370,260,225,High,Standard,Central India,9230
SIH-02608,Thanjavur Painting,Wood,Gold Leaf Work,Large,44.5,5480,610,975,High,Standard,South India,29490
SIH-02609,Blue Pottery,Ceramic,Glazing,Large,6.9,240,80,105,Medium,Light,West India,1990
SIH-02610,Blue Pottery,Ceramic,Glazing,Medium,3.9,250,35,35,Low,Standard,West India,920
SIH-02611,Phulkari,Cotton,Hand Embroidery,Standard,80.2,730,310,315,High,High,North India,14630
SIH-02612,Pashmina,Pashmina Wool,Hand Embroidery,Standard,62.0,5620,295,340,Medium,Standard,North India,24010
SIH-02613,Pashmina,Pashmina Wool,Hand Embroidery,Standard,77.1,5740,425,570,Medium,Standard,North India,32010
SIH-02614,Blue Pottery,Ceramic,Glazing,Small,1.0,190,15,20,Low,Standard,West India,440
SIH-02615,Terracotta,Clay,Hand Moulding,Large,9.2,270,60,70,Medium,Moderate,East India,1900
SIH-02616,Blue Pottery,Ceramic,Glazing,Medium,1.8,290,30,35,Low,Light,West India,930
SIH-02617,Moradabad Metal Craft,Brass,Metal Engraving,Medium,13.2,920,135,130,Medium,Standard,North India,4250
SIH-02618,Blue Pottery,Ceramic,Glazing,Medium,2.6,290,15,25,Low,Standard,West India,790
SIH-02619,Kalamkari,Cotton,Block Printing,Medium,12.1,330,35,50,Low,Light,South India,2560
SIH-02620,Kashmir Walnut Wood Carving,Walnut Wood,Wood Carving,Medium,13.3,1630,115,120,Medium,Light,North India,5390
SIH-02621,Kashmir Walnut Wood Carving,Walnut Wood,Wood Carving,Small,21.2,1090,105,240,Medium,Moderate,North India,8670
SIH-02622,Kutch Embroidery,Cotton,Hand Embroidery,Large,34.4,930,150,155,High,Light,West India,7730
SIH-02623,Kalamkari,Cotton,Block Printing,Small,12.5,290,55,50,Low,High,South India,3570
SIH-02624,Kutch Embroidery,Cotton,Hand Embroidery,Medium,16.1,330,50,115,High,Moderate,West India,4610
SIH-02625,Blue Pottery,Ceramic,Glazing,Large,2.1,430,25,60,Medium,Standard,West India,1080
SIH-02626,Terracotta,Clay,Hand Moulding,Small,3.4,100,20,25,Low,Light,East India,640
SIH-02627,Bastar Dhokra,Bell Metal,Lost Wax Casting,Large,30.3,3570,245,455,High,Light,Central India,12340
SIH-02628,Kondapalli Toys,Soft Wood,Hand Painting,Small,1.8,100,15,20,Low,Standard,South India,460
SIH-02629,Pipili Applique,Cotton,Applique,Medium,4.0,370,20,20,Low,Light,East India,1200
SIH-02630,Moradabad Metal Craft,Brass,Metal Engraving,Small,9.5,590,105,70,Low,Moderate,North India,3190
SIH-02631,Dhokra,Brass,Lost Wax Casting,Large,32.3,1450,285,390,High,Standard,Central India,9040
SIH-02632,Pashmina,Pashmina Wool,Hand Embroidery,Standard,116.2,7200,390,475,Medium,Standard,North India,35990
SIH-02633,Kalamkari,Cotton,Block Printing,Medium,10.9,720,45,50,Medium,Moderate,South India,3940
SIH-02634,Sandalwood Carving,Sandalwood,Wood Carving,Small,30.3,2170,240,265,Medium,Moderate,South India,13800
SIH-02635,Thanjavur Painting,Wood,Gold Leaf Work,Small,49.2,2580,565,545,Medium,Light,South India,22630
SIH-02636,Blue Pottery,Ceramic,Glazing,Medium,3.5,140,40,30,Low,Light,West India,970
SIH-02637,Moradabad Metal Craft,Brass,Metal Engraving,Large,22.7,2310,195,365,High,Standard,North India,7890
SIH-02638,Dhokra,Brass,Lost Wax Casting,Medium,18.6,1100,180,310,Medium,Standard,Central India,7380
SIH-02639,Blue Pottery,Ceramic,Glazing,Small,2.9,120,20,25,Low,Light,West India,780
SIH-02640,Bastar Dhokra,Bell Metal,Lost Wax Casting,Large,37.1,2060,255,495,High,Standard,Central India,9950
SIH-02641,Thanjavur Painting,Wood,Gold Leaf Work,Large,37.4,3890,540,765,High,Standard,South India,24210
SIH-02642,Phulkari,Cotton,Hand Embroidery,Standard,32.4,560,115,120,Medium,Moderate,North India,9450
SIH-02643,Banarasi,Silk,Handloom Weaving,Standard,41.9,6320,195,225,High,Light,North India,21210
SIH-02644,Blue Pottery,Ceramic,Glazing,Medium,5.3,330,45,55,Medium,High,West India,1560
SIH-02645,Blue Pottery,Ceramic,Glazing,Large,4.9,400,50,65,Medium,Light,West India,1680
SIH-02646,Kalamkari,Cotton,Block Printing,Large,17.3,600,60,50,High,Light,South India,3880
SIH-02647,Kashmir Walnut Wood Carving,Walnut Wood,Wood Carving,Small,27.2,850,260,295,Medium,Light,North India,8690
SIH-02648,Blue Pottery,Ceramic,Glazing,Medium,3.6,200,40,35,Low,Light,West India,1050
SIH-02649,Pashmina,Pashmina Wool,Hand Embroidery,Standard,123.3,4410,735,625,Medium,Light,North India,48380
SIH-02650,Pipili Applique,Cotton,Applique,Large,10.8,570,40,40,Medium,Standard,East India,2380
SIH-02651,Phulkari,Cotton,Hand Embroidery,Standard,22.8,540,60,140,Medium,Standard,North India,5790
SIH-02652,Blue Pottery,Ceramic,Glazing,Large,4.6,510,70,65,Medium,Standard,West India,1750
SIH-02653,Kutch Embroidery,Cotton,Hand Embroidery,Small,15.5,290,85,115,Low,Light,West India,3920
SIH-02654,Pashmina,Pashmina Wool,Hand Embroidery,Standard,91.6,3930,230,415,Medium,Light,North India,27730
SIH-02655,Blue Pottery,Ceramic,Glazing,Large,5.4,330,35,85,Medium,Moderate,West India,1740
SIH-02656,Moradabad Metal Craft,Brass,Metal Engraving,Small,6.0,1360,75,105,Low,Standard,North India,3410
SIH-02657,Blue Pottery,Ceramic,Glazing,Large,6.1,520,35,75,Medium,Standard,West India,1840
SIH-02658,Kutch Embroidery,Cotton,Hand Embroidery,Large,20.6,520,75,60,High,Standard,West India,4240
SIH-02659,Phulkari,Cotton,Hand Embroidery,Standard,29.1,880,100,145,Medium,Standard,North India,7680
SIH-02660,Banarasi,Silk,Handloom Weaving,Standard,121.0,4260,340,475,Medium,Light,North India,33970
SIH-02661,Blue Pottery,Ceramic,Glazing,Large,9.8,370,80,85,Medium,High,West India,2540
SIH-02662,Kondapalli Toys,Soft Wood,Hand Painting,Medium,4.7,410,35,55,Low,Standard,South India,1450
SIH-02663,Terracotta,Clay,Hand Moulding,Medium,5.9,240,45,50,Low,Standard,East India,1430
SIH-02664,Blue Pottery,Ceramic,Glazing,Medium,4.2,360,25,75,Low,Light,West India,1270
SIH-02665,Kalamkari,Cotton,Block Printing,Medium,6.0,480,20,50,Low,Standard,South India,1960
SIH-02666,Blue Pottery,Ceramic,Glazing,Medium,1.0,330,20,25,Low,Standard,West India,700
SIH-02667,Kutch Embroidery,Cotton,Hand Embroidery,Medium,22.2,640,120,75,Medium,Standard,West India,5730
SIH-02668,Kalamkari,Cotton,Block Printing,Medium,14.1,520,65,85,Low,Standard,South India,4290
SIH-02669,Pipili Applique,Cotton,Applique,Medium,17.7,300,35,40,Medium,Light,East India,2720
SIH-02670,Terracotta,Clay,Hand Moulding,Large,11.9,200,45,85,Medium,Standard,East India,2040
SIH-02671,Blue Pottery,Ceramic,Glazing,Large,4.2,250,35,55,Medium,Standard,West India,1060
SIH-02672,Channapatna,Wood,Lac Turning,Small,2.2,110,15,20,Low,Light,South India,510
SIH-02673,Blue Pottery,Ceramic,Glazing,Large,5.8,400,30,45,Medium,Moderate,West India,1670
SIH-02674,Blue Pottery,Ceramic,Glazing,Large,5.6,230,40,70,Medium,Standard,West India,1330
SIH-02675,Kutch Embroidery,Cotton,Hand Embroidery,Small,21.5,310,70,65,Medium,High,West India,4430
SIH-02676,Kondapalli Toys,Soft Wood,Hand Painting,Large,7.3,340,20,25,Medium,Standard,South India,1620
SIH-02677,Terracotta,Clay,Hand Moulding,Large,6.6,220,30,35,Medium,Moderate,East India,1370
SIH-02678,Channapatna,Wood,Lac Turning,Small,3.7,120,15,35,Low,Light,South India,920
SIH-02679,Channapatna,Wood,Lac Turning,Large,4.6,180,30,40,Medium,Standard,South India,960
SIH-02680,Kalamkari,Cotton,Block Printing,Medium,15.1,650,60,75,Low,Standard,South India,4240
SIH-02681,Dhokra,Brass,Lost Wax Casting,Medium,25.3,2060,280,335,Medium,Standard,Central India,9620
SIH-02682,Terracotta,Clay,Hand Moulding,Small,4.9,130,40,40,Low,Light,East India,970
SIH-02683,Sikki Craft,Sikki Grass,Hand Weaving,Large,13.0,130,80,60,High,Standard,East India,2540
SIH-02684,Moradabad Metal Craft,Brass,Metal Engraving,Medium,18.1,2030,155,185,Medium,Light,North India,6910
SIH-02685,Terracotta,Clay,Hand Moulding,Medium,2.1,210,25,35,Low,Standard,East India,680
SIH-02686,Phulkari,Cotton,Hand Embroidery,Standard,27.4,410,90,110,Medium,Standard,North India,7080
SIH-02687,Phulkari,Cotton,Hand Embroidery,Standard,26.8,590,110,150,High,High,North India,6070
SIH-02688,Bastar Dhokra,Bell Metal,Lost Wax Casting,Small,3.4,1010,45,100,Low,Light,Central India,2570
SIH-02689,Bastar Dhokra,Bell Metal,Lost Wax Casting,Large,39.0,2850,265,280,High,Light,Central India,13350
SIH-02690,Blue Pottery,Ceramic,Glazing,Large,6.4,570,95,105,Medium,Standard,West India,2200
SIH-02691,Blue Pottery,Ceramic,Glazing,Large,4.3,470,30,95,Medium,Moderate,West India,1720
SIH-02692,Kalamkari,Cotton,Block Printing,Small,10.5,240,50,65,Low,Moderate,South India,2820
SIH-02693,Terracotta,Clay,Hand Moulding,Large,9.0,160,65,95,Low,Standard,East India,1840
SIH-02694,Madhubani,Paper,Hand Painting,Large,37.8,290,150,170,High,Standard,East India,9640
SIH-02695,Madhubani,Paper,Hand Painting,Small,23.8,170,85,115,Low,High,East India,6040
SIH-02696,Channapatna,Wood,Lac Turning,Large,8.9,270,70,75,Medium,Standard,South India,2400
SIH-02697,Kashmir Walnut Wood Carving,Walnut Wood,Wood Carving,Large,41.9,1550,280,385,High,Standard,North India,11960
SIH-02698,Sikki Craft,Sikki Grass,Hand Weaving,Medium,8.6,130,55,70,Medium,Moderate,East India,2190
SIH-02699,Sikki Craft,Sikki Grass,Hand Weaving,Large,13.2,280,65,80,High,Standard,East India,2670
SIH-02700,Moradabad Metal Craft,Brass,Metal Engraving,Large,32.5,1060,225,545,High,High,North India,11400
SIH-02701,Kondapalli Toys,Soft Wood,Hand Painting,Small,4.7,140,20,35,Low,Standard,South India,890
SIH-02702,Pipili Applique,Cotton,Applique,Large,7.8,310,30,40,Medium,Standard,East India,1410
SIH-02703,Channapatna,Wood,Lac Turning,Small,1.6,70,15,20,Low,Standard,South India,370
SIH-02704,Kalamkari,Cotton,Block Printing,Large,15.0,490,55,105,Medium,Standard,South India,4440
SIH-02705,Blue Pottery,Ceramic,Glazing,Small,3.6,210,45,30,Low,Standard,West India,1130
SIH-02706,Kutch Embroidery,Cotton,Hand Embroidery,Small,15.8,390,45,95,Low,Standard,West India,3300
SIH-02707,Banarasi,Silk,Handloom Weaving,Standard,103.7,3740,500,365,Medium,Standard,North India,31330
SIH-02708,Terracotta,Clay,Hand Moulding,Small,2.0,80,15,20,Low,Standard,East India,440
SIH-02709,Thanjavur Painting,Wood,Gold Leaf Work,Medium,48.1,2380,475,740,High,Standard,South India,23200
SIH-02710,Blue Pottery,Ceramic,Glazing,Medium,1.1,290,20,35,Low,Standard,West India,600
SIH-02711,Blue Pottery,Ceramic,Glazing,Small,2.8,110,15,45,Low,Standard,West India,800
SIH-02712,Pashmina,Pashmina Wool,Hand Embroidery,Standard,86.7,5540,265,775,Medium,Standard,North India,34710
SIH-02713,Kondapalli Toys,Soft Wood,Hand Painting,Large,7.7,370,50,75,Medium,Standard,South India,2130
SIH-02714,Madhubani,Paper,Hand Painting,Large,54.1,230,130,300,High,Moderate,East India,14000
SIH-02715,Sikki Craft,Sikki Grass,Hand Weaving,Medium,7.8,100,30,35,Medium,Standard,East India,1350
SIH-02716,Phulkari,Cotton,Hand Embroidery,Standard,46.1,570,105,225,High,High,North India,10760
SIH-02717,Kondapalli Toys,Soft Wood,Hand Painting,Small,2.8,190,20,20,Low,High,South India,740
SIH-02718,Channapatna,Wood,Lac Turning,Large,6.1,240,35,55,Medium,Standard,South India,1540
SIH-02719,Blue Pottery,Ceramic,Glazing,Small,2.9,190,30,30,Low,Light,West India,930
SIH-02720,Sandalwood Carving,Sandalwood,Wood Carving,Medium,39.5,3780,320,250,High,Moderate,South India,15450
SIH-02721,Bastar Dhokra,Bell Metal,Lost Wax Casting,Small,9.7,930,125,185,Low,Moderate,Central India,4070
SIH-02722,Pipili Applique,Cotton,Applique,Large,13.3,210,65,40,Medium,Standard,East India,2780
SIH-02723,Terracotta,Clay,Hand Moulding,Medium,1.7,100,15,20,Low,Standard,East India,400
SIH-02724,Dhokra,Brass,Lost Wax Casting,Large,34.2,1850,180,335,High,High,Central India,11640
SIH-02725,Sandalwood Carving,Sandalwood,Wood Carving,Small,30.5,1560,270,250,Medium,High,South India,10770
SIH-02726,Terracotta,Clay,Hand Moulding,Medium,3.7,170,20,30,Low,Standard,East India,710
SIH-02727,Phulkari,Cotton,Hand Embroidery,Standard,35.3,970,75,115,High,Moderate,North India,7410
SIH-02728,Channapatna,Wood,Lac Turning,Medium,1.8,140,15,25,Low,Standard,South India,600
SIH-02729,Phulkari,Cotton,Hand Embroidery,Standard,36.5,700,175,145,Medium,Light,North India,8960
SIH-02730,Thanjavur Painting,Wood,Gold Leaf Work,Medium,70.4,1960,590,740,High,High,South India,27000
SIH-02731,Blue Pottery,Ceramic,Glazing,Small,0.9,130,15,20,Low,Light,West India,400
SIH-02732,Banarasi,Silk,Handloom Weaving,Standard,78.3,4980,545,590,High,Standard,North India,31960
SIH-02733,Blue Pottery,Ceramic,Glazing,Small,3.0,200,15,30,Low,High,West India,880
SIH-02734,Thanjavur Painting,Wood,Gold Leaf Work,Small,22.5,2500,130,375,Medium,Standard,South India,11930
SIH-02735,Terracotta,Clay,Hand Moulding,Medium,7.1,130,40,30,Low,Moderate,East India,1340
SIH-02736,Kashmir Walnut Wood Carving,Walnut Wood,Wood Carving,Medium,43.1,1240,170,365,Medium,Light,North India,11950
SIH-02737,Dhokra,Brass,Lost Wax Casting,Medium,18.6,1780,165,145,Medium,Light,Central India,6970
SIH-02738,Kashmir Walnut Wood Carving,Walnut Wood,Wood Carving,Medium,30.6,1560,230,165,Medium,Light,North India,9490
SIH-02739,Pashmina,Pashmina Wool,Hand Embroidery,Standard,64.7,8390,250,345,Medium,Standard,North India,27580
SIH-02740,Moradabad Metal Craft,Brass,Metal Engraving,Large,21.4,1250,245,240,High,Standard,North India,7410
SIH-02741,Pashmina,Pashmina Wool,Hand Embroidery,Standard,73.9,4650,390,370,High,High,North India,32050
SIH-02742,Moradabad Metal Craft,Brass,Metal Engraving,Small,6.8,670,110,140,Medium,High,North India,3300
SIH-02743,Kutch Embroidery,Cotton,Hand Embroidery,Large,33.1,640,85,175,High,Standard,West India,7420
SIH-02744,Dhokra,Brass,Lost Wax Casting,Medium,24.2,2180,145,235,Medium,Standard,Central India,9390
SIH-02745,Thanjavur Painting,Wood,Gold Leaf Work,Medium,36.1,2340,315,455,High,High,South India,16250
SIH-02746,Pashmina,Pashmina Wool,Hand Embroidery,Standard,67.1,6150,370,500,Medium,Standard,North India,27600
SIH-02747,Madhubani,Paper,Hand Painting,Large,43.5,360,135,215,High,Moderate,East India,9710
SIH-02748,Sandalwood Carving,Sandalwood,Wood Carving,Large,31.5,4870,370,360,High,Light,South India,14490
SIH-02749,Blue Pottery,Ceramic,Glazing,Medium,4.3,290,50,65,Low,High,West India,1360
SIH-02750,Terracotta,Clay,Hand Moulding,Large,8.4,370,60,50,Medium,Standard,East India,2010
SIH-02751,Blue Pottery,Ceramic,Glazing,Small,2.5,250,25,25,Low,Standard,West India,790
SIH-02752,Banarasi,Silk,Handloom Weaving,Standard,119.8,5620,610,570,High,Standard,North India,37080
SIH-02753,Pashmina,Pashmina Wool,Hand Embroidery,Standard,52.0,4750,230,465,Medium,Light,North India,26120
SIH-02754,Terracotta,Clay,Hand Moulding,Small,2.9,120,15,20,Low,Standard,East India,710
SIH-02755,Pashmina,Pashmina Wool,Hand Embroidery,Standard,101.7,5170,500,370,Medium,Moderate,North India,36680
SIH-02756,Moradabad Metal Craft,Brass,Metal Engraving,Large,14.6,2090,120,230,High,Standard,North India,6280
SIH-02757,Pashmina,Pashmina Wool,Hand Embroidery,Standard,76.7,7240,445,805,Medium,Moderate,North India,40430
SIH-02758,Dhokra,Brass,Lost Wax Casting,Medium,30.2,1350,310,240,Medium,High,Central India,11120
SIH-02759,Thanjavur Painting,Wood,Gold Leaf Work,Medium,66.2,2000,365,610,Medium,Standard,South India,22080
SIH-02760,Banarasi,Silk,Handloom Weaving,Standard,105.5,4140,660,485,High,Standard,North India,43200
SIH-02761,Sandalwood Carving,Sandalwood,Wood Carving,Large,30.1,2830,290,355,High,Light,South India,12200
SIH-02762,Blue Pottery,Ceramic,Glazing,Large,8.8,410,65,120,Medium,Standard,West India,2780
SIH-02763,Blue Pottery,Ceramic,Glazing,Small,3.2,210,30,45,Low,Moderate,West India,940
SIH-02764,Blue Pottery,Ceramic,Glazing,Small,2.3,210,35,40,Low,Light,West India,910
SIH-02765,Madhubani,Paper,Hand Painting,Large,39.4,150,95,185,Medium,Standard,East India,8530
SIH-02766,Moradabad Metal Craft,Brass,Metal Engraving,Small,1.8,510,45,45,Low,Standard,North India,1250
SIH-02767,Sandalwood Carving,Sandalwood,Wood Carving,Large,48.6,2770,400,425,High,High,South India,19640
SIH-02768,Sikki Craft,Sikki Grass,Hand Weaving,Small,3.2,90,15,20,Low,Standard,East India,530
SIH-02769,Banarasi,Silk,Handloom Weaving,Standard,179.6,4510,755,760,High,Moderate,North India,49250
SIH-02770,Moradabad Metal Craft,Brass,Metal Engraving,Small,7.5,1110,75,165,Low,Standard,North India,3810
SIH-02771,Channapatna,Wood,Lac Turning,Small,2.0,130,15,20,Low,Light,South India,650
SIH-02772,Dhokra,Brass,Lost Wax Casting,Medium,15.6,1820,165,275,Medium,Light,Central India,6470
SIH-02773,Channapatna,Wood,Lac Turning,Medium,4.6,270,50,45,Low,Standard,South India,1560
SIH-02774,Blue Pottery,Ceramic,Glazing,Medium,3.8,230,20,55,Low,Moderate,West India,1020
SIH-02775,Madhubani,Paper,Hand Painting,Small,15.4,190,55,40,Low,Standard,East India,2490
SIH-02776,Kutch Embroidery,Cotton,Hand Embroidery,Medium,14.8,320,60,130,Medium,Light,West India,4710
SIH-02777,Sikki Craft,Sikki Grass,Hand Weaving,Medium,4.2,90,15,25,Medium,Standard,East India,950
SIH-02778,Terracotta,Clay,Hand Moulding,Small,3.1,150,15,20,Low,Light,East India,570
SIH-02779,Moradabad Metal Craft,Brass,Metal Engraving,Medium,9.6,1300,100,125,Medium,Light,North India,5190
SIH-02780,Blue Pottery,Ceramic,Glazing,Small,3.4,240,20,60,Low,Standard,West India,1120
SIH-02781,Channapatna,Wood,Lac Turning,Large,2.7,310,20,20,Medium,Moderate,South India,900
SIH-02782,Kashmir Walnut Wood Carving,Walnut Wood,Wood Carving,Medium,24.5,1190,210,280,High,High,North India,8020
SIH-02783,Pipili Applique,Cotton,Applique,Large,15.0,600,55,90,High,Light,East India,3510
SIH-02784,Kondapalli Toys,Soft Wood,Hand Painting,Small,4.7,200,25,45,Low,Standard,South India,1280
SIH-02785,Dhokra,Brass,Lost Wax Casting,Medium,14.0,1380,165,195,Medium,Standard,Central India,5880
SIH-02786,Sikki Craft,Sikki Grass,Hand Weaving,Large,10.5,140,25,70,High,Light,East India,1750
SIH-02787,Pashmina,Pashmina Wool,Hand Embroidery,Standard,72.7,6030,290,455,Medium,Light,North India,25500
SIH-02788,Madhubani,Paper,Hand Painting,Small,11.4,100,50,40,Low,Standard,East India,2790
SIH-02789,Channapatna,Wood,Lac Turning,Medium,5.6,180,45,65,Low,Light,South India,1670
SIH-02790,Phulkari,Cotton,Hand Embroidery,Standard,40.5,580,150,130,High,Moderate,North India,8460
SIH-02791,Kondapalli Toys,Soft Wood,Hand Painting,Small,2.6,120,15,30,Low,Standard,South India,730
SIH-02792,Kashmir Walnut Wood Carving,Walnut Wood,Wood Carving,Large,30.3,2450,130,360,High,Moderate,North India,10270
SIH-02793,Blue Pottery,Ceramic,Glazing,Large,5.4,260,50,45,Medium,Standard,West India,1310
SIH-02794,Pipili Applique,Cotton,Applique,Small,7.2,190,25,20,Low,Standard,East India,1400
SIH-02795,Terracotta,Clay,Hand Moulding,Large,13.0,270,90,140,Medium,Moderate,East India,2810
SIH-02796,Sandalwood Carving,Sandalwood,Wood Carving,Large,26.4,4900,410,545,High,Standard,South India,15330
SIH-02797,Kalamkari,Cotton,Block Printing,Medium,13.8,530,40,35,Low,Light,South India,2900
SIH-02798,Madhubani,Paper,Hand Painting,Medium,17.3,260,75,85,Low,Standard,East India,3790
SIH-02799,Dhokra,Brass,Lost Wax Casting,Medium,13.9,1440,180,120,Medium,Standard,Central India,5040
SIH-02800,Madhubani,Paper,Hand Painting,Medium,25.3,140,120,70,Medium,High,East India,5830
SIH-02801,Kutch Embroidery,Cotton,Hand Embroidery,Medium,28.5,460,130,140,High,Moderate,West India,8990
SIH-02802,Banarasi,Silk,Handloom Weaving,Standard,90.2,3540,425,480,Medium,Standard,North India,24590
SIH-02803,Kashmir Walnut Wood Carving,Walnut Wood,Wood Carving,Large,64.3,2280,325,410,High,Standard,North India,21830
SIH-02804,Sandalwood Carving,Sandalwood,Wood Carving,Medium,35.2,2470,305,335,High,High,South India,13260
SIH-02805,Sikki Craft,Sikki Grass,Hand Weaving,Medium,5.5,150,20,20,Medium,Moderate,East India,920
SIH-02806,Sikki Craft,Sikki Grass,Hand Weaving,Small,4.1,90,25,30,Low,Standard,East India,880
SIH-02807,Blue Pottery,Ceramic,Glazing,Medium,1.4,210,20,25,Low,Standard,West India,600
SIH-02808,Kashmir Walnut Wood Carving,Walnut Wood,Wood Carving,Medium,24.7,1480,205,340,Medium,Moderate,North India,9370
SIH-02809,Phulkari,Cotton,Hand Embroidery,Standard,30.1,570,65,145,Medium,Standard,North India,6640
SIH-02810,Madhubani,Paper,Hand Painting,Medium,13.2,200,35,85,Medium,High,East India,3520
SIH-02811,Madhubani,Paper,Hand Painting,Large,18.5,300,40,45,High,Light,East India,3730
SIH-02812,Moradabad Metal Craft,Brass,Metal Engraving,Medium,7.0,1110,125,175,Medium,Moderate,North India,3860
SIH-02813,Madhubani,Paper,Hand Painting,Medium,34.5,240,80,115,Medium,Moderate,East India,5420
SIH-02814,Blue Pottery,Ceramic,Glazing,Small,2.5,230,35,50,Low,Moderate,West India,900
SIH-02815,Bastar Dhokra,Bell Metal,Lost Wax Casting,Large,25.2,2630,395,420,High,Moderate,Central India,12680
SIH-02816,Blue Pottery,Ceramic,Glazing,Medium,4.3,220,30,35,Low,Standard,West India,1000
SIH-02817,Blue Pottery,Ceramic,Glazing,Medium,2.9,260,30,45,Low,Standard,West India,820
SIH-02818,Terracotta,Clay,Hand Moulding,Large,5.2,360,35,50,Medium,Standard,East India,1470
SIH-02819,Blue Pottery,Ceramic,Glazing,Small,1.6,120,15,20,Low,Standard,West India,450
SIH-02820,Bastar Dhokra,Bell Metal,Lost Wax Casting,Large,44.7,4020,260,375,High,Standard,Central India,14550
SIH-02821,Terracotta,Clay,Hand Moulding,Large,3.5,240,25,25,Medium,Standard,East India,800
SIH-02822,Kondapalli Toys,Soft Wood,Hand Painting,Large,5.8,580,25,35,Medium,Standard,South India,1560
SIH-02823,Sikki Craft,Sikki Grass,Hand Weaving,Medium,6.9,150,45,35,Medium,Light,East India,1670
SIH-02824,Kashmir Walnut Wood Carving,Walnut Wood,Wood Carving,Medium,63.9,1160,360,465,High,High,North India,19510
SIH-02825,Sikki Craft,Sikki Grass,Hand Weaving,Large,9.4,130,20,35,High,Standard,East India,1470
SIH-02826,Moradabad Metal Craft,Brass,Metal Engraving,Medium,13.0,1690,240,150,High,Moderate,North India,6570
SIH-02827,Channapatna,Wood,Lac Turning,Small,2.7,100,15,20,Low,Standard,South India,600
SIH-02828,Thanjavur Painting,Wood,Gold Leaf Work,Small,53.2,2110,405,450,Medium,Standard,South India,21340
SIH-02829,Phulkari,Cotton,Hand Embroidery,Standard,17.1,440,70,95,Medium,Light,North India,5520
SIH-02830,Moradabad Metal Craft,Brass,Metal Engraving,Medium,21.3,1710,155,310,Medium,Moderate,North India,8770
SIH-02831,Bastar Dhokra,Bell Metal,Lost Wax Casting,Small,11.7,930,60,120,Low,Standard,Central India,3830
SIH-02832,Kashmir Walnut Wood Carving,Walnut Wood,Wood Carving,Large,26.1,1300,270,320,High,Moderate,North India,11190
SIH-02833,Sandalwood Carving,Sandalwood,Wood Carving,Medium,77.2,2570,330,490,High,Moderate,South India,28110
SIH-02834,Blue Pottery,Ceramic,Glazing,Medium,2.6,230,20,40,Low,Standard,West India,810
SIH-02835,Moradabad Metal Craft,Brass,Metal Engraving,Medium,12.2,1100,190,120,Medium,Light,North India,5280
SIH-02836,Dhokra,Brass,Lost Wax Casting,Large,22.1,1640,205,285,High,Light,Central India,8670
SIH-02837,Channapatna,Wood,Lac Turning,Medium,4.8,250,35,45,Low,Standard,South India,1210
SIH-02838,Kutch Embroidery,Cotton,Hand Embroidery,Medium,19.4,400,45,120,High,Moderate,West India,5200
SIH-02839,Thanjavur Painting,Wood,Gold Leaf Work,Small,52.1,1630,550,760,Medium,Light,South India,23720
SIH-02840,Dhokra,Brass,Lost Wax Casting,Small,13.4,990,135,160,Medium,Light,Central India,4390
SIH-02841,Bastar Dhokra,Bell Metal,Lost Wax Casting,Small,14.5,1340,180,180,Medium,High,Central India,5750
SIH-02842,Terracotta,Clay,Hand Moulding,Small,4.4,140,30,35,Low,Standard,East India,940
SIH-02843,Dhokra,Brass,Lost Wax Casting,Large,26.6,1730,240,290,High,Standard,Central India,10680
SIH-02844,Banarasi,Silk,Handloom Weaving,Standard,112.4,5520,655,790,Medium,Standard,North India,39360
SIH-02845,Kutch Embroidery,Cotton,Hand Embroidery,Large,27.6,820,120,90,High,Standard,West India,5830
SIH-02846,Pipili Applique,Cotton,Applique,Small,5.4,260,25,20,Low,Standard,East India,1100
SIH-02847,Kutch Embroidery,Cotton,Hand Embroidery,Small,23.6,260,80,80,Medium,High,West India,6180
SIH-02848,Phulkari,Cotton,Hand Embroidery,Standard,62.4,460,230,215,High,High,North India,12740
SIH-02849,Kalamkari,Cotton,Block Printing,Small,5.9,420,30,45,Low,Light,South India,1600
SIH-02850,Kondapalli Toys,Soft Wood,Hand Painting,Small,2.7,170,20,20,Low,Standard,South India,780
SIH-02851,Blue Pottery,Ceramic,Glazing,Large,7.1,550,50,55,Medium,Standard,West India,1850
SIH-02852,Kalamkari,Cotton,Block Printing,Small,6.4,430,15,30,Low,Moderate,South India,1780
SIH-02853,Thanjavur Painting,Wood,Gold Leaf Work,Small,27.0,2730,265,515,Medium,Moderate,South India,18110
SIH-02854,Moradabad Metal Craft,Brass,Metal Engraving,Medium,19.3,780,95,150,Medium,Standard,North India,5300
SIH-02855,Kutch Embroidery,Cotton,Hand Embroidery,Medium,25.5,500,75,105,Medium,Standard,West India,4960
SIH-02856,Pashmina,Pashmina Wool,Hand Embroidery,Standard,60.2,5890,350,320,Medium,Standard,North India,22610
SIH-02857,Channapatna,Wood,Lac Turning,Medium,1.6,160,15,20,Low,Standard,South India,590
SIH-02858,Pipili Applique,Cotton,Applique,Medium,6.8,270,25,50,Low,Standard,East India,1600
SIH-02859,Blue Pottery,Ceramic,Glazing,Small,2.9,160,30,25,Low,Standard,West India,890
SIH-02860,Bastar Dhokra,Bell Metal,Lost Wax Casting,Medium,25.7,1890,220,380,Medium,Light,Central India,8770
SIH-02861,Dhokra,Brass,Lost Wax Casting,Small,10.1,1450,80,90,Low,Moderate,Central India,4710
SIH-02862,Kutch Embroidery,Cotton,Hand Embroidery,Medium,38.0,490,120,150,Medium,Standard,West India,7520
SIH-02863,Kutch Embroidery,Cotton,Hand Embroidery,Small,12.8,360,35,110,Medium,Light,West India,4360
SIH-02864,Kashmir Walnut Wood Carving,Walnut Wood,Wood Carving,Medium,49.2,1620,270,330,Medium,Light,North India,11770
SIH-02865,Moradabad Metal Craft,Brass,Metal Engraving,Medium,21.6,1310,135,340,Medium,Standard,North India,8340
SIH-02866,Kondapalli Toys,Soft Wood,Hand Painting,Small,3.1,210,20,30,Low,Standard,South India,1000
SIH-02867,Blue Pottery,Ceramic,Glazing,Small,2.1,210,20,45,Low,Standard,West India,860
SIH-02868,Bastar Dhokra,Bell Metal,Lost Wax Casting,Large,43.6,3570,290,575,High,Moderate,Central India,15370
SIH-02869,Pashmina,Pashmina Wool,Hand Embroidery,Standard,58.7,4930,335,330,High,Moderate,North India,22820
SIH-02870,Moradabad Metal Craft,Brass,Metal Engraving,Medium,6.1,1440,125,95,Medium,Standard,North India,4230
SIH-02871,Blue Pottery,Ceramic,Glazing,Large,2.6,350,40,45,Medium,Standard,West India,920
SIH-02872,Pipili Applique,Cotton,Applique,Large,4.5,500,30,20,Medium,Standard,East India,1380
SIH-02873,Bastar Dhokra,Bell Metal,Lost Wax Casting,Large,21.6,1600,190,220,High,Moderate,Central India,7480
SIH-02874,Pipili Applique,Cotton,Applique,Medium,12.2,320,30,60,Medium,Standard,East India,2330
SIH-02875,Kondapalli Toys,Soft Wood,Hand Painting,Large,9.9,390,40,75,High,Moderate,South India,2060
SIH-02876,Sikki Craft,Sikki Grass,Hand Weaving,Large,11.0,250,45,45,High,Standard,East India,1850
SIH-02877,Phulkari,Cotton,Hand Embroidery,Standard,45.5,600,170,175,Medium,Standard,North India,9010
SIH-02878,Kalamkari,Cotton,Block Printing,Medium,18.6,730,55,110,Medium,High,South India,4800
SIH-02879,Kalamkari,Cotton,Block Printing,Small,2.1,290,15,20,Low,Light,South India,870
SIH-02880,Channapatna,Wood,Lac Turning,Small,3.0,160,15,20,Low,Standard,South India,760
SIH-02881,Phulkari,Cotton,Hand Embroidery,Standard,32.1,470,155,230,Medium,Moderate,North India,9620
SIH-02882,Kondapalli Toys,Soft Wood,Hand Painting,Small,4.1,210,30,35,Low,Light,South India,1130
SIH-02883,Phulkari,Cotton,Hand Embroidery,Standard,24.6,300,130,190,Medium,Light,North India,7020
SIH-02884,Dhokra,Brass,Lost Wax Casting,Medium,19.1,740,240,300,Medium,Standard,Central India,7180
SIH-02885,Thanjavur Painting,Wood,Gold Leaf Work,Large,27.3,3540,245,230,High,Standard,South India,15050
SIH-02886,Dhokra,Brass,Lost Wax Casting,Large,43.0,2310,245,355,High,Light,Central India,11900
SIH-02887,Pipili Applique,Cotton,Applique,Small,6.8,240,15,40,Low,Standard,East India,1520
SIH-02888,Channapatna,Wood,Lac Turning,Large,4.5,190,20,30,Medium,Standard,South India,1020
SIH-02889,Kutch Embroidery,Cotton,Hand Embroidery,Medium,24.2,450,95,120,Medium,Light,West India,6360
SIH-02890,Sandalwood Carving,Sandalwood,Wood Carving,Large,20.8,5600,185,325,High,Moderate,South India,16070
SIH-02891,Pipili Applique,Cotton,Applique,Medium,11.2,310,55,65,Medium,Standard,East India,2380
SIH-02892,Pipili Applique,Cotton,Applique,Large,9.7,490,45,55,Medium,Light,East India,2800
SIH-02893,Kashmir Walnut Wood Carving,Walnut Wood,Wood Carving,Large,52.6,1320,415,485,High,Standard,North India,18190
SIH-02894,Blue Pottery,Ceramic,Glazing,Medium,4.5,290,50,45,Low,Moderate,West India,1290
SIH-02895,Thanjavur Painting,Wood,Gold Leaf Work,Medium,48.6,4120,345,615,Medium,Standard,South India,29940
SIH-02896,Kalamkari,Cotton,Block Printing,Medium,4.5,430,15,30,Low,Standard,South India,1350
SIH-02897,Kutch Embroidery,Cotton,Hand Embroidery,Large,13.2,620,95,80,High,Standard,West India,4350
SIH-02898,Dhokra,Brass,Lost Wax Casting,Medium,14.9,1520,110,140,Medium,Light,Central India,5560
SIH-02899,Phulkari,Cotton,Hand Embroidery,Standard,28.7,500,55,170,Medium,Standard,North India,5920
SIH-02900,Pipili Applique,Cotton,Applique,Medium,14.1,280,45,75,Medium,Moderate,East India,3100
SIH-02901,Kashmir Walnut Wood Carving,Walnut Wood,Wood Carving,Small,38.7,1200,230,260,Medium,High,North India,11000
SIH-02902,Blue Pottery,Ceramic,Glazing,Small,3.1,210,35,45,Low,Standard,West India,950
SIH-02903,Bastar Dhokra,Bell Metal,Lost Wax Casting,Small,12.0,1440,90,230,Low,Moderate,Central India,5030
SIH-02904,Kashmir Walnut Wood Carving,Walnut Wood,Wood Carving,Medium,50.9,1330,350,380,Medium,Standard,North India,13370
SIH-02905,Thanjavur Painting,Wood,Gold Leaf Work,Small,22.2,1560,320,220,Medium,Light,South India,12820
SIH-02906,Channapatna,Wood,Lac Turning,Small,3.1,180,25,30,Low,Standard,South India,1030
SIH-02907,Moradabad Metal Craft,Brass,Metal Engraving,Medium,9.9,900,125,155,Medium,Standard,North India,4380
SIH-02908,Phulkari,Cotton,Hand Embroidery,Standard,27.7,480,120,105,Medium,Standard,North India,6630
SIH-02909,Sandalwood Carving,Sandalwood,Wood Carving,Large,39.6,5530,585,675,High,High,South India,22420
SIH-02910,Blue Pottery,Ceramic,Glazing,Small,0.9,120,15,20,Low,Light,West India,370
SIH-02911,Kalamkari,Cotton,Block Printing,Large,12.2,520,60,85,Medium,Standard,South India,2880
SIH-02912,Blue Pottery,Ceramic,Glazing,Large,3.7,370,45,45,Medium,Standard,West India,1040
SIH-02913,Pashmina,Pashmina Wool,Hand Embroidery,Standard,53.7,5900,345,425,High,High,North India,28690
SIH-02914,Dhokra,Brass,Lost Wax Casting,Medium,25.7,860,175,360,High,High,Central India,8700
SIH-02915,Kalamkari,Cotton,Block Printing,Large,11.5,610,50,80,Medium,Light,South India,3280
SIH-02916,Thanjavur Painting,Wood,Gold Leaf Work,Medium,60.0,3090,520,565,High,Moderate,South India,26340
SIH-02917,Madhubani,Paper,Hand Painting,Medium,4.9,160,15,30,Medium,Light,East India,1130
SIH-02918,Channapatna,Wood,Lac Turning,Medium,4.4,200,25,25,Low,Light,South India,990
SIH-02919,Kutch Embroidery,Cotton,Hand Embroidery,Large,26.5,710,160,135,High,Moderate,West India,7900
SIH-02920,Sikki Craft,Sikki Grass,Hand Weaving,Medium,5.5,140,30,35,Low,Standard,East India,1140
SIH-02921,Kutch Embroidery,Cotton,Hand Embroidery,Medium,33.8,440,115,185,Medium,Standard,West India,7490
SIH-02922,Blue Pottery,Ceramic,Glazing,Small,3.2,130,20,50,Low,Light,West India,850
SIH-02923,Sandalwood Carving,Sandalwood,Wood Carving,Large,61.0,5420,570,775,High,Light,South India,24760
SIH-02924,Pashmina,Pashmina Wool,Hand Embroidery,Standard,55.7,6030,170,430,Medium,Light,North India,24190
SIH-02925,Terracotta,Clay,Hand Moulding,Small,3.6,100,20,35,Low,Light,East India,680
SIH-02926,Sandalwood Carving,Sandalwood,Wood Carving,Large,97.5,2880,580,685,High,Moderate,South India,28160
SIH-02927,Blue Pottery,Ceramic,Glazing,Large,7.3,510,65,80,Medium,Light,West India,2260
SIH-02928,Thanjavur Painting,Wood,Gold Leaf Work,Medium,47.3,4340,370,845,High,Light,South India,26050
SIH-02929,Bastar Dhokra,Bell Metal,Lost Wax Casting,Medium,28.8,2160,325,280,Medium,Standard,Central India,10770
SIH-02930,Banarasi,Silk,Handloom Weaving,Standard,140.2,4810,735,995,High,Standard,North India,51890
SIH-02931,Banarasi,Silk,Handloom Weaving,Standard,120.3,4330,350,655,Medium,Standard,North India,32130
SIH-02932,Channapatna,Wood,Lac Turning,Medium,3.5,180,25,35,Low,Standard,South India,960
SIH-02933,Madhubani,Paper,Hand Painting,Medium,20.6,260,60,100,Low,Light,East India,4240
SIH-02934,Kutch Embroidery,Cotton,Hand Embroidery,Small,8.8,310,45,40,Medium,Light,West India,1960
SIH-02935,Blue Pottery,Ceramic,Glazing,Large,2.2,430,40,45,Medium,Standard,West India,1080
SIH-02936,Kondapalli Toys,Soft Wood,Hand Painting,Small,4.5,210,25,35,Low,Moderate,South India,1320
SIH-02937,Sikki Craft,Sikki Grass,Hand Weaving,Small,3.0,80,15,25,Low,Standard,East India,710
SIH-02938,Blue Pottery,Ceramic,Glazing,Small,3.6,200,35,40,Low,Moderate,West India,1190
SIH-02939,Pipili Applique,Cotton,Applique,Large,5.4,630,25,60,High,High,East India,2250
SIH-02940,Kondapalli Toys,Soft Wood,Hand Painting,Small,3.9,180,30,30,Low,Standard,South India,1040
SIH-02941,Pashmina,Pashmina Wool,Hand Embroidery,Standard,53.3,7710,470,420,Medium,Standard,North India,29830
SIH-02942,Blue Pottery,Ceramic,Glazing,Small,3.3,190,45,30,Low,High,West India,1080
SIH-02943,Kashmir Walnut Wood Carving,Walnut Wood,Wood Carving,Medium,30.1,1160,255,190,High,Moderate,North India,9140
SIH-02944,Phulkari,Cotton,Hand Embroidery,Standard,43.7,610,105,245,Medium,Standard,North India,9680
SIH-02945,Kutch Embroidery,Cotton,Hand Embroidery,Medium,31.4,630,60,110,High,High,West India,6830
SIH-02946,Thanjavur Painting,Wood,Gold Leaf Work,Large,57.7,3550,370,805,High,Light,South India,22920
SIH-02947,Channapatna,Wood,Lac Turning,Medium,2.3,150,20,25,Low,Light,South India,700
SIH-02948,Blue Pottery,Ceramic,Glazing,Small,1.2,190,15,20,Low,Light,West India,470
SIH-02949,Madhubani,Paper,Hand Painting,Medium,24.5,280,50,90,Low,Standard,East India,5640
SIH-02950,Sikki Craft,Sikki Grass,Hand Weaving,Large,11.7,190,70,105,Medium,Standard,East India,2570
SIH-02951,Blue Pottery,Ceramic,Glazing,Medium,4.8,210,40,45,Low,Moderate,West India,1480
SIH-02952,Blue Pottery,Ceramic,Glazing,Medium,4.0,180,25,30,Low,Standard,West India,1010
SIH-02953,Bastar Dhokra,Bell Metal,Lost Wax Casting,Large,30.5,3370,215,640,High,Light,Central India,13600
SIH-02954,Kondapalli Toys,Soft Wood,Hand Painting,Small,2.9,240,15,35,Low,Standard,South India,1010
SIH-02955,Pashmina,Pashmina Wool,Hand Embroidery,Standard,127.1,5900,665,625,High,Moderate,North India,51630
SIH-02956,Pashmina,Pashmina Wool,Hand Embroidery,Standard,58.3,7420,355,520,Medium,Standard,North India,26150
SIH-02957,Kalamkari,Cotton,Block Printing,Medium,11.8,600,50,75,Low,Standard,South India,3510
SIH-02958,Banarasi,Silk,Handloom Weaving,Standard,88.4,6050,310,615,High,Moderate,North India,34060
SIH-02959,Kondapalli Toys,Soft Wood,Hand Painting,Small,4.9,220,20,40,Low,Standard,South India,1390
SIH-02960,Sikki Craft,Sikki Grass,Hand Weaving,Small,3.0,50,15,20,Low,Light,East India,620
SIH-02961,Blue Pottery,Ceramic,Glazing,Small,0.9,210,20,25,Low,Standard,West India,500
SIH-02962,Thanjavur Painting,Wood,Gold Leaf Work,Small,22.5,2600,270,485,Low,Standard,South India,15200
SIH-02963,Phulkari,Cotton,Hand Embroidery,Standard,28.5,680,115,125,Medium,Standard,North India,8190
SIH-02964,Terracotta,Clay,Hand Moulding,Small,3.5,120,20,20,Low,Moderate,East India,690
SIH-02965,Blue Pottery,Ceramic,Glazing,Large,4.8,370,40,40,Medium,Light,West India,1430
SIH-02966,Sandalwood Carving,Sandalwood,Wood Carving,Large,28.3,2150,175,250,High,Standard,South India,8760
SIH-02967,Dhokra,Brass,Lost Wax Casting,Medium,9.9,1160,135,210,Medium,High,Central India,4730
SIH-02968,Kutch Embroidery,Cotton,Hand Embroidery,Small,14.1,230,45,65,Medium,Moderate,West India,2770
SIH-02969,Pipili Applique,Cotton,Applique,Medium,8.0,240,35,45,Low,Standard,East India,1850
SIH-02970,Thanjavur Painting,Wood,Gold Leaf Work,Small,46.7,2340,285,835,Medium,Standard,South India,24160
SIH-02971,Blue Pottery,Ceramic,Glazing,Large,4.4,330,55,50,High,High,West India,1580
SIH-02972,Dhokra,Brass,Lost Wax Casting,Small,19.3,1240,135,265,Medium,Moderate,Central India,6230
SIH-02973,Kutch Embroidery,Cotton,Hand Embroidery,Large,32.7,590,145,135,High,Light,West India,8190
SIH-02974,Channapatna,Wood,Lac Turning,Small,3.9,120,25,35,Low,Moderate,South India,870
SIH-02975,Banarasi,Silk,Handloom Weaving,Standard,112.7,4520,505,745,High,Standard,North India,37960
SIH-02976,Kondapalli Toys,Soft Wood,Hand Painting,Medium,4.6,260,30,25,Medium,Standard,South India,1200
SIH-02977,Thanjavur Painting,Wood,Gold Leaf Work,Medium,38.9,3640,305,495,High,Moderate,South India,21090
SIH-02978,Channapatna,Wood,Lac Turning,Small,4.5,170,40,40,Low,High,South India,1330
SIH-02979,Thanjavur Painting,Wood,Gold Leaf Work,Large,56.7,2660,405,645,High,Moderate,South India,21430
SIH-02980,Banarasi,Silk,Handloom Weaving,Standard,112.3,6110,400,475,High,Moderate,North India,36310
SIH-02981,Dhokra,Brass,Lost Wax Casting,Small,7.5,860,110,100,Low,Light,Central India,3170
SIH-02982,Blue Pottery,Ceramic,Glazing,Small,3.1,270,45,30,Low,Standard,West India,970
SIH-02983,Thanjavur Painting,Wood,Gold Leaf Work,Large,28.2,4550,445,565,High,Light,South India,20080
SIH-02984,Kalamkari,Cotton,Block Printing,Large,18.5,780,55,75,High,Moderate,South India,5120
SIH-02985,Blue Pottery,Ceramic,Glazing,Large,5.4,530,40,75,Medium,Light,West India,1710
SIH-02986,Bastar Dhokra,Bell Metal,Lost Wax Casting,Medium,14.5,1890,180,260,Medium,Standard,Central India,6990
SIH-02987,Blue Pottery,Ceramic,Glazing,Medium,2.7,230,15,25,Low,Standard,West India,760
SIH-02988,Madhubani,Paper,Hand Painting,Small,22.9,180,45,95,Low,Standard,East India,4000
SIH-02989,Blue Pottery,Ceramic,Glazing,Small,2.9,230,35,30,Low,High,West India,1010
SIH-02990,Channapatna,Wood,Lac Turning,Medium,3.5,200,20,30,Low,Moderate,South India,860
SIH-02991,Thanjavur Painting,Wood,Gold Leaf Work,Large,56.4,4140,695,780,High,Moderate,South India,26970
SIH-02992,Pipili Applique,Cotton,Applique,Small,5.3,280,25,20,Low,Standard,East India,1230
SIH-02993,Dhokra,Brass,Lost Wax Casting,Medium,22.0,1370,120,280,High,Moderate,Central India,5940
SIH-02994,Madhubani,Paper,Hand Painting,Large,29.7,420,130,200,High,Light,East India,7550
SIH-02995,Dhokra,Brass,Lost Wax Casting,Medium,25.0,1160,105,275,High,Moderate,Central India,6110
SIH-02996,Blue Pottery,Ceramic,Glazing,Small,2.6,160,20,30,Low,Moderate,West India,620
SIH-02997,Blue Pottery,Ceramic,Glazing,Large,4.4,470,25,60,Medium,Standard,West India,1420
SIH-02998,Blue Pottery,Ceramic,Glazing,Large,4.7,270,25,55,Medium,Standard,West India,1280
SIH-02999,Kutch Embroidery,Cotton,Hand Embroidery,Small,5.5,330,35,50,Low,Light,West India,1820
SIH-03000,Kashmir Walnut Wood Carving,Walnut Wood,Wood Carving,Medium,39.8,950,295,325,Medium,Light,North India,12250
SIH-03001,Pashmina,Pashmina Wool,Hand Embroidery,Standard,106.9,6440,710,595,Medium,Standard,North India,41110
SIH-03002,Pashmina,Pashmina Wool,Hand Embroidery,Standard,63.6,3800,240,410,Medium,Light,North India,24140
SIH-03003,Blue Pottery,Ceramic,Glazing,Large,7.0,400,65,100,Medium,Light,West India,2040
SIH-03004,Kondapalli Toys,Soft Wood,Hand Painting,Small,1.3,280,15,25,Low,Standard,South India,610
SIH-03005,Kalamkari,Cotton,Block Printing,Small,5.7,340,25,50,Low,Standard,South India,1790
SIH-03006,Blue Pottery,Ceramic,Glazing,Small,2.6,250,40,45,Low,Standard,West India,930
SIH-03007,Kondapalli Toys,Soft Wood,Hand Painting,Large,7.7,230,35,65,High,Light,South India,2180
SIH-03008,Sikki Craft,Sikki Grass,Hand Weaving,Small,3.7,90,15,30,Low,Standard,East India,760
SIH-03009,Blue Pottery,Ceramic,Glazing,Large,5.4,380,60,95,Medium,Moderate,West India,1830
SIH-03010,Channapatna,Wood,Lac Turning,Medium,5.1,80,35,55,Low,Standard,South India,1260
SIH-03011,Dhokra,Brass,Lost Wax Casting,Medium,23.7,950,180,325,Medium,Moderate,Central India,8370
SIH-03012,Banarasi,Silk,Handloom Weaving,Standard,115.1,4090,335,850,High,Light,North India,41120
SIH-03013,Dhokra,Brass,Lost Wax Casting,Small,9.9,1100,115,155,Low,Standard,Central India,3800
SIH-03014,Thanjavur Painting,Wood,Gold Leaf Work,Medium,44.8,2300,295,280,Medium,Standard,South India,17470
SIH-03015,Blue Pottery,Ceramic,Glazing,Medium,4.0,330,40,50,Low,Moderate,West India,1330
SIH-03016,Terracotta,Clay,Hand Moulding,Medium,4.8,200,40,65,Low,Standard,East India,1180
SIH-03017,Dhokra,Brass,Lost Wax Casting,Small,6.3,1310,100,125,Low,Standard,Central India,3280
SIH-03018,Blue Pottery,Ceramic,Glazing,Large,5.6,400,75,105,Medium,Standard,West India,1960
SIH-03019,Pipili Applique,Cotton,Applique,Large,16.7,600,50,60,High,Standard,East India,3470
SIH-03020,Banarasi,Silk,Handloom Weaving,Standard,141.7,5160,420,705,High,Moderate,North India,52130
SIH-03021,Kalamkari,Cotton,Block Printing,Medium,9.6,440,25,45,Low,Standard,South India,2380
SIH-03022,Bastar Dhokra,Bell Metal,Lost Wax Casting,Medium,17.4,2080,220,240,Medium,Standard,Central India,7220
SIH-03023,Kashmir Walnut Wood Carving,Walnut Wood,Wood Carving,Small,16.4,850,135,200,Medium,Moderate,North India,6590
SIH-03024,Moradabad Metal Craft,Brass,Metal Engraving,Large,10.3,1310,80,120,High,Standard,North India,5030
SIH-03025,Pipili Applique,Cotton,Applique,Medium,11.4,230,50,45,Medium,High,East India,2640
SIH-03026,Bastar Dhokra,Bell Metal,Lost Wax Casting,Medium,21.1,1530,215,155,High,High,Central India,7210
SIH-03027,Madhubani,Paper,Hand Painting,Small,17.8,140,85,80,Low,Light,East India,4540
SIH-03028,Pashmina,Pashmina Wool,Hand Embroidery,Standard,86.7,6100,525,565,Medium,Standard,North India,35130
SIH-03029,Channapatna,Wood,Lac Turning,Medium,2.9,110,20,20,Low,Standard,South India,810
SIH-03030,Dhokra,Brass,Lost Wax Casting,Large,25.0,2330,250,485,High,Light,Central India,10000
SIH-03031,Phulkari,Cotton,Hand Embroidery,Standard,34.3,840,145,180,High,Moderate,North India,11570
SIH-03032,Phulkari,Cotton,Hand Embroidery,Standard,38.9,660,90,110,High,Moderate,North India,8880
SIH-03033,Bastar Dhokra,Bell Metal,Lost Wax Casting,Small,8.7,1200,90,115,Low,Light,Central India,4170
SIH-03034,Moradabad Metal Craft,Brass,Metal Engraving,Medium,8.3,920,70,75,Medium,Moderate,North India,3440
SIH-03035,Kashmir Walnut Wood Carving,Walnut Wood,Wood Carving,Medium,59.3,990,385,395,High,Moderate,North India,13420
SIH-03036,Banarasi,Silk,Handloom Weaving,Standard,122.1,3390,710,1005,Medium,Light,North India,43470
SIH-03037,Blue Pottery,Ceramic,Glazing,Small,2.8,290,40,60,Low,Standard,West India,1110
SIH-03038,Thanjavur Painting,Wood,Gold Leaf Work,Small,46.0,2290,295,530,Medium,Standard,South India,17160
SIH-03039,Madhubani,Paper,Hand Painting,Small,17.3,140,70,75,Low,High,East India,3620
SIH-03040,Pashmina,Pashmina Wool,Hand Embroidery,Standard,60.5,4960,455,375,Medium,Standard,North India,25820
SIH-03041,Thanjavur Painting,Wood,Gold Leaf Work,Large,51.1,3680,430,625,High,Standard,South India,25810
SIH-03042,Pashmina,Pashmina Wool,Hand Embroidery,Standard,34.0,4070,215,360,Medium,Standard,North India,17070
SIH-03043,Kutch Embroidery,Cotton,Hand Embroidery,Large,32.7,810,145,195,High,Moderate,West India,7340
SIH-03044,Thanjavur Painting,Wood,Gold Leaf Work,Large,41.5,5350,380,800,High,Standard,South India,26300
SIH-03045,Madhubani,Paper,Hand Painting,Medium,20.8,280,95,125,Medium,Moderate,East India,5110
SIH-03046,Banarasi,Silk,Handloom Weaving,Standard,145.8,6840,380,605,High,Light,North India,42250
SIH-03047,Kalamkari,Cotton,Block Printing,Large,23.3,900,90,120,High,Light,South India,5730
SIH-03048,Pashmina,Pashmina Wool,Hand Embroidery,Standard,77.4,4990,350,455,Medium,Light,North India,26000
SIH-03049,Bastar Dhokra,Bell Metal,Lost Wax Casting,Medium,9.2,1860,85,230,Medium,Light,Central India,5480
SIH-03050,Pipili Applique,Cotton,Applique,Large,17.8,470,60,60,Medium,Standard,East India,3680
SIH-03051,Pashmina,Pashmina Wool,Hand Embroidery,Standard,74.5,5890,290,380,Medium,Standard,North India,31010
SIH-03052,Pashmina,Pashmina Wool,Hand Embroidery,Standard,105.4,5090,250,705,High,Moderate,North India,36600
SIH-03053,Phulkari,Cotton,Hand Embroidery,Standard,50.2,580,215,190,Medium,Standard,North India,10480
SIH-03054,Pashmina,Pashmina Wool,Hand Embroidery,Standard,75.4,6220,190,265,Medium,Standard,North India,27690
SIH-03055,Blue Pottery,Ceramic,Glazing,Medium,3.0,230,20,50,Low,Standard,West India,890
SIH-03056,Bastar Dhokra,Bell Metal,Lost Wax Casting,Large,34.4,2350,355,625,High,Light,Central India,13570
SIH-03057,Sikki Craft,Sikki Grass,Hand Weaving,Small,2.4,100,15,20,Low,Standard,East India,470
SIH-03058,Pashmina,Pashmina Wool,Hand Embroidery,Standard,70.4,3390,225,285,Medium,Light,North India,26970
SIH-03059,Madhubani,Paper,Hand Painting,Small,1.9,210,15,20,Low,Light,East India,750
SIH-03060,Kutch Embroidery,Cotton,Hand Embroidery,Medium,26.0,470,75,145,High,High,West India,5220
SIH-03061,Banarasi,Silk,Handloom Weaving,Standard,52.3,4790,305,285,Medium,Standard,North India,19730
SIH-03062,Phulkari,Cotton,Hand Embroidery,Standard,31.1,340,160,215,Medium,Standard,North India,8550
SIH-03063,Thanjavur Painting,Wood,Gold Leaf Work,Small,33.7,1310,265,375,Medium,High,South India,16170
SIH-03064,Bastar Dhokra,Bell Metal,Lost Wax Casting,Medium,18.0,1380,150,210,Medium,Standard,Central India,8100
SIH-03065,Kutch Embroidery,Cotton,Hand Embroidery,Medium,33.9,360,100,170,High,Moderate,West India,8630
SIH-03066,Kondapalli Toys,Soft Wood,Hand Painting,Medium,3.1,290,15,30,Low,Standard,South India,930
SIH-03067,Moradabad Metal Craft,Brass,Metal Engraving,Large,26.2,2640,165,330,High,Standard,North India,10350
SIH-03068,Kalamkari,Cotton,Block Printing,Small,9.8,430,45,70,Low,Light,South India,2530
SIH-03069,Channapatna,Wood,Lac Turning,Large,7.1,370,45,65,Medium,Standard,South India,2040
SIH-03070,Madhubani,Paper,Hand Painting,Small,11.6,130,25,25,Low,Standard,East India,1990
SIH-03071,Kutch Embroidery,Cotton,Hand Embroidery,Large,32.5,660,110,130,High,High,West India,8070
SIH-03072,Kalamkari,Cotton,Block Printing,Small,2.8,310,15,25,Low,Standard,South India,950
SIH-03073,Banarasi,Silk,Handloom Weaving,Standard,40.3,4200,145,365,Medium,Standard,North India,15920
SIH-03074,Thanjavur Painting,Wood,Gold Leaf Work,Medium,25.9,2500,270,470,High,Light,South India,16700
SIH-03075,Bastar Dhokra,Bell Metal,Lost Wax Casting,Large,32.0,2660,250,575,High,Standard,Central India,13450
SIH-03076,Thanjavur Painting,Wood,Gold Leaf Work,Small,17.7,1670,245,330,Medium,High,South India,11610
SIH-03077,Sikki Craft,Sikki Grass,Hand Weaving,Small,1.6,100,15,20,Low,Light,East India,380
SIH-03078,Kalamkari,Cotton,Block Printing,Large,6.6,640,40,40,Medium,Standard,South India,2090
SIH-03079,Banarasi,Silk,Handloom Weaving,Standard,67.1,3030,225,270,Medium,Standard,North India,19650
SIH-03080,Kalamkari,Cotton,Block Printing,Small,2.0,350,20,20,Low,Light,South India,1010
SIH-03081,Pipili Applique,Cotton,Applique,Large,28.6,280,75,155,High,High,East India,5890
SIH-03082,Kashmir Walnut Wood Carving,Walnut Wood,Wood Carving,Large,32.5,1150,255,210,High,Standard,North India,9520
SIH-03083,Banarasi,Silk,Handloom Weaving,Standard,101.1,6310,270,435,High,Standard,North India,33630
SIH-03084,Thanjavur Painting,Wood,Gold Leaf Work,Medium,54.7,2400,345,610,High,Standard,South India,23430
SIH-03085,Thanjavur Painting,Wood,Gold Leaf Work,Large,60.5,4280,440,785,High,Standard,South India,26630
SIH-03086,Dhokra,Brass,Lost Wax Casting,Small,8.0,740,85,65,Low,Standard,Central India,2490
SIH-03087,Kashmir Walnut Wood Carving,Walnut Wood,Wood Carving,Small,38.8,570,245,295,Medium,High,North India,13730
SIH-03088,Moradabad Metal Craft,Brass,Metal Engraving,Large,24.2,1840,205,285,High,Light,North India,9850
SIH-03089,Kashmir Walnut Wood Carving,Walnut Wood,Wood Carving,Large,37.9,1550,225,185,High,Moderate,North India,10590
SIH-03090,Dhokra,Brass,Lost Wax Casting,Medium,8.4,2110,85,190,Medium,Standard,Central India,5670
SIH-03091,Blue Pottery,Ceramic,Glazing,Small,1.3,200,15,20,Low,Standard,West India,530
SIH-03092,Blue Pottery,Ceramic,Glazing,Small,2.6,190,15,30,Low,High,West India,830
SIH-03093,Channapatna,Wood,Lac Turning,Large,7.0,250,50,40,Medium,Moderate,South India,1850
SIH-03094,Madhubani,Paper,Hand Painting,Large,38.3,180,185,190,Medium,Standard,East India,9220
SIH-03095,Kalamkari,Cotton,Block Printing,Small,7.0,270,20,45,Low,Standard,South India,1670
SIH-03096,Pashmina,Pashmina Wool,Hand Embroidery,Standard,83.3,5970,445,540,High,Light,North India,30630
SIH-03097,Sandalwood Carving,Sandalwood,Wood Carving,Large,44.2,5620,345,320,High,Moderate,South India,18230
SIH-03098,Thanjavur Painting,Wood,Gold Leaf Work,Large,41.3,3870,365,325,High,Standard,South India,20690
SIH-03099,Phulkari,Cotton,Hand Embroidery,Standard,18.5,590,105,135,Medium,Standard,North India,5150
SIH-03100,Phulkari,Cotton,Hand Embroidery,Standard,52.3,890,215,380,Medium,Moderate,North India,14520
SIH-03101,Kalamkari,Cotton,Block Printing,Medium,13.3,730,75,120,Low,Standard,South India,3980
SIH-03102,Thanjavur Painting,Wood,Gold Leaf Work,Small,20.6,1770,110,235,Medium,Standard,South India,10010
SIH-03103,Pipili Applique,Cotton,Applique,Large,5.5,580,25,35,High,Light,East India,1810
SIH-03104,Blue Pottery,Ceramic,Glazing,Large,6.2,470,60,85,Medium,Standard,West India,1780
SIH-03105,Dhokra,Brass,Lost Wax Casting,Large,18.6,2010,245,380,High,Moderate,Central India,9130
SIH-03106,Dhokra,Brass,Lost Wax Casting,Medium,35.2,1340,180,415,High,High,Central India,10770
SIH-03107,Terracotta,Clay,Hand Moulding,Large,7.5,340,75,75,Medium,Light,East India,2000
SIH-03108,Dhokra,Brass,Lost Wax Casting,Medium,6.1,1380,120,125,Medium,Standard,Central India,3920
SIH-03109,Banarasi,Silk,Handloom Weaving,Standard,81.8,5370,515,690,Medium,Standard,North India,31120
SIH-03110,Madhubani,Paper,Hand Painting,Medium,15.1,220,40,45,Medium,Light,East India,2970
SIH-03111,Blue Pottery,Ceramic,Glazing,Medium,5.0,240,40,55,Low,Standard,West India,1100
SIH-03112,Blue Pottery,Ceramic,Glazing,Small,3.0,250,35,30,Low,Light,West India,1050
SIH-03113,Kutch Embroidery,Cotton,Hand Embroidery,Small,24.5,190,85,100,Medium,Light,West India,5170
SIH-03114,Bastar Dhokra,Bell Metal,Lost Wax Casting,Large,42.4,1560,460,315,High,Light,Central India,14630
SIH-03115,Kondapalli Toys,Soft Wood,Hand Painting,Large,6.0,290,30,55,Medium,Standard,South India,1530
SIH-03116,Kondapalli Toys,Soft Wood,Hand Painting,Medium,4.3,150,25,20,Low,Standard,South India,900
SIH-03117,Kashmir Walnut Wood Carving,Walnut Wood,Wood Carving,Large,44.4,2750,300,545,High,Moderate,North India,15730
SIH-03118,Blue Pottery,Ceramic,Glazing,Medium,2.9,240,20,40,Low,Standard,West India,920
SIH-03119,Bastar Dhokra,Bell Metal,Lost Wax Casting,Small,13.1,1000,75,160,Low,Light,Central India,4190
SIH-03120,Kutch Embroidery,Cotton,Hand Embroidery,Small,12.2,350,60,80,Low,Standard,West India,2980
SIH-03121,Kashmir Walnut Wood Carving,Walnut Wood,Wood Carving,Medium,49.1,2060,215,460,High,Light,North India,14540
SIH-03122,Dhokra,Brass,Lost Wax Casting,Large,22.7,1410,220,170,High,Moderate,Central India,7180
SIH-03123,Banarasi,Silk,Handloom Weaving,Standard,86.8,3760,440,710,High,Standard,North India,30960
SIH-03124,Pipili Applique,Cotton,Applique,Large,11.6,240,40,35,High,Standard,East India,2170
SIH-03125,Moradabad Metal Craft,Brass,Metal Engraving,Medium,11.8,1340,100,145,Medium,Moderate,North India,4960
SIH-03126,Kashmir Walnut Wood Carving,Walnut Wood,Wood Carving,Large,27.6,1420,185,135,High,Standard,North India,8190
SIH-03127,Phulkari,Cotton,Hand Embroidery,Standard,50.0,820,145,150,Medium,Moderate,North India,12750
SIH-03128,Thanjavur Painting,Wood,Gold Leaf Work,Small,39.2,2000,320,435,Medium,Moderate,South India,19480
SIH-03129,Blue Pottery,Ceramic,Glazing,Large,4.8,280,25,35,Medium,Light,West India,1400
SIH-03130,Kondapalli Toys,Soft Wood,Hand Painting,Small,1.0,190,15,20,Low,Light,South India,450
SIH-03131,Sandalwood Carving,Sandalwood,Wood Carving,Small,50.8,1990,395,620,Medium,Moderate,South India,18320
SIH-03132,Channapatna,Wood,Lac Turning,Small,3.7,120,15,20,Low,Standard,South India,900
SIH-03133,Kashmir Walnut Wood Carving,Walnut Wood,Wood Carving,Medium,36.7,1360,145,210,Medium,Standard,North India,10560
SIH-03134,Pashmina,Pashmina Wool,Hand Embroidery,Standard,88.3,5120,235,470,Medium,Standard,North India,26860
SIH-03135,Blue Pottery,Ceramic,Glazing,Large,4.6,340,40,40,Medium,Standard,West India,1430
SIH-03136,Phulkari,Cotton,Hand Embroidery,Standard,23.2,490,100,65,Medium,Light,North India,4600
SIH-03137,Kutch Embroidery,Cotton,Hand Embroidery,Large,41.1,580,90,225,High,Light,West India,8120
SIH-03138,Sikki Craft,Sikki Grass,Hand Weaving,Medium,4.5,130,25,20,Low,Standard,East India,830
SIH-03139,Pashmina,Pashmina Wool,Hand Embroidery,Standard,50.9,5120,220,340,High,Light,North India,23790
SIH-03140,Banarasi,Silk,Handloom Weaving,Standard,161.4,5250,635,665,High,Standard,North India,44830
SIH-03141,Pipili Applique,Cotton,Applique,Small,7.4,220,30,25,Low,Standard,East India,1360
SIH-03142,Bastar Dhokra,Bell Metal,Lost Wax Casting,Medium,21.5,1440,255,330,Medium,Light,Central India,9290
SIH-03143,Phulkari,Cotton,Hand Embroidery,Standard,26.0,460,80,180,Medium,Moderate,North India,7000
SIH-03144,Moradabad Metal Craft,Brass,Metal Engraving,Large,24.1,1850,200,415,High,Standard,North India,9310
SIH-03145,Pashmina,Pashmina Wool,Hand Embroidery,Standard,96.4,5070,440,815,High,Moderate,North India,39380
SIH-03146,Banarasi,Silk,Handloom Weaving,Standard,136.5,6990,775,830,High,High,North India,56240
SIH-03147,Channapatna,Wood,Lac Turning,Medium,4.5,250,25,30,Low,Standard,South India,1120
SIH-03148,Kashmir Walnut Wood Carving,Walnut Wood,Wood Carving,Small,21.0,930,145,260,Low,Standard,North India,7800
SIH-03149,Channapatna,Wood,Lac Turning,Medium,2.6,100,15,20,Low,Standard,South India,560
SIH-03150,Pipili Applique,Cotton,Applique,Small,9.3,320,35,30,Low,Standard,East India,1900
SIH-03151,Moradabad Metal Craft,Brass,Metal Engraving,Small,5.4,970,100,120,Low,Light,North India,3030
SIH-03152,Blue Pottery,Ceramic,Glazing,Medium,2.7,230,20,30,Low,Standard,West India,830
SIH-03153,Blue Pottery,Ceramic,Glazing,Small,1.7,180,20,35,Low,Standard,West India,630
SIH-03154,Moradabad Metal Craft,Brass,Metal Engraving,Large,17.4,1870,210,275,High,Standard,North India,6080
SIH-03155,Bastar Dhokra,Bell Metal,Lost Wax Casting,Small,3.6,1390,75,125,Low,Standard,Central India,3700
SIH-03156,Sandalwood Carving,Sandalwood,Wood Carving,Medium,33.8,3280,285,260,High,High,South India,13940
SIH-03157,Kondapalli Toys,Soft Wood,Hand Painting,Large,4.8,340,35,35,High,Standard,South India,1380
SIH-03158,Kashmir Walnut Wood Carving,Walnut Wood,Wood Carving,Small,22.2,970,235,275,Low,Light,North India,8730
SIH-03159,Moradabad Metal Craft,Brass,Metal Engraving,Large,20.3,1410,160,340,High,Light,North India,7420
SIH-03160,Kondapalli Toys,Soft Wood,Hand Painting,Medium,2.4,190,25,25,Low,Standard,South India,840
SIH-03161,Blue Pottery,Ceramic,Glazing,Small,1.0,130,15,20,Low,Light,West India,370
SIH-03162,Moradabad Metal Craft,Brass,Metal Engraving,Small,7.0,800,95,150,Low,Light,North India,3160
SIH-03163,Kondapalli Toys,Soft Wood,Hand Painting,Large,7.2,380,65,75,High,Standard,South India,2460
SIH-03164,Sikki Craft,Sikki Grass,Hand Weaving,Small,4.4,120,15,30,Low,Standard,East India,960
SIH-03165,Channapatna,Wood,Lac Turning,Large,6.3,270,30,30,Medium,Standard,South India,1270
SIH-03166,Thanjavur Painting,Wood,Gold Leaf Work,Small,57.9,1710,470,480,Medium,Moderate,South India,27400
SIH-03167,Channapatna,Wood,Lac Turning,Large,5.9,260,35,60,Medium,Standard,South India,1410
SIH-03168,Dhokra,Brass,Lost Wax Casting,Medium,20.5,1120,210,205,Medium,Moderate,Central India,7170
SIH-03169,Thanjavur Painting,Wood,Gold Leaf Work,Medium,36.7,3470,455,525,High,Moderate,South India,19080
SIH-03170,Phulkari,Cotton,Hand Embroidery,Standard,17.0,430,85,140,Medium,Standard,North India,4590
SIH-03171,Channapatna,Wood,Lac Turning,Large,4.7,280,30,40,Medium,Standard,South India,1180
SIH-03172,Dhokra,Brass,Lost Wax Casting,Large,25.0,1060,195,235,High,Standard,Central India,7660
SIH-03173,Kalamkari,Cotton,Block Printing,Medium,3.8,490,15,20,Low,Light,South India,1560
SIH-03174,Pashmina,Pashmina Wool,Hand Embroidery,Standard,53.9,5670,200,275,High,Moderate,North India,24860
SIH-03175,Kashmir Walnut Wood Carving,Walnut Wood,Wood Carving,Small,15.9,1010,130,150,Low,Moderate,North India,5920
SIH-03176,Kutch Embroidery,Cotton,Hand Embroidery,Medium,33.0,440,145,160,Medium,Standard,West India,7400
SIH-03177,Madhubani,Paper,Hand Painting,Large,28.6,330,125,160,High,Moderate,East India,6540
SIH-03178,Blue Pottery,Ceramic,Glazing,Medium,3.1,310,25,45,Low,Standard,West India,940
SIH-03179,Pipili Applique,Cotton,Applique,Large,6.1,600,30,25,Medium,Standard,East India,1730
SIH-03180,Blue Pottery,Ceramic,Glazing,Medium,5.4,260,60,75,Low,Light,West India,1670
SIH-03181,Blue Pottery,Ceramic,Glazing,Medium,5.4,200,25,30,Medium,High,West India,1210
SIH-03182,Banarasi,Silk,Handloom Weaving,Standard,104.6,5650,635,385,High,Standard,North India,39420
SIH-03183,Kalamkari,Cotton,Block Printing,Large,13.3,460,40,55,Medium,Standard,South India,3640
SIH-03184,Madhubani,Paper,Hand Painting,Medium,12.7,220,30,60,Medium,High,East India,3480
SIH-03185,Channapatna,Wood,Lac Turning,Medium,5.7,180,25,40,Low,Standard,South India,1060
SIH-03186,Banarasi,Silk,Handloom Weaving,Standard,101.3,2940,305,370,Medium,Standard,North India,31540
SIH-03187,Blue Pottery,Ceramic,Glazing,Medium,3.5,250,40,45,Low,Standard,West India,1180
SIH-03188,Dhokra,Brass,Lost Wax Casting,Medium,10.5,1710,145,170,Medium,Standard,Central India,6210
SIH-03189,Channapatna,Wood,Lac Turning,Large,6.5,180,25,35,Medium,Standard,South India,1700
SIH-03190,Thanjavur Painting,Wood,Gold Leaf Work,Medium,48.7,2610,440,390,High,Moderate,South India,24740
SIH-03191,Kondapalli Toys,Soft Wood,Hand Painting,Large,6.9,490,55,65,Medium,Light,South India,1960
SIH-03192,Terracotta,Clay,Hand Moulding,Large,2.7,260,30,30,Low,Standard,East India,790
SIH-03193,Sikki Craft,Sikki Grass,Hand Weaving,Large,5.3,230,30,45,High,Light,East India,1260
SIH-03194,Blue Pottery,Ceramic,Glazing,Small,2.5,150,15,35,Low,Moderate,West India,700
SIH-03195,Moradabad Metal Craft,Brass,Metal Engraving,Small,6.1,820,45,70,Low,Standard,North India,2920
SIH-03196,Bastar Dhokra,Bell Metal,Lost Wax Casting,Large,54.2,3040,355,405,High,Moderate,Central India,14920
SIH-03197,Pashmina,Pashmina Wool,Hand Embroidery,Standard,59.7,4850,250,300,Medium,Standard,North India,24900
SIH-03198,Kutch Embroidery,Cotton,Hand Embroidery,Medium,10.8,430,20,45,Medium,Standard,West India,2510
SIH-03199,Kashmir Walnut Wood Carving,Walnut Wood,Wood Carving,Medium,19.7,1230,185,165,Medium,Light,North India,7450
SIH-03200,Kashmir Walnut Wood Carving,Walnut Wood,Wood Carving,Large,52.3,1660,210,530,High,Standard,North India,14050
SIH-03201,Sikki Craft,Sikki Grass,Hand Weaving,Medium,8.4,130,35,55,Medium,Standard,East India,1870
SIH-03202,Blue Pottery,Ceramic,Glazing,Large,6.7,410,75,70,Medium,Moderate,West India,2070
SIH-03203,Thanjavur Painting,Wood,Gold Leaf Work,Large,63.0,4610,390,770,High,Moderate,South India,27640
SIH-03204,Phulkari,Cotton,Hand Embroidery,Standard,34.7,800,155,115,Medium,Light,North India,7850
SIH-03205,Moradabad Metal Craft,Brass,Metal Engraving,Large,9.9,1930,200,160,High,Light,North India,5890
SIH-03206,Phulkari,Cotton,Hand Embroidery,Standard,22.1,770,75,135,Medium,Standard,North India,4870
SIH-03207,Bastar Dhokra,Bell Metal,Lost Wax Casting,Medium,23.7,1930,140,430,Medium,Standard,Central India,9700
SIH-03208,Channapatna,Wood,Lac Turning,Small,3.6,160,35,20,Low,Standard,South India,970
SIH-03209,Pipili Applique,Cotton,Applique,Small,6.6,230,20,30,Low,Light,East India,1600
SIH-03210,Terracotta,Clay,Hand Moulding,Medium,1.7,140,20,25,Low,Moderate,East India,510
SIH-03211,Sandalwood Carving,Sandalwood,Wood Carving,Medium,23.4,1480,185,250,Medium,Light,South India,7950
SIH-03212,Sandalwood Carving,Sandalwood,Wood Carving,Small,25.2,2450,115,195,Medium,Light,South India,9940
SIH-03213,Kondapalli Toys,Soft Wood,Hand Painting,Small,4.5,170,30,25,Low,Light,South India,1190
SIH-03214,Terracotta,Clay,Hand Moulding,Large,3.3,260,25,35,Medium,Standard,East India,780
SIH-03215,Phulkari,Cotton,Hand Embroidery,Standard,31.5,320,145,145,Medium,Standard,North India,7040
SIH-03216,Sikki Craft,Sikki Grass,Hand Weaving,Large,7.6,170,30,70,High,Standard,East India,1820
SIH-03217,Blue Pottery,Ceramic,Glazing,Medium,2.0,280,15,40,Low,Standard,West India,780
SIH-03218,Madhubani,Paper,Hand Painting,Large,69.8,350,155,390,High,Light,East India,16760
SIH-03219,Phulkari,Cotton,Hand Embroidery,Standard,34.8,510,150,180,Medium,Moderate,North India,10570
SIH-03220,Sandalwood Carving,Sandalwood,Wood Carving,Medium,81.6,2370,370,735,High,Moderate,South India,26800
SIH-03221,Kondapalli Toys,Soft Wood,Hand Painting,Small,4.5,230,35,25,Low,Standard,South India,1500
SIH-03222,Madhubani,Paper,Hand Painting,Medium,30.8,320,95,160,Medium,High,East India,6390
SIH-03223,Banarasi,Silk,Handloom Weaving,Standard,152.7,5310,535,830,High,High,North India,48730
SIH-03224,Kutch Embroidery,Cotton,Hand Embroidery,Small,12.1,210,60,45,Low,Standard,West India,3160
SIH-03225,Madhubani,Paper,Hand Painting,Medium,18.3,200,45,110,Medium,Light,East India,4840
SIH-03226,Blue Pottery,Ceramic,Glazing,Medium,3.7,360,50,35,Low,Moderate,West India,1230
SIH-03227,Dhokra,Brass,Lost Wax Casting,Small,9.6,1060,105,140,Low,Moderate,Central India,3880
SIH-03228,Kashmir Walnut Wood Carving,Walnut Wood,Wood Carving,Medium,21.8,1160,110,155,Medium,Standard,North India,7180
SIH-03229,Moradabad Metal Craft,Brass,Metal Engraving,Large,23.4,2020,135,305,High,Standard,North India,7660
SIH-03230,Kalamkari,Cotton,Block Printing,Small,7.6,260,30,55,Low,Standard,South India,2260
SIH-03231,Kutch Embroidery,Cotton,Hand Embroidery,Large,25.9,430,70,75,High,High,West India,5660
SIH-03232,Pashmina,Pashmina Wool,Hand Embroidery,Standard,84.5,5130,500,590,Medium,Standard,North India,30910
SIH-03233,Channapatna,Wood,Lac Turning,Medium,3.3,240,30,35,Low,Light,South India,1030
SIH-03234,Pipili Applique,Cotton,Applique,Small,7.2,250,15,35,Low,Light,East India,1260
SIH-03235,Blue Pottery,Ceramic,Glazing,Large,5.9,460,35,90,Medium,Standard,West India,1690
SIH-03236,Pipili Applique,Cotton,Applique,Small,7.1,150,15,35,Low,High,East India,1420
SIH-03237,Kashmir Walnut Wood Carving,Walnut Wood,Wood Carving,Large,60.2,2870,255,435,High,Moderate,North India,19190
SIH-03238,Thanjavur Painting,Wood,Gold Leaf Work,Small,36.7,2220,405,440,Medium,Standard,South India,19620
SIH-03239,Kondapalli Toys,Soft Wood,Hand Painting,Medium,6.2,340,30,55,Medium,Standard,South India,1680
SIH-03240,Sandalwood Carving,Sandalwood,Wood Carving,Large,26.7,3920,210,380,High,Moderate,South India,12540
SIH-03241,Banarasi,Silk,Handloom Weaving,Standard,148.7,4330,790,1185,High,Standard,North India,50430
SIH-03242,Sikki Craft,Sikki Grass,Hand Weaving,Small,4.2,100,20,40,Low,Light,East India,1110
SIH-03243,Moradabad Metal Craft,Brass,Metal Engraving,Large,13.8,1930,135,240,High,Standard,North India,7100
SIH-03244,Bastar Dhokra,Bell Metal,Lost Wax Casting,Medium,27.0,1930,235,180,High,Moderate,Central India,7610
SIH-03245,Blue Pottery,Ceramic,Glazing,Medium,1.5,220,20,30,Low,Standard,West India,570
SIH-03246,Sikki Craft,Sikki Grass,Hand Weaving,Small,6.3,140,25,30,Low,High,East India,1140
SIH-03247,Kashmir Walnut Wood Carving,Walnut Wood,Wood Carving,Small,28.0,930,210,145,Low,Light,North India,8900
SIH-03248,Phulkari,Cotton,Hand Embroidery,Standard,38.6,530,140,130,Medium,Light,North India,7710
SIH-03249,Dhokra,Brass,Lost Wax Casting,Medium,24.8,1800,250,245,Medium,Moderate,Central India,9770
SIH-03250,Blue Pottery,Ceramic,Glazing,Medium,5.2,250,40,45,Low,Moderate,West India,1540
SIH-03251,Terracotta,Clay,Hand Moulding,Large,6.7,140,30,55,Medium,Standard,East India,1140
SIH-03252,Pipili Applique,Cotton,Applique,Small,4.7,190,15,25,Low,Standard,East India,1150
SIH-03253,Kutch Embroidery,Cotton,Hand Embroidery,Medium,30.1,570,95,135,High,Light,West India,6250
SIH-03254,Kutch Embroidery,Cotton,Hand Embroidery,Medium,20.5,410,50,125,Medium,Moderate,West India,4570
SIH-03255,Madhubani,Paper,Hand Painting,Medium,19.0,250,100,100,Medium,Light,East India,5130
SIH-03256,Moradabad Metal Craft,Brass,Metal Engraving,Large,26.0,2520,165,405,High,Standard,North India,8650
SIH-03257,Blue Pottery,Ceramic,Glazing,Medium,2.9,160,20,35,Low,Standard,West India,690
SIH-03258,Dhokra,Brass,Lost Wax Casting,Medium,29.0,1130,185,145,Medium,Light,Central India,7080
SIH-03259,Phulkari,Cotton,Hand Embroidery,Standard,55.5,670,110,130,High,Moderate,North India,10230
SIH-03260,Madhubani,Paper,Hand Painting,Medium,43.2,270,140,275,Medium,Moderate,East India,11510
SIH-03261,Dhokra,Brass,Lost Wax Casting,Medium,26.4,1150,265,180,High,Moderate,Central India,8800
SIH-03262,Kashmir Walnut Wood Carving,Walnut Wood,Wood Carving,Large,56.8,2050,445,640,High,Standard,North India,21170
SIH-03263,Pipili Applique,Cotton,Applique,Small,9.5,150,25,20,Low,Standard,East India,1440
SIH-03264,Madhubani,Paper,Hand Painting,Large,11.3,430,60,50,Medium,Standard,East India,3650
SIH-03265,Madhubani,Paper,Hand Painting,Small,23.5,130,50,125,Low,Moderate,East India,5560
SIH-03266,Blue Pottery,Ceramic,Glazing,Small,1.3,200,20,30,Low,Standard,West India,520
SIH-03267,Sandalwood Carving,Sandalwood,Wood Carving,Medium,21.2,3860,160,190,High,High,South India,13720
SIH-03268,Dhokra,Brass,Lost Wax Casting,Small,15.5,1470,130,180,Medium,High,Central India,6380
SIH-03269,Blue Pottery,Ceramic,Glazing,Small,2.7,250,45,50,Low,Light,West India,1000
SIH-03270,Channapatna,Wood,Lac Turning,Medium,3.3,160,20,35,Low,Standard,South India,850
SIH-03271,Kondapalli Toys,Soft Wood,Hand Painting,Small,4.6,120,15,30,Low,Standard,South India,930
SIH-03272,Madhubani,Paper,Hand Painting,Large,29.2,340,155,145,Medium,Standard,East India,7420
SIH-03273,Kondapalli Toys,Soft Wood,Hand Painting,Large,13.0,480,60,65,High,Light,South India,2440
SIH-03274,Thanjavur Painting,Wood,Gold Leaf Work,Small,41.9,1580,470,495,Medium,Moderate,South India,21540
SIH-03275,Blue Pottery,Ceramic,Glazing,Medium,5.0,310,55,75,Low,Light,West India,1600
SIH-03276,Sandalwood Carving,Sandalwood,Wood Carving,Large,87.5,4010,560,785,High,Light,South India,26390
SIH-03277,Banarasi,Silk,Handloom Weaving,Standard,81.8,5530,325,340,Medium,Standard,North India,25580
SIH-03278,Dhokra,Brass,Lost Wax Casting,Large,11.0,3390,170,325,High,Standard,Central India,7270
SIH-03279,Sandalwood Carving,Sandalwood,Wood Carving,Medium,64.0,1600,470,740,Medium,Light,South India,22060
SIH-03280,Blue Pottery,Ceramic,Glazing,Medium,2.2,200,20,25,Low,Standard,West India,670
SIH-03281,Channapatna,Wood,Lac Turning,Large,6.5,150,30,40,Low,Standard,South India,1190
SIH-03282,Dhokra,Brass,Lost Wax Casting,Large,22.6,3060,205,480,High,Light,Central India,10160
SIH-03283,Pipili Applique,Cotton,Applique,Large,15.2,320,35,35,Medium,Standard,East India,2620
SIH-03284,Dhokra,Brass,Lost Wax Casting,Medium,16.7,1660,140,155,Medium,Standard,Central India,6140
SIH-03285,Thanjavur Painting,Wood,Gold Leaf Work,Large,32.8,4380,375,640,High,Light,South India,23070
SIH-03286,Terracotta,Clay,Hand Moulding,Medium,7.0,150,30,40,Low,Light,East India,1470
SIH-03287,Blue Pottery,Ceramic,Glazing,Small,3.7,240,40,35,Low,High,West India,1110
SIH-03288,Blue Pottery,Ceramic,Glazing,Small,2.5,240,35,45,Low,High,West India,960
SIH-03289,Pipili Applique,Cotton,Applique,Small,6.5,240,25,35,Low,Light,East India,1270
SIH-03290,Madhubani,Paper,Hand Painting,Large,63.9,440,265,240,High,Moderate,East India,13400
SIH-03291,Blue Pottery,Ceramic,Glazing,Small,1.3,130,15,25,Low,Standard,West India,480
SIH-03292,Banarasi,Silk,Handloom Weaving,Standard,135.0,6190,485,1005,High,Moderate,North India,48690
SIH-03293,Thanjavur Painting,Wood,Gold Leaf Work,Medium,37.9,4140,500,500,High,Moderate,South India,20760
SIH-03294,Channapatna,Wood,Lac Turning,Large,5.7,240,25,25,Medium,Standard,South India,1210
SIH-03295,Channapatna,Wood,Lac Turning,Small,2.0,80,15,20,Low,Light,South India,490
SIH-03296,Dhokra,Brass,Lost Wax Casting,Small,2.6,830,45,60,Low,Standard,Central India,1920
SIH-03297,Moradabad Metal Craft,Brass,Metal Engraving,Small,7.2,1010,100,85,Low,Light,North India,3590
SIH-03298,Blue Pottery,Ceramic,Glazing,Large,8.3,320,80,120,Medium,Standard,West India,2310
SIH-03299,Channapatna,Wood,Lac Turning,Small,3.1,130,15,20,Low,Standard,South India,680
SIH-03300,Terracotta,Clay,Hand Moulding,Medium,6.4,240,40,40,Low,Standard,East India,1500
SIH-03301,Pipili Applique,Cotton,Applique,Medium,9.6,250,40,50,Low,Standard,East India,2130
SIH-03302,Phulkari,Cotton,Hand Embroidery,Standard,26.0,800,160,195,Medium,Standard,North India,9020
SIH-03303,Pipili Applique,Cotton,Applique,Medium,7.4,230,25,35,Low,Standard,East India,1670
SIH-03304,Thanjavur Painting,Wood,Gold Leaf Work,Large,60.9,4010,475,765,High,Standard,South India,27100
SIH-03305,Phulkari,Cotton,Hand Embroidery,Standard,47.7,750,90,155,Medium,Standard,North India,9920
SIH-03306,Kondapalli Toys,Soft Wood,Hand Painting,Large,5.4,370,35,50,Medium,Standard,South India,1490
SIH-03307,Bastar Dhokra,Bell Metal,Lost Wax Casting,Medium,16.7,1690,240,315,Medium,Standard,Central India,7990
SIH-03308,Kutch Embroidery,Cotton,Hand Embroidery,Small,20.0,230,65,80,Low,Moderate,West India,6240
SIH-03309,Dhokra,Brass,Lost Wax Casting,Small,17.3,650,100,105,Medium,Moderate,Central India,4610
SIH-03310,Bastar Dhokra,Bell Metal,Lost Wax Casting,Small,7.7,1000,55,90,Low,Standard,Central India,2940
SIH-03311,Kondapalli Toys,Soft Wood,Hand Painting,Large,8.2,570,60,75,Medium,Standard,South India,2070
SIH-03312,Channapatna,Wood,Lac Turning,Medium,3.7,120,15,30,Low,Light,South India,790
SIH-03313,Kutch Embroidery,Cotton,Hand Embroidery,Large,27.3,600,95,130,High,Light,West India,5200
SIH-03314,Madhubani,Paper,Hand Painting,Large,24.3,370,70,150,High,High,East India,6050
SIH-03315,Kalamkari,Cotton,Block Printing,Large,13.1,800,70,40,Medium,Standard,South India,3460
SIH-03316,Blue Pottery,Ceramic,Glazing,Medium,2.4,190,20,35,Low,Light,West India,730
SIH-03317,Sandalwood Carving,Sandalwood,Wood Carving,Large,65.9,4310,380,465,High,Light,South India,23340
SIH-03318,Kashmir Walnut Wood Carving,Walnut Wood,Wood Carving,Large,78.1,2120,325,455,High,Standard,North India,20180
SIH-03319,Banarasi,Silk,Handloom Weaving,Standard,102.7,7280,390,665,High,Standard,North India,42730
SIH-03320,Kalamkari,Cotton,Block Printing,Medium,8.6,360,25,50,Low,Standard,South India,1780
SIH-03321,Kutch Embroidery,Cotton,Hand Embroidery,Small,17.8,470,70,80,Medium,Moderate,West India,5600
SIH-03322,Thanjavur Painting,Wood,Gold Leaf Work,Small,28.1,1470,200,240,Medium,Standard,South India,12580
SIH-03323,Blue Pottery,Ceramic,Glazing,Small,1.2,180,20,20,Low,Moderate,West India,590
SIH-03324,Terracotta,Clay,Hand Moulding,Small,4.0,160,15,25,Low,Standard,East India,860
SIH-03325,Banarasi,Silk,Handloom Weaving,Standard,80.1,4510,385,400,High,Standard,North India,33620
SIH-03326,Kondapalli Toys,Soft Wood,Hand Painting,Small,1.5,130,15,20,Low,Standard,South India,530
SIH-03327,Blue Pottery,Ceramic,Glazing,Small,3.0,230,35,35,Low,Standard,West India,970
SIH-03328,Dhokra,Brass,Lost Wax Casting,Large,30.6,1820,265,310,High,Moderate,Central India,10860
SIH-03329,Sikki Craft,Sikki Grass,Hand Weaving,Medium,2.5,140,15,20,Medium,Standard,East India,570
SIH-03330,Pashmina,Pashmina Wool,Hand Embroidery,Standard,38.3,6630,180,225,Medium,Standard,North India,19500
SIH-03331,Blue Pottery,Ceramic,Glazing,Large,4.8,360,45,50,Medium,Light,West India,1480
SIH-03332,Sandalwood Carving,Sandalwood,Wood Carving,Small,24.7,2190,160,270,Medium,Light,South India,11950
SIH-03333,Dhokra,Brass,Lost Wax Casting,Medium,9.4,2030,150,135,High,Moderate,Central India,5600
SIH-03334,Kalamkari,Cotton,Block Printing,Large,18.8,680,60,115,Medium,Standard,South India,4390
SIH-03335,Blue Pottery,Ceramic,Glazing,Large,4.1,320,30,40,Medium,Light,West India,1410
SIH-03336,Thanjavur Painting,Wood,Gold Leaf Work,Large,54.1,3390,625,545,High,Moderate,South India,25610
SIH-03337,Blue Pottery,Ceramic,Glazing,Large,3.6,400,30,55,Medium,Standard,West India,1140
SIH-03338,Pipili Applique,Cotton,Applique,Large,30.9,440,55,120,High,Moderate,East India,4520
SIH-03339,Kashmir Walnut Wood Carving,Walnut Wood,Wood Carving,Large,38.7,2220,265,510,High,Standard,North India,13130
SIH-03340,Banarasi,Silk,Handloom Weaving,Standard,79.7,6490,280,455,High,Light,North India,33650
SIH-03341,Terracotta,Clay,Hand Moulding,Small,1.0,110,15,20,Low,Moderate,East India,380
SIH-03342,Sandalwood Carving,Sandalwood,Wood Carving,Small,24.6,2480,320,225,Low,Standard,South India,12820
SIH-03343,Bastar Dhokra,Bell Metal,Lost Wax Casting,Large,32.2,2840,275,445,High,High,Central India,13470
SIH-03344,Madhubani,Paper,Hand Painting,Large,50.8,400,115,115,High,Moderate,East India,10370
SIH-03345,Blue Pottery,Ceramic,Glazing,Medium,1.8,220,15,30,Medium,High,West India,650
SIH-03346,Thanjavur Painting,Wood,Gold Leaf Work,Large,43.2,4270,500,775,High,Light,South India,24620
SIH-03347,Phulkari,Cotton,Hand Embroidery,Standard,41.7,690,180,180,Medium,Standard,North India,9200
SIH-03348,Kondapalli Toys,Soft Wood,Hand Painting,Medium,4.6,320,30,40,Low,Standard,South India,1170
SIH-03349,Pashmina,Pashmina Wool,Hand Embroidery,Standard,95.4,5620,445,520,Medium,Standard,North India,28520
SIH-03350,Sikki Craft,Sikki Grass,Hand Weaving,Large,10.4,280,55,45,Medium,Standard,East India,2470
SIH-03351,Phulkari,Cotton,Hand Embroidery,Standard,26.5,700,140,90,High,High,North India,7450
SIH-03352,Bastar Dhokra,Bell Metal,Lost Wax Casting,Medium,29.5,2040,280,350,Medium,Light,Central India,11670
SIH-03353,Banarasi,Silk,Handloom Weaving,Standard,132.1,4110,435,820,High,Standard,North India,37660
SIH-03354,Banarasi,Silk,Handloom Weaving,Standard,100.1,4940,570,605,High,Standard,North India,41520
SIH-03355,Banarasi,Silk,Handloom Weaving,Standard,108.7,6870,620,400,High,Moderate,North India,40000
SIH-03356,Blue Pottery,Ceramic,Glazing,Large,5.9,360,35,85,Medium,Standard,West India,1910
SIH-03357,Thanjavur Painting,Wood,Gold Leaf Work,Small,31.6,1470,260,260,Medium,High,South India,12440
SIH-03358,Pashmina,Pashmina Wool,Hand Embroidery,Standard,50.6,5310,410,395,Medium,Standard,North India,24600
SIH-03359,Kondapalli Toys,Soft Wood,Hand Painting,Large,10.1,500,50,85,Medium,Light,South India,2620
SIH-03360,Dhokra,Brass,Lost Wax Casting,Large,9.5,2030,205,230,High,Light,Central India,6250
SIH-03361,Channapatna,Wood,Lac Turning,Large,6.0,250,45,70,Medium,Standard,South India,1780
SIH-03362,Pipili Applique,Cotton,Applique,Large,9.5,400,50,70,Medium,Standard,East India,2550
SIH-03363,Kashmir Walnut Wood Carving,Walnut Wood,Wood Carving,Large,33.3,1820,175,280,High,Light,North India,13820
SIH-03364,Kondapalli Toys,Soft Wood,Hand Painting,Small,5.0,140,30,30,Low,Moderate,South India,1300
SIH-03365,Kashmir Walnut Wood Carving,Walnut Wood,Wood Carving,Large,23.8,1860,115,340,High,Standard,North India,9270
SIH-03366,Pipili Applique,Cotton,Applique,Medium,9.6,170,35,55,Low,Standard,East India,2270
SIH-03367,Blue Pottery,Ceramic,Glazing,Medium,3.3,210,30,40,Low,Moderate,West India,870
SIH-03368,Thanjavur Painting,Wood,Gold Leaf Work,Large,32.5,3550,385,620,High,Moderate,South India,21050
SIH-03369,Pipili Applique,Cotton,Applique,Small,4.1,170,15,20,Low,Light,East India,990
SIH-03370,Sandalwood Carving,Sandalwood,Wood Carving,Large,58.5,4870,480,400,High,Moderate,South India,19650
SIH-03371,Pashmina,Pashmina Wool,Hand Embroidery,Standard,82.2,6210,275,475,Medium,Standard,North India,33190
SIH-03372,Moradabad Metal Craft,Brass,Metal Engraving,Large,28.0,1890,350,280,High,Standard,North India,9890
SIH-03373,Sikki Craft,Sikki Grass,Hand Weaving,Large,8.2,200,50,40,Medium,Standard,East India,2070
SIH-03374,Channapatna,Wood,Lac Turning,Small,1.2,130,15,20,Low,Light,South India,380
SIH-03375,Kutch Embroidery,Cotton,Hand Embroidery,Large,32.7,450,105,215,High,Moderate,West India,8310
SIH-03376,Phulkari,Cotton,Hand Embroidery,Standard,42.0,610,140,245,Medium,Light,North India,9070
SIH-03377,Terracotta,Clay,Hand Moulding,Small,4.8,110,25,40,Low,Light,East India,920
SIH-03378,Kutch Embroidery,Cotton,Hand Embroidery,Medium,32.1,300,80,110,High,High,West India,8210
SIH-03379,Banarasi,Silk,Handloom Weaving,Standard,45.9,6010,280,285,Medium,Standard,North India,19060
SIH-03380,Sikki Craft,Sikki Grass,Hand Weaving,Large,10.1,240,50,70,High,Standard,East India,1770
SIH-03381,Blue Pottery,Ceramic,Glazing,Medium,4.1,270,20,65,Low,Light,West India,1160
SIH-03382,Kondapalli Toys,Soft Wood,Hand Painting,Small,1.4,190,15,20,Low,Standard,South India,490
SIH-03383,Dhokra,Brass,Lost Wax Casting,Large,31.2,2450,330,255,High,Moderate,Central India,9700
SIH-03384,Sandalwood Carving,Sandalwood,Wood Carving,Small,34.1,2260,255,180,Low,Light,South India,11140
SIH-03385,Channapatna,Wood,Lac Turning,Medium,3.8,190,20,20,Low,Standard,South India,940
SIH-03386,Moradabad Metal Craft,Brass,Metal Engraving,Medium,13.9,1130,160,190,Medium,Standard,North India,5270
SIH-03387,Thanjavur Painting,Wood,Gold Leaf Work,Medium,41.4,3800,525,410,High,Moderate,South India,23870
SIH-03388,Sandalwood Carving,Sandalwood,Wood Carving,Large,32.2,3870,345,540,High,Standard,South India,18760
SIH-03389,Blue Pottery,Ceramic,Glazing,Small,3.7,220,35,45,Low,Moderate,West India,1170
SIH-03390,Pashmina,Pashmina Wool,Hand Embroidery,Standard,45.9,3710,205,255,Medium,Standard,North India,17120
SIH-03391,Dhokra,Brass,Lost Wax Casting,Medium,21.3,1070,195,265,Medium,Moderate,Central India,7190
SIH-03392,Blue Pottery,Ceramic,Glazing,Large,3.2,310,30,40,Medium,Moderate,West India,1000
SIH-03393,Thanjavur Painting,Wood,Gold Leaf Work,Large,24.2,6360,510,475,High,Standard,South India,23810
SIH-03394,Blue Pottery,Ceramic,Glazing,Medium,2.0,280,20,45,Low,Light,West India,790
SIH-03395,Blue Pottery,Ceramic,Glazing,Medium,5.1,350,45,75,Low,Moderate,West India,1720
SIH-03396,Madhubani,Paper,Hand Painting,Medium,15.1,210,45,60,Low,Standard,East India,3930
SIH-03397,Kutch Embroidery,Cotton,Hand Embroidery,Large,20.0,570,100,85,High,Standard,West India,5680
SIH-03398,Kalamkari,Cotton,Block Printing,Large,12.7,650,60,45,Medium,Standard,South India,3140
SIH-03399,Madhubani,Paper,Hand Painting,Small,7.9,140,30,30,Low,Light,East India,2170
SIH-03400,Banarasi,Silk,Handloom Weaving,Standard,121.6,4310,500,1060,High,Light,North India,47500
SIH-03401,Blue Pottery,Ceramic,Glazing,Large,5.3,280,45,45,Medium,Light,West India,1270
SIH-03402,Sandalwood Carving,Sandalwood,Wood Carving,Large,38.2,4670,225,340,High,Standard,South India,20640
SIH-03403,Moradabad Metal Craft,Brass,Metal Engraving,Large,20.8,1810,310,285,High,Moderate,North India,9600
SIH-03404,Thanjavur Painting,Wood,Gold Leaf Work,Large,64.9,3770,655,410,High,Standard,South India,27470
SIH-03405,Pipili Applique,Cotton,Applique,Medium,3.9,310,15,20,Medium,Light,East India,1160
SIH-03406,Banarasi,Silk,Handloom Weaving,Standard,110.8,4050,560,810,Medium,Standard,North India,39570
SIH-03407,Dhokra,Brass,Lost Wax Casting,Medium,22.5,1750,125,270,High,High,Central India,7250
SIH-03408,Blue Pottery,Ceramic,Glazing,Small,2.8,250,25,30,Low,Light,West India,880
SIH-03409,Pashmina,Pashmina Wool,Hand Embroidery,Standard,121.6,7180,600,430,High,High,North India,43800
SIH-03410,Pipili Applique,Cotton,Applique,Small,3.1,170,15,20,Low,Standard,East India,670
SIH-03411,Bastar Dhokra,Bell Metal,Lost Wax Casting,Medium,12.2,2650,230,180,Medium,Standard,Central India,8470
SIH-03412,Bastar Dhokra,Bell Metal,Lost Wax Casting,Medium,21.2,1860,105,165,High,Light,Central India,7380
SIH-03413,Pashmina,Pashmina Wool,Hand Embroidery,Standard,69.5,4680,240,430,Medium,Standard,North India,24980
SIH-03414,Moradabad Metal Craft,Brass,Metal Engraving,Medium,20.3,1550,240,240,Medium,Standard,North India,6650
SIH-03415,Moradabad Metal Craft,Brass,Metal Engraving,Medium,15.0,1760,260,320,High,High,North India,8070
SIH-03416,Phulkari,Cotton,Hand Embroidery,Standard,44.3,430,85,135,Medium,Moderate,North India,9040
SIH-03417,Blue Pottery,Ceramic,Glazing,Medium,1.8,210,25,20,Low,Standard,West India,660
SIH-03418,Terracotta,Clay,Hand Moulding,Medium,4.7,120,20,45,Low,Light,East India,990
SIH-03419,Madhubani,Paper,Hand Painting,Large,48.4,390,175,310,High,Light,East India,13490
SIH-03420,Terracotta,Clay,Hand Moulding,Large,5.6,230,45,60,Medium,Standard,East India,1300
SIH-03421,Blue Pottery,Ceramic,Glazing,Large,10.8,620,65,85,High,High,West India,3370
SIH-03422,Dhokra,Brass,Lost Wax Casting,Medium,10.6,910,140,175,Medium,Standard,Central India,4950
SIH-03423,Thanjavur Painting,Wood,Gold Leaf Work,Large,63.2,4080,375,680,High,Standard,South India,26680
SIH-03424,Pashmina,Pashmina Wool,Hand Embroidery,Standard,91.3,7670,345,660,High,Light,North India,34160
SIH-03425,Dhokra,Brass,Lost Wax Casting,Large,33.1,1800,260,395,High,Moderate,Central India,10510
SIH-03426,Sandalwood Carving,Sandalwood,Wood Carving,Large,22.5,5640,425,545,High,High,South India,18310
SIH-03427,Phulkari,Cotton,Hand Embroidery,Standard,36.1,430,145,95,Medium,Standard,North India,6730
SIH-03428,Blue Pottery,Ceramic,Glazing,Large,5.3,450,60,100,Medium,Standard,West India,1900
SIH-03429,Moradabad Metal Craft,Brass,Metal Engraving,Large,33.4,1590,370,405,High,Moderate,North India,12270
SIH-03430,Kashmir Walnut Wood Carving,Walnut Wood,Wood Carving,Large,23.9,2630,235,200,High,Standard,North India,9190
SIH-03431,Blue Pottery,Ceramic,Glazing,Small,3.0,230,40,45,Low,Standard,West India,900
SIH-03432,Banarasi,Silk,Handloom Weaving,Standard,105.7,5350,480,375,Medium,Standard,North India,32220
SIH-03433,Blue Pottery,Ceramic,Glazing,Large,5.1,460,65,95,Medium,Light,West India,1810
SIH-03434,Terracotta,Clay,Hand Moulding,Large,9.3,260,60,70,Medium,Moderate,East India,1700
SIH-03435,Blue Pottery,Ceramic,Glazing,Medium,4.7,170,50,35,Low,Standard,West India,1330
SIH-03436,Pipili Applique,Cotton,Applique,Medium,14.3,350,30,65,Low,Standard,East India,2530
SIH-03437,Channapatna,Wood,Lac Turning,Small,2.4,120,20,20,Low,Moderate,South India,690
SIH-03438,Dhokra,Brass,Lost Wax Casting,Small,17.9,1600,205,325,Medium,High,Central India,7680
SIH-03439,Blue Pottery,Ceramic,Glazing,Medium,2.4,310,30,25,Low,Standard,West India,890
SIH-03440,Blue Pottery,Ceramic,Glazing,Large,6.3,390,45,100,Medium,Standard,West India,2130
SIH-03441,Kutch Embroidery,Cotton,Hand Embroidery,Large,24.2,670,125,155,High,Light,West India,6400
SIH-03442,Thanjavur Painting,Wood,Gold Leaf Work,Small,48.9,2700,330,800,Medium,Light,South India,26470
SIH-03443,Terracotta,Clay,Hand Moulding,Medium,7.3,180,50,75,Low,Moderate,East India,1510
SIH-03444,Blue Pottery,Ceramic,Glazing,Medium,4.3,270,30,65,Low,Standard,West India,1190
SIH-03445,Blue Pottery,Ceramic,Glazing,Large,10.0,560,95,65,Medium,Moderate,West India,2390
SIH-03446,Banarasi,Silk,Handloom Weaving,Standard,137.6,7240,495,1045,High,Moderate,North India,59260
SIH-03447,Sandalwood Carving,Sandalwood,Wood Carving,Medium,31.4,1600,170,455,High,Light,South India,13240
SIH-03448,Kondapalli Toys,Soft Wood,Hand Painting,Small,3.6,150,15,20,Low,Standard,South India,1020
SIH-03449,Pipili Applique,Cotton,Applique,Medium,6.0,270,25,20,Low,Standard,East India,1350
SIH-03450,Dhokra,Brass,Lost Wax Casting,Medium,23.5,1090,170,245,Medium,Standard,Central India,7340
SIH-03451,Thanjavur Painting,Wood,Gold Leaf Work,Large,51.0,6130,605,610,High,Standard,South India,29810
SIH-03452,Kalamkari,Cotton,Block Printing,Small,4.9,290,30,25,Low,Standard,South India,1550
SIH-03453,Moradabad Metal Craft,Brass,Metal Engraving,Medium,20.7,1340,150,360,Medium,Moderate,North India,7410
SIH-03454,Terracotta,Clay,Hand Moulding,Small,3.0,120,30,25,Low,Standard,East India,740
SIH-03455,Dhokra,Brass,Lost Wax Casting,Small,13.2,510,90,80,Low,Standard,Central India,3500
SIH-03456,Kondapalli Toys,Soft Wood,Hand Painting,Medium,6.4,230,30,60,Low,Light,South India,1710
SIH-03457,Pashmina,Pashmina Wool,Hand Embroidery,Standard,68.2,8140,315,530,Medium,Standard,North India,29490
SIH-03458,Blue Pottery,Ceramic,Glazing,Large,3.0,270,35,40,Medium,Standard,West India,1030
SIH-03459,Kutch Embroidery,Cotton,Hand Embroidery,Medium,26.3,350,75,110,High,High,West India,7340
SIH-03460,Banarasi,Silk,Handloom Weaving,Standard,128.5,6800,380,735,Medium,Standard,North India,38800
SIH-03461,Kalamkari,Cotton,Block Printing,Medium,13.8,240,70,55,Low,Standard,South India,3320
SIH-03462,Sandalwood Carving,Sandalwood,Wood Carving,Large,67.9,2670,345,405,High,Standard,South India,20490
SIH-03463,Moradabad Metal Craft,Brass,Metal Engraving,Medium,16.4,1170,140,110,Medium,Standard,North India,5370
SIH-03464,Moradabad Metal Craft,Brass,Metal Engraving,Small,6.6,440,75,75,Low,Standard,North India,2200
SIH-03465,Thanjavur Painting,Wood,Gold Leaf Work,Medium,28.3,2430,260,430,High,Light,South India,13830
SIH-03466,Sandalwood Carving,Sandalwood,Wood Carving,Large,72.4,3860,555,970,High,Light,South India,27450
SIH-03467,Sikki Craft,Sikki Grass,Hand Weaving,Large,14.0,170,85,60,High,Standard,East India,3170
SIH-03468,Moradabad Metal Craft,Brass,Metal Engraving,Small,2.9,1000,80,65,Low,Standard,North India,2250
SIH-03469,Kondapalli Toys,Soft Wood,Hand Painting,Small,4.5,180,30,40,Low,Moderate,South India,1400
SIH-03470,Phulkari,Cotton,Hand Embroidery,Standard,10.9,420,30,50,High,Light,North India,3460
SIH-03471,Pipili Applique,Cotton,Applique,Large,11.3,390,30,60,Medium,Standard,East India,2200
SIH-03472,Blue Pottery,Ceramic,Glazing,Small,2.7,190,35,35,Low,Standard,West India,950
SIH-03473,Madhubani,Paper,Hand Painting,Large,41.3,230,110,180,High,Light,East India,7660
SIH-03474,Pashmina,Pashmina Wool,Hand Embroidery,Standard,75.3,5110,215,330,Medium,Standard,North India,30780
SIH-03475,Blue Pottery,Ceramic,Glazing,Small,0.7,170,15,20,Low,Standard,West India,380
SIH-03476,Channapatna,Wood,Lac Turning,Medium,4.6,230,20,30,Low,Standard,South India,1340
SIH-03477,Thanjavur Painting,Wood,Gold Leaf Work,Large,44.6,4810,580,550,High,Light,South India,23570
SIH-03478,Kutch Embroidery,Cotton,Hand Embroidery,Small,13.4,290,45,80,Medium,Moderate,West India,3060
SIH-03479,Bastar Dhokra,Bell Metal,Lost Wax Casting,Medium,17.0,1750,140,210,Medium,Moderate,Central India,7440
SIH-03480,Blue Pottery,Ceramic,Glazing,Medium,3.0,340,45,60,Low,Light,West India,1050
SIH-03481,Kalamkari,Cotton,Block Printing,Small,7.3,360,35,45,Low,Standard,South India,1740
SIH-03482,Bastar Dhokra,Bell Metal,Lost Wax Casting,Small,5.8,1260,110,75,Low,Standard,Central India,3630
SIH-03483,Kashmir Walnut Wood Carving,Walnut Wood,Wood Carving,Small,19.9,830,85,110,Medium,High,North India,5870
SIH-03484,Kutch Embroidery,Cotton,Hand Embroidery,Medium,43.8,440,160,140,Medium,Light,West India,8230
SIH-03485,Blue Pottery,Ceramic,Glazing,Medium,2.4,300,20,45,Low,Standard,West India,870
SIH-03486,Banarasi,Silk,Handloom Weaving,Standard,73.4,2800,380,300,Medium,Standard,North India,27780
SIH-03487,Pashmina,Pashmina Wool,Hand Embroidery,Standard,53.6,8090,355,475,Medium,Standard,North India,25510
SIH-03488,Kalamkari,Cotton,Block Printing,Medium,12.1,410,65,70,Low,Standard,South India,3270
SIH-03489,Banarasi,Silk,Handloom Weaving,Standard,52.6,5610,195,565,High,Moderate,North India,26410
SIH-03490,Pipili Applique,Cotton,Applique,Small,2.9,210,15,20,Low,Moderate,East India,830
SIH-03491,Blue Pottery,Ceramic,Glazing,Large,3.3,230,35,50,Medium,Light,West India,920
SIH-03492,Pashmina,Pashmina Wool,Hand Embroidery,Standard,88.3,5100,580,825,Medium,Standard,North India,37530
SIH-03493,Terracotta,Clay,Hand Moulding,Small,1.3,130,15,20,Low,Standard,East India,460
SIH-03494,Kutch Embroidery,Cotton,Hand Embroidery,Medium,20.8,660,85,160,High,High,West India,6510
SIH-03495,Sikki Craft,Sikki Grass,Hand Weaving,Small,2.1,140,15,20,Low,High,East India,490
SIH-03496,Bastar Dhokra,Bell Metal,Lost Wax Casting,Large,38.4,2370,215,335,High,Standard,Central India,14420
SIH-03497,Blue Pottery,Ceramic,Glazing,Medium,3.8,340,25,70,Low,High,West India,1480
SIH-03498,Phulkari,Cotton,Hand Embroidery,Standard,14.5,720,80,70,Medium,Standard,North India,4640
SIH-03499,Pipili Applique,Cotton,Applique,Small,7.6,220,30,20,Low,Moderate,East India,1380
SIH-03500,Blue Pottery,Ceramic,Glazing,Small,1.1,90,15,20,Low,Standard,West India,370
SIH-03501,Dhokra,Brass,Lost Wax Casting,Medium,20.0,1060,205,270,Medium,Standard,Central India,6990
SIH-03502,Blue Pottery,Ceramic,Glazing,Large,4.9,200,30,65,Medium,Moderate,West India,1180
SIH-03503,Channapatna,Wood,Lac Turning,Medium,2.1,210,20,30,Low,Light,South India,750
SIH-03504,Moradabad Metal Craft,Brass,Metal Engraving,Small,12.0,1070,175,220,Low,Standard,North India,5550
SIH-03505,Kondapalli Toys,Soft Wood,Hand Painting,Small,5.0,220,15,40,Low,Light,South India,1260
SIH-03506,Phulkari,Cotton,Hand Embroidery,Standard,21.2,430,105,120,High,Light,North India,5100
SIH-03507,Terracotta,Clay,Hand Moulding,Small,2.2,150,25,20,Low,Standard,East India,660
SIH-03508,Kutch Embroidery,Cotton,Hand Embroidery,Medium,20.0,490,75,90,Medium,Moderate,West India,4340
SIH-03509,Kalamkari,Cotton,Block Printing,Medium,11.2,280,35,45,Low,Standard,South India,2080
SIH-03510,Banarasi,Silk,Handloom Weaving,Standard,120.1,5540,800,580,High,Moderate,North India,46970
SIH-03511,Terracotta,Clay,Hand Moulding,Small,3.5,120,15,25,Low,Standard,East India,650
SIH-03512,Blue Pottery,Ceramic,Glazing,Small,2.2,140,25,20,Low,Moderate,West India,580
SIH-03513,Phulkari,Cotton,Hand Embroidery,Standard,19.0,750,95,90,Medium,Standard,North India,4330
SIH-03514,Pipili Applique,Cotton,Applique,Small,6.2,240,15,20,Low,Standard,East India,1130
SIH-03515,Sikki Craft,Sikki Grass,Hand Weaving,Medium,5.1,210,40,50,Medium,Standard,East India,1480
SIH-03516,Bastar Dhokra,Bell Metal,Lost Wax Casting,Medium,21.5,1110,115,185,Medium,Standard,Central India,5940
SIH-03517,Channapatna,Wood,Lac Turning,Medium,3.3,250,20,25,Low,Light,South India,980
SIH-03518,Blue Pottery,Ceramic,Glazing,Small,1.2,130,15,20,Low,Light,West India,390
SIH-03519,Moradabad Metal Craft,Brass,Metal Engraving,Large,32.9,1410,240,460,High,Moderate,North India,10560
SIH-03520,Kondapalli Toys,Soft Wood,Hand Painting,Small,3.4,230,25,35,Low,Standard,South India,1080
SIH-03521,Sikki Craft,Sikki Grass,Hand Weaving,Medium,5.0,150,35,40,Medium,Light,East India,1170
SIH-03522,Kutch Embroidery,Cotton,Hand Embroidery,Medium,21.2,560,85,125,Medium,Light,West India,5330
SIH-03523,Sandalwood Carving,Sandalwood,Wood Carving,Small,34.4,1890,275,400,Low,Light,South India,12210
SIH-03524,Sandalwood Carving,Sandalwood,Wood Carving,Small,35.2,2270,345,320,Medium,Moderate,South India,16530
SIH-03525,Terracotta,Clay,Hand Moulding,Small,4.3,100,35,25,Low,Standard,East India,830
SIH-03526,Channapatna,Wood,Lac Turning,Small,0.9,100,15,20,Low,Standard,South India,390
SIH-03527,Bastar Dhokra,Bell Metal,Lost Wax Casting,Small,23.8,1350,160,180,Medium,Moderate,Central India,7670
SIH-03528,Madhubani,Paper,Hand Painting,Small,20.2,160,45,105,Low,Moderate,East India,4050
SIH-03529,Pipili Applique,Cotton,Applique,Medium,7.7,230,20,25,Low,Standard,East India,1550
SIH-03530,Kashmir Walnut Wood Carving,Walnut Wood,Wood Carving,Small,9.8,860,105,170,Low,Light,North India,4790
SIH-03531,Banarasi,Silk,Handloom Weaving,Standard,91.9,3780,420,365,Medium,Standard,North India,23640
SIH-03532,Blue Pottery,Ceramic,Glazing,Medium,2.3,380,35,65,Low,Standard,West India,1140
SIH-03533,Bastar Dhokra,Bell Metal,Lost Wax Casting,Small,8.3,1080,100,90,Low,Standard,Central India,4130
SIH-03534,Channapatna,Wood,Lac Turning,Small,3.6,160,25,30,Low,Standard,South India,1000
SIH-03535,Channapatna,Wood,Lac Turning,Medium,4.0,130,30,35,Low,Standard,South India,900
SIH-03536,Phulkari,Cotton,Hand Embroidery,Standard,23.8,610,110,105,Medium,Moderate,North India,5680
SIH-03537,Sikki Craft,Sikki Grass,Hand Weaving,Small,3.3,90,15,20,Low,Standard,East India,790
SIH-03538,Kondapalli Toys,Soft Wood,Hand Painting,Medium,5.7,270,25,40,Medium,Light,South India,1800
SIH-03539,Kalamkari,Cotton,Block Printing,Large,5.5,750,35,55,Medium,Standard,South India,2060
SIH-03540,Banarasi,Silk,Handloom Weaving,Standard,80.9,4680,415,365,High,Standard,North India,30650
SIH-03541,Kondapalli Toys,Soft Wood,Hand Painting,Medium,9.1,250,30,35,Medium,High,South India,1640
SIH-03542,Banarasi,Silk,Handloom Weaving,Standard,89.2,3230,220,430,High,Standard,North India,25940
SIH-03543,Kalamkari,Cotton,Block Printing,Medium,14.8,460,75,120,Low,Standard,South India,4440
SIH-03544,Phulkari,Cotton,Hand Embroidery,Standard,18.8,620,65,65,Medium,Standard,North India,4260
SIH-03545,Phulkari,Cotton,Hand Embroidery,Standard,46.1,910,120,160,High,Moderate,North India,12770
SIH-03546,Blue Pottery,Ceramic,Glazing,Large,3.4,580,50,35,Medium,Light,West India,1510
SIH-03547,Channapatna,Wood,Lac Turning,Medium,4.7,150,20,30,Low,Light,South India,1170
SIH-03548,Madhubani,Paper,Hand Painting,Small,8.4,90,20,40,Low,Standard,East India,2070
SIH-03549,Phulkari,Cotton,Hand Embroidery,Standard,28.2,720,140,120,Medium,Light,North India,8870
SIH-03550,Banarasi,Silk,Handloom Weaving,Standard,94.0,4300,480,680,High,Light,North India,34550
SIH-03551,Thanjavur Painting,Wood,Gold Leaf Work,Large,51.5,5510,375,445,High,High,South India,27540
SIH-03552,Blue Pottery,Ceramic,Glazing,Medium,2.7,220,30,40,Low,Standard,West India,850
SIH-03553,Blue Pottery,Ceramic,Glazing,Small,3.6,190,35,65,Low,Moderate,West India,1260
SIH-03554,Blue Pottery,Ceramic,Glazing,Small,2.3,170,15,25,Low,Standard,West India,610
SIH-03555,Thanjavur Painting,Wood,Gold Leaf Work,Small,37.1,2520,260,475,Medium,Light,South India,16710
SIH-03556,Banarasi,Silk,Handloom Weaving,Standard,81.7,3380,230,300,Medium,Standard,North India,23060
SIH-03557,Moradabad Metal Craft,Brass,Metal Engraving,Medium,4.7,670,70,90,Medium,Standard,North India,2300
SIH-03558,Phulkari,Cotton,Hand Embroidery,Standard,34.8,600,190,205,High,Moderate,North India,10980
SIH-03559,Phulkari,Cotton,Hand Embroidery,Standard,32.8,730,160,190,High,Light,North India,8370
SIH-03560,Dhokra,Brass,Lost Wax Casting,Small,3.2,1090,70,110,Low,Standard,Central India,2540
SIH-03561,Bastar Dhokra,Bell Metal,Lost Wax Casting,Large,27.2,3220,200,475,High,Standard,Central India,14800
SIH-03562,Thanjavur Painting,Wood,Gold Leaf Work,Small,20.6,2550,155,230,Medium,Standard,South India,11230
SIH-03563,Kashmir Walnut Wood Carving,Walnut Wood,Wood Carving,Medium,21.9,890,185,245,Medium,Standard,North India,7690
SIH-03564,Channapatna,Wood,Lac Turning,Large,2.1,190,15,25,Medium,Standard,South India,640
SIH-03565,Pashmina,Pashmina Wool,Hand Embroidery,Standard,69.1,7370,335,315,Medium,Standard,North India,25020
SIH-03566,Terracotta,Clay,Hand Moulding,Small,3.9,180,30,40,Low,Standard,East India,780
SIH-03567,Banarasi,Silk,Handloom Weaving,Standard,104.1,3710,255,440,High,Light,North India,31940
SIH-03568,Terracotta,Clay,Hand Moulding,Medium,6.5,200,45,70,Low,Light,East India,1220
SIH-03569,Pashmina,Pashmina Wool,Hand Embroidery,Standard,86.7,4880,370,430,Medium,Moderate,North India,30640
SIH-03570,Thanjavur Painting,Wood,Gold Leaf Work,Large,59.6,3920,400,590,High,Moderate,South India,26280
SIH-03571,Sandalwood Carving,Sandalwood,Wood Carving,Medium,62.1,2500,500,505,Medium,Light,South India,19660
SIH-03572,Pashmina,Pashmina Wool,Hand Embroidery,Standard,41.1,8530,355,320,Medium,Standard,North India,26790
SIH-03573,Blue Pottery,Ceramic,Glazing,Small,3.3,290,40,70,Low,Moderate,West India,1310
SIH-03574,Kutch Embroidery,Cotton,Hand Embroidery,Medium,26.8,360,60,75,Medium,Light,West India,4860
SIH-03575,Kutch Embroidery,Cotton,Hand Embroidery,Large,20.8,510,80,105,High,Moderate,West India,4600
SIH-03576,Blue Pottery,Ceramic,Glazing,Small,2.9,220,25,45,Low,Standard,West India,820
SIH-03577,Terracotta,Clay,Hand Moulding,Medium,4.3,140,40,30,Low,Standard,East India,1100
SIH-03578,Channapatna,Wood,Lac Turning,Small,1.2,80,15,20,Low,Light,South India,360
SIH-03579,Terracotta,Clay,Hand Moulding,Large,5.1,200,40,50,Medium,Standard,East India,1090
SIH-03580,Terracotta,Clay,Hand Moulding,Large,5.9,270,20,45,Medium,Moderate,East India,1310
SIH-03581,Dhokra,Brass,Lost Wax Casting,Medium,10.2,1070,85,95,Medium,High,Central India,4700
SIH-03582,Phulkari,Cotton,Hand Embroidery,Standard,18.9,470,35,90,Medium,Standard,North India,4070
SIH-03583,Kondapalli Toys,Soft Wood,Hand Painting,Medium,6.5,110,30,40,Low,Light,South India,1550
SIH-03584,Bastar Dhokra,Bell Metal,Lost Wax Casting,Small,6.8,970,70,115,Low,Standard,Central India,2830
SIH-03585,Moradabad Metal Craft,Brass,Metal Engraving,Small,11.4,590,120,115,Low,Standard,North India,3770
SIH-03586,Terracotta,Clay,Hand Moulding,Medium,2.4,140,25,20,Low,Light,East India,630
SIH-03587,Kondapalli Toys,Soft Wood,Hand Painting,Small,4.1,250,30,20,Low,Standard,South India,1090
SIH-03588,Sandalwood Carving,Sandalwood,Wood Carving,Large,71.9,4960,580,595,High,High,South India,28860
SIH-03589,Terracotta,Clay,Hand Moulding,Small,4.6,140,25,35,Low,High,East India,1020
SIH-03590,Sandalwood Carving,Sandalwood,Wood Carving,Small,23.5,1910,95,225,Low,Standard,South India,8690
SIH-03591,Blue Pottery,Ceramic,Glazing,Medium,3.0,140,25,25,Low,Standard,West India,750
SIH-03592,Sikki Craft,Sikki Grass,Hand Weaving,Medium,3.6,70,15,30,Medium,Light,East India,810
SIH-03593,Phulkari,Cotton,Hand Embroidery,Standard,38.7,660,185,270,Medium,Light,North India,11450
SIH-03594,Kutch Embroidery,Cotton,Hand Embroidery,Medium,26.3,320,110,85,Medium,Standard,West India,5410
SIH-03595,Madhubani,Paper,Hand Painting,Small,15.6,80,55,100,Low,Moderate,East India,4410
SIH-03596,Phulkari,Cotton,Hand Embroidery,Standard,39.1,440,130,180,Medium,Light,North India,10590
SIH-03597,Pipili Applique,Cotton,Applique,Medium,10.7,210,35,25,Low,Standard,East India,1910
SIH-03598,Phulkari,Cotton,Hand Embroidery,Standard,44.7,840,110,155,Medium,Moderate,North India,8480
SIH-03599,Terracotta,Clay,Hand Moulding,Medium,3.0,240,30,30,Low,Standard,East India,870
SIH-03600,Phulkari,Cotton,Hand Embroidery,Standard,38.5,910,165,250,Medium,Standard,North India,10060
SIH-03601,Bastar Dhokra,Bell Metal,Lost Wax Casting,Large,32.8,3220,460,330,High,Light,Central India,14880
SIH-03602,Terracotta,Clay,Hand Moulding,Medium,3.2,120,30,35,Low,Light,East India,760
SIH-03603,Blue Pottery,Ceramic,Glazing,Medium,2.7,240,25,50,Low,Moderate,West India,960
SIH-03604,Blue Pottery,Ceramic,Glazing,Large,4.7,260,25,75,Medium,Light,West India,1330
SIH-03605,Sikki Craft,Sikki Grass,Hand Weaving,Medium,3.5,200,20,20,Medium,High,East India,1060
SIH-03606,Channapatna,Wood,Lac Turning,Small,3.9,80,15,25,Low,Standard,South India,840
SIH-03607,Bastar Dhokra,Bell Metal,Lost Wax Casting,Small,6.9,1390,110,145,Low,Light,Central India,4340
SIH-03608,Banarasi,Silk,Handloom Weaving,Standard,77.9,4950,480,645,High,Standard,North India,30920
SIH-03609,Banarasi,Silk,Handloom Weaving,Standard,104.3,3290,265,705,High,Moderate,North India,30130
SIH-03610,Dhokra,Brass,Lost Wax Casting,Medium,11.6,1910,135,125,Medium,Light,Central India,5690
SIH-03611,Sandalwood Carving,Sandalwood,Wood Carving,Medium,45.3,3010,430,495,Medium,Standard,South India,22210
SIH-03612,Pashmina,Pashmina Wool,Hand Embroidery,Standard,94.6,4350,185,345,Medium,Light,North India,27100
SIH-03613,Sandalwood Carving,Sandalwood,Wood Carving,Small,30.6,2530,225,470,Medium,Light,South India,14160
SIH-03614,Terracotta,Clay,Hand Moulding,Small,2.5,110,15,20,Low,Standard,East India,510
SIH-03615,Channapatna,Wood,Lac Turning,Large,3.3,330,15,30,Medium,Light,South India,1010
SIH-03616,Pipili Applique,Cotton,Applique,Small,4.3,170,25,25,Low,Moderate,East India,1140
SIH-03617,Moradabad Metal Craft,Brass,Metal Engraving,Small,4.9,1110,95,130,Low,Light,North India,3130
SIH-03618,Kondapalli Toys,Soft Wood,Hand Painting,Small,4.8,120,25,35,Low,High,South India,1270
SIH-03619,Pashmina,Pashmina Wool,Hand Embroidery,Standard,44.9,3550,165,220,Medium,Standard,North India,16780
SIH-03620,Kalamkari,Cotton,Block Printing,Medium,9.1,470,50,70,Low,Light,South India,2970
SIH-03621,Kondapalli Toys,Soft Wood,Hand Painting,Large,10.7,350,50,75,High,Light,South India,2250
SIH-03622,Dhokra,Brass,Lost Wax Casting,Medium,20.8,790,105,135,Medium,Standard,Central India,6570
SIH-03623,Kalamkari,Cotton,Block Printing,Small,3.0,510,15,20,Low,Standard,South India,1290
SIH-03624,Thanjavur Painting,Wood,Gold Leaf Work,Large,72.6,2320,680,635,High,Light,South India,27390
SIH-03625,Kutch Embroidery,Cotton,Hand Embroidery,Medium,19.0,390,60,110,Medium,Standard,West India,4160
SIH-03626,Phulkari,Cotton,Hand Embroidery,Standard,48.6,780,115,305,Medium,Light,North India,10620
SIH-03627,Sandalwood Carving,Sandalwood,Wood Carving,Small,24.1,1580,245,195,Low,Standard,South India,10580
SIH-03628,Blue Pottery,Ceramic,Glazing,Medium,1.4,150,15,20,Low,High,West India,520
SIH-03629,Blue Pottery,Ceramic,Glazing,Large,3.6,370,45,40,Medium,Standard,West India,1280
SIH-03630,Kalamkari,Cotton,Block Printing,Medium,16.6,370,65,50,Medium,Moderate,South India,3490
SIH-03631,Pipili Applique,Cotton,Applique,Medium,4.2,210,15,20,Low,Standard,East India,920
SIH-03632,Sandalwood Carving,Sandalwood,Wood Carving,Medium,12.6,2740,120,150,High,High,South India,8630
SIH-03633,Pashmina,Pashmina Wool,Hand Embroidery,Standard,42.7,7400,225,370,Medium,Standard,North India,26960
SIH-03634,Blue Pottery,Ceramic,Glazing,Large,7.6,330,70,75,Medium,Light,West India,1950
SIH-03635,Sikki Craft,Sikki Grass,Hand Weaving,Medium,7.3,120,35,30,Medium,Light,East India,1310
SIH-03636,Pipili Applique,Cotton,Applique,Medium,7.6,430,30,45,Medium,Moderate,East India,2020
SIH-03637,Moradabad Metal Craft,Brass,Metal Engraving,Large,24.0,1870,260,305,High,Standard,North India,9290
SIH-03638,Sikki Craft,Sikki Grass,Hand Weaving,Small,2.9,70,15,20,Low,Standard,East India,690
SIH-03639,Banarasi,Silk,Handloom Weaving,Standard,126.3,3350,545,860,High,Light,North India,36670
SIH-03640,Banarasi,Silk,Handloom Weaving,Standard,102.1,6180,365,715,High,Light,North India,32920
SIH-03641,Madhubani,Paper,Hand Painting,Medium,7.8,170,25,30,Low,Standard,East India,1980
SIH-03642,Bastar Dhokra,Bell Metal,Lost Wax Casting,Large,26.2,3120,265,325,High,Light,Central India,10250
SIH-03643,Pashmina,Pashmina Wool,Hand Embroidery,Standard,97.9,4530,535,785,Medium,Light,North India,39500
SIH-03644,Kalamkari,Cotton,Block Printing,Medium,12.0,470,60,70,Low,Standard,South India,3030
SIH-03645,Kutch Embroidery,Cotton,Hand Embroidery,Medium,15.4,380,50,85,Medium,Standard,West India,4600
SIH-03646,Kutch Embroidery,Cotton,Hand Embroidery,Large,30.9,660,135,120,High,Light,West India,8130
SIH-03647,Bastar Dhokra,Bell Metal,Lost Wax Casting,Large,35.9,2330,170,440,High,Moderate,Central India,11010
SIH-03648,Banarasi,Silk,Handloom Weaving,Standard,80.6,4470,410,410,Medium,Standard,North India,30570
SIH-03649,Pipili Applique,Cotton,Applique,Small,5.4,340,20,20,Low,Standard,East India,1280
SIH-03650,Dhokra,Brass,Lost Wax Casting,Small,16.9,550,105,230,Medium,High,Central India,5800
SIH-03651,Madhubani,Paper,Hand Painting,Small,27.7,160,110,115,Low,High,East India,6380
SIH-03652,Blue Pottery,Ceramic,Glazing,Large,2.9,210,30,25,Medium,Standard,West India,870
SIH-03653,Pipili Applique,Cotton,Applique,Large,7.6,330,15,20,Medium,Standard,East India,1590
SIH-03654,Phulkari,Cotton,Hand Embroidery,Standard,36.8,630,165,150,High,High,North India,10240
SIH-03655,Terracotta,Clay,Hand Moulding,Large,5.2,200,30,40,Medium,Standard,East India,990
SIH-03656,Channapatna,Wood,Lac Turning,Large,2.2,240,20,30,Medium,Light,South India,840
SIH-03657,Kondapalli Toys,Soft Wood,Hand Painting,Medium,6.2,280,30,30,Medium,Standard,South India,1610
SIH-03658,Moradabad Metal Craft,Brass,Metal Engraving,Large,19.4,1050,225,320,High,Standard,North India,6790
SIH-03659,Channapatna,Wood,Lac Turning,Large,4.7,230,25,35,Medium,Standard,South India,1200
SIH-03660,Channapatna,Wood,Lac Turning,Medium,1.5,150,15,20,Low,Standard,South India,510
SIH-03661,Blue Pottery,Ceramic,Glazing,Medium,3.2,310,30,50,Low,Standard,West India,1080
SIH-03662,Pipili Applique,Cotton,Applique,Medium,4.8,220,15,25,Low,Standard,East India,1270
SIH-03663,Blue Pottery,Ceramic,Glazing,Large,4.6,390,60,50,Medium,Standard,West India,1480
SIH-03664,Phulkari,Cotton,Hand Embroidery,Standard,40.2,370,155,225,Medium,Standard,North India,7900
SIH-03665,Sandalwood Carving,Sandalwood,Wood Carving,Medium,36.0,3580,365,255,Medium,Standard,South India,14590
SIH-03666,Blue Pottery,Ceramic,Glazing,Large,4.0,370,30,60,Medium,Standard,West India,1310
SIH-03667,Terracotta,Clay,Hand Moulding,Medium,3.0,110,20,20,Low,Light,East India,540
SIH-03668,Kashmir Walnut Wood Carving,Walnut Wood,Wood Carving,Medium,20.2,1170,220,245,Medium,Light,North India,7940
SIH-03669,Pashmina,Pashmina Wool,Hand Embroidery,Standard,118.3,6170,545,610,Medium,Standard,North India,42160
SIH-03670,Moradabad Metal Craft,Brass,Metal Engraving,Small,10.4,1330,105,205,Low,Standard,North India,5350
SIH-03671,Pashmina,Pashmina Wool,Hand Embroidery,Standard,53.8,3730,250,240,Medium,Standard,North India,17180
SIH-03672,Dhokra,Brass,Lost Wax Casting,Small,6.6,960,85,95,Low,Light,Central India,3180
SIH-03673,Moradabad Metal Craft,Brass,Metal Engraving,Large,22.9,2320,240,260,High,Standard,North India,8120
SIH-03674,Phulkari,Cotton,Hand Embroidery,Standard,25.8,710,145,235,Medium,Light,North India,8440
SIH-03675,Madhubani,Paper,Hand Painting,Medium,11.3,220,20,35,Low,Light,East India,2110
SIH-03676,Kondapalli Toys,Soft Wood,Hand Painting,Small,0.8,120,15,20,Low,Standard,South India,380
SIH-03677,Terracotta,Clay,Hand Moulding,Large,6.4,240,30,70,Medium,Light,East India,1230
SIH-03678,Blue Pottery,Ceramic,Glazing,Medium,3.0,260,40,45,Low,Light,West India,1000
SIH-03679,Blue Pottery,Ceramic,Glazing,Large,4.8,420,50,70,Medium,Standard,West India,1510
SIH-03680,Channapatna,Wood,Lac Turning,Small,0.8,120,15,20,Low,Moderate,South India,350
SIH-03681,Kashmir Walnut Wood Carving,Walnut Wood,Wood Carving,Small,20.6,1290,255,285,Medium,Light,North India,8820
SIH-03682,Bastar Dhokra,Bell Metal,Lost Wax Casting,Medium,15.5,1710,190,140,Medium,Moderate,Central India,7170
SIH-03683,Blue Pottery,Ceramic,Glazing,Small,3.6,260,30,50,Low,Standard,West India,1170
SIH-03684,Sandalwood Carving,Sandalwood,Wood Carving,Large,29.4,2130,235,245,High,Moderate,South India,12980
SIH-03685,Phulkari,Cotton,Hand Embroidery,Standard,52.8,610,260,225,High,High,North India,14050
SIH-03686,Kutch Embroidery,Cotton,Hand Embroidery,Small,22.2,320,105,120,Medium,Moderate,West India,5860
SIH-03687,Bastar Dhokra,Bell Metal,Lost Wax Casting,Medium,21.5,2510,220,420,High,Moderate,Central India,9790
SIH-03688,Moradabad Metal Craft,Brass,Metal Engraving,Large,10.1,2500,135,250,High,Standard,North India,6750
SIH-03689,Thanjavur Painting,Wood,Gold Leaf Work,Small,24.2,2340,290,390,Medium,Light,South India,15970
SIH-03690,Kutch Embroidery,Cotton,Hand Embroidery,Medium,32.7,380,170,170,High,Light,West India,8120
SIH-03691,Pashmina,Pashmina Wool,Hand Embroidery,Standard,42.2,4990,225,450,Medium,Standard,North India,22030
SIH-03692,Bastar Dhokra,Bell Metal,Lost Wax Casting,Small,12.7,1620,100,255,Low,Light,Central India,6150
SIH-03693,Banarasi,Silk,Handloom Weaving,Standard,105.2,4530,555,755,High,High,North India,34700
SIH-03694,Madhubani,Paper,Hand Painting,Medium,35.6,230,100,105,Medium,Moderate,East India,5980
SIH-03695,Bastar Dhokra,Bell Metal,Lost Wax Casting,Large,34.3,3510,450,715,High,Light,Central India,15770
SIH-03696,Pipili Applique,Cotton,Applique,Large,7.5,500,20,60,Medium,Standard,East India,2360
SIH-03697,Dhokra,Brass,Lost Wax Casting,Small,15.1,900,145,150,Low,Standard,Central India,4670
SIH-03698,Madhubani,Paper,Hand Painting,Large,13.4,330,35,60,Medium,Standard,East India,2690
SIH-03699,Dhokra,Brass,Lost Wax Casting,Medium,21.6,1360,285,305,Medium,Moderate,Central India,9170
SIH-03700,Sikki Craft,Sikki Grass,Hand Weaving,Medium,6.9,80,35,60,Medium,Standard,East India,1600
SIH-03701,Channapatna,Wood,Lac Turning,Small,1.8,130,15,20,Low,Standard,South India,450
SIH-03702,Banarasi,Silk,Handloom Weaving,Standard,79.9,5130,380,435,High,Standard,North India,31730
SIH-03703,Banarasi,Silk,Handloom Weaving,Standard,124.5,6770,425,930,Medium,Standard,North India,52050
SIH-03704,Channapatna,Wood,Lac Turning,Small,4.5,150,35,40,Low,Moderate,South India,1210
SIH-03705,Sikki Craft,Sikki Grass,Hand Weaving,Medium,3.0,100,15,20,Medium,Standard,East India,630
SIH-03706,Blue Pottery,Ceramic,Glazing,Small,1.6,130,15,30,Low,Standard,West India,480
SIH-03707,Pipili Applique,Cotton,Applique,Small,6.7,270,25,40,Low,High,East India,1480
SIH-03708,Channapatna,Wood,Lac Turning,Medium,5.1,150,30,35,Low,Standard,South India,1040
SIH-03709,Blue Pottery,Ceramic,Glazing,Medium,3.6,270,35,45,Low,Standard,West India,1140
SIH-03710,Kondapalli Toys,Soft Wood,Hand Painting,Medium,3.4,240,20,25,Medium,Standard,South India,1180
SIH-03711,Kondapalli Toys,Soft Wood,Hand Painting,Small,1.6,120,15,20,Low,High,South India,500
SIH-03712,Dhokra,Brass,Lost Wax Casting,Small,9.2,1450,140,120,Low,Standard,Central India,4040
SIH-03713,Kalamkari,Cotton,Block Printing,Medium,7.8,460,25,50,Low,Moderate,South India,1940
SIH-03714,Pashmina,Pashmina Wool,Hand Embroidery,Standard,115.5,6680,345,360,Medium,Light,North India,35310
SIH-03715,Terracotta,Clay,Hand Moulding,Small,4.3,80,15,45,Low,Moderate,East India,950
SIH-03716,Blue Pottery,Ceramic,Glazing,Large,3.1,430,30,45,Medium,Light,West India,1260
SIH-03717,Pashmina,Pashmina Wool,Hand Embroidery,Standard,136.0,5850,415,535,Medium,Light,North India,45110
SIH-03718,Moradabad Metal Craft,Brass,Metal Engraving,Medium,8.3,1140,130,135,Medium,Standard,North India,3580
SIH-03719,Kondapalli Toys,Soft Wood,Hand Painting,Small,3.6,130,15,20,Low,Light,South India,710
SIH-03720,Madhubani,Paper,Hand Painting,Medium,15.2,270,70,80,Medium,Light,East India,4530
SIH-03721,Banarasi,Silk,Handloom Weaving,Standard,50.7,5280,385,515,Medium,Standard,North India,23570
SIH-03722,Blue Pottery,Ceramic,Glazing,Small,1.2,130,15,20,Low,Light,West India,410
SIH-03723,Blue Pottery,Ceramic,Glazing,Small,3.1,220,40,40,Low,Moderate,West India,1040
SIH-03724,Banarasi,Silk,Handloom Weaving,Standard,115.4,4220,600,515,High,Moderate,North India,41160
SIH-03725,Moradabad Metal Craft,Brass,Metal Engraving,Large,23.1,2120,225,390,High,Light,North India,8810
SIH-03726,Bastar Dhokra,Bell Metal,Lost Wax Casting,Large,25.5,2480,245,330,High,High,Central India,11510
SIH-03727,Blue Pottery,Ceramic,Glazing,Medium,1.2,140,20,20,Low,Standard,West India,430
SIH-03728,Terracotta,Clay,Hand Moulding,Large,7.3,270,45,85,Medium,Light,East India,1400
SIH-03729,Moradabad Metal Craft,Brass,Metal Engraving,Small,5.2,1240,100,110,Low,Standard,North India,3600
SIH-03730,Blue Pottery,Ceramic,Glazing,Small,1.0,140,15,20,Low,Standard,West India,390
SIH-03731,Moradabad Metal Craft,Brass,Metal Engraving,Medium,18.3,790,180,215,Medium,Standard,North India,6050
SIH-03732,Dhokra,Brass,Lost Wax Casting,Small,7.1,1070,110,150,Low,Light,Central India,3970
SIH-03733,Phulkari,Cotton,Hand Embroidery,Standard,42.2,810,165,160,High,Moderate,North India,9130
SIH-03734,Blue Pottery,Ceramic,Glazing,Large,6.1,420,70,75,Medium,Standard,West India,1770
SIH-03735,Kondapalli Toys,Soft Wood,Hand Painting,Medium,7.4,230,40,35,Medium,Moderate,South India,1990
SIH-03736,Moradabad Metal Craft,Brass,Metal Engraving,Small,6.5,480,40,70,Low,Moderate,North India,2380
SIH-03737,Channapatna,Wood,Lac Turning,Medium,5.0,190,25,30,Low,Moderate,South India,1220
SIH-03738,Terracotta,Clay,Hand Moulding,Large,12.4,230,65,120,Medium,Standard,East India,2600
SIH-03739,Moradabad Metal Craft,Brass,Metal Engraving,Large,31.3,2670,270,255,High,Standard,North India,10620
SIH-03740,Kalamkari,Cotton,Block Printing,Large,21.4,480,90,110,High,Moderate,South India,4970
SIH-03741,Terracotta,Clay,Hand Moulding,Large,9.1,220,65,55,Medium,Standard,East India,1970
SIH-03742,Channapatna,Wood,Lac Turning,Large,6.0,210,20,40,Medium,Light,South India,1290
SIH-03743,Phulkari,Cotton,Hand Embroidery,Standard,55.9,400,125,230,High,Light,North India,9660
SIH-03744,Channapatna,Wood,Lac Turning,Small,4.0,130,30,30,Low,Moderate,South India,1060
SIH-03745,Kashmir Walnut Wood Carving,Walnut Wood,Wood Carving,Small,41.9,630,220,250,Medium,High,North India,13800
SIH-03746,Kashmir Walnut Wood Carving,Walnut Wood,Wood Carving,Large,30.9,2450,260,330,High,Moderate,North India,11170
SIH-03747,Moradabad Metal Craft,Brass,Metal Engraving,Large,6.8,2340,100,165,High,Standard,North India,5600
SIH-03748,Kashmir Walnut Wood Carving,Walnut Wood,Wood Carving,Medium,37.4,1940,285,335,High,High,North India,11640
SIH-03749,Blue Pottery,Ceramic,Glazing,Small,1.5,120,15,20,Low,Standard,West India,460
SIH-03750,Madhubani,Paper,Hand Painting,Large,64.8,260,240,225,High,Light,East India,17380
SIH-03751,Terracotta,Clay,Hand Moulding,Medium,5.8,150,20,30,Low,Standard,East India,1090
SIH-03752,Kalamkari,Cotton,Block Printing,Large,14.2,700,75,110,Medium,Standard,South India,3770
SIH-03753,Pipili Applique,Cotton,Applique,Small,5.2,110,20,20,Low,Light,East India,1060
SIH-03754,Pipili Applique,Cotton,Applique,Small,2.3,240,15,20,Low,Light,East India,710
SIH-03755,Madhubani,Paper,Hand Painting,Large,60.7,420,190,140,High,Light,East India,11890
SIH-03756,Kashmir Walnut Wood Carving,Walnut Wood,Wood Carving,Large,20.9,2600,185,235,High,High,North India,10620
SIH-03757,Blue Pottery,Ceramic,Glazing,Medium,4.5,270,50,55,Low,Moderate,West India,1160
SIH-03758,Blue Pottery,Ceramic,Glazing,Small,1.4,130,15,20,Low,Standard,West India,450
SIH-03759,Kutch Embroidery,Cotton,Hand Embroidery,Medium,25.7,470,120,90,Medium,Standard,West India,6350
SIH-03760,Channapatna,Wood,Lac Turning,Large,8.0,270,45,55,Medium,Light,South India,1830
SIH-03761,Sandalwood Carving,Sandalwood,Wood Carving,Medium,41.5,4210,390,535,High,Light,South India,18200
SIH-03762,Moradabad Metal Craft,Brass,Metal Engraving,Medium,8.4,830,100,120,Medium,Standard,North India,3800
SIH-03763,Pipili Applique,Cotton,Applique,Medium,9.9,420,30,65,Low,Standard,East India,2450
SIH-03764,Blue Pottery,Ceramic,Glazing,Large,6.6,320,55,40,Medium,Standard,West India,1660
SIH-03765,Blue Pottery,Ceramic,Glazing,Small,3.1,260,20,45,Low,Light,West India,1070
SIH-03766,Kutch Embroidery,Cotton,Hand Embroidery,Small,20.5,240,45,80,Medium,High,West India,4370
SIH-03767,Dhokra,Brass,Lost Wax Casting,Medium,12.6,2050,120,185,High,Moderate,Central India,6250
SIH-03768,Banarasi,Silk,Handloom Weaving,Standard,96.1,4740,350,375,Medium,Light,North India,27240
SIH-03769,Thanjavur Painting,Wood,Gold Leaf Work,Medium,42.1,3080,290,615,High,Moderate,South India,20540
SIH-03770,Banarasi,Silk,Handloom Weaving,Standard,67.8,3350,250,370,Medium,Standard,North India,25470
SIH-03771,Blue Pottery,Ceramic,Glazing,Large,5.6,470,65,75,Medium,Standard,West India,1720
SIH-03772,Banarasi,Silk,Handloom Weaving,Standard,120.7,5220,690,920,High,Standard,North India,47550
SIH-03773,Banarasi,Silk,Handloom Weaving,Standard,93.2,5860,260,505,High,Moderate,North India,36060
SIH-03774,Kalamkari,Cotton,Block Printing,Large,22.9,510,90,90,Medium,Moderate,South India,4800
SIH-03775,Thanjavur Painting,Wood,Gold Leaf Work,Small,39.0,2090,255,405,Medium,Standard,South India,18050
SIH-03776,Banarasi,Silk,Handloom Weaving,Standard,97.2,5930,535,500,High,Standard,North India,33180
SIH-03777,Sandalwood Carving,Sandalwood,Wood Carving,Large,41.7,4340,295,360,High,Moderate,South India,16720
SIH-03778,Blue Pottery,Ceramic,Glazing,Small,4.2,170,35,45,Low,Moderate,West India,1270
SIH-03779,Kalamkari,Cotton,Block Printing,Small,8.4,170,35,55,Low,Light,South India,1890
SIH-03780,Pipili Applique,Cotton,Applique,Medium,6.4,390,25,35,Medium,Standard,East India,1380
SIH-03781,Blue Pottery,Ceramic,Glazing,Large,8.2,370,75,105,Medium,Standard,West India,2220
SIH-03782,Thanjavur Painting,Wood,Gold Leaf Work,Small,40.5,1850,480,480,Medium,Moderate,South India,19330
SIH-03783,Kalamkari,Cotton,Block Printing,Small,3.3,510,15,30,Low,Moderate,South India,1420
SIH-03784,Dhokra,Brass,Lost Wax Casting,Large,21.5,1690,135,275,High,Standard,Central India,7730
SIH-03785,Blue Pottery,Ceramic,Glazing,Medium,4.5,290,40,75,Low,Standard,West India,1440
SIH-03786,Dhokra,Brass,Lost Wax Casting,Small,14.1,930,95,145,Medium,Light,Central India,4880
SIH-03787,Moradabad Metal Craft,Brass,Metal Engraving,Large,26.1,2780,315,305,High,Standard,North India,11870
SIH-03788,Madhubani,Paper,Hand Painting,Medium,40.8,250,120,205,Medium,Light,East India,7250
SIH-03789,Sikki Craft,Sikki Grass,Hand Weaving,Medium,6.1,100,15,30,Medium,Standard,East India,930
SIH-03790,Blue Pottery,Ceramic,Glazing,Large,9.3,570,60,125,Medium,Light,West India,2250
SIH-03791,Terracotta,Clay,Hand Moulding,Small,5.5,180,25,40,Low,High,East India,1170
SIH-03792,Bastar Dhokra,Bell Metal,Lost Wax Casting,Small,13.6,1310,150,235,Low,Light,Central India,6400
SIH-03793,Kalamkari,Cotton,Block Printing,Large,33.0,740,90,145,High,Light,South India,8290
SIH-03794,Bastar Dhokra,Bell Metal,Lost Wax Casting,Medium,27.6,2330,375,250,High,High,Central India,11790
SIH-03795,Terracotta,Clay,Hand Moulding,Small,1.2,90,15,20,Low,Light,East India,400
SIH-03796,Madhubani,Paper,Hand Painting,Small,7.8,180,20,30,Low,Light,East India,2030
SIH-03797,Kutch Embroidery,Cotton,Hand Embroidery,Medium,22.2,650,50,125,Medium,Standard,West India,4850
SIH-03798,Blue Pottery,Ceramic,Glazing,Medium,2.3,200,20,25,Low,Standard,West India,640
SIH-03799,Dhokra,Brass,Lost Wax Casting,Medium,24.4,1850,200,295,High,High,Central India,9820
SIH-03800,Kondapalli Toys,Soft Wood,Hand Painting,Small,4.4,150,15,20,Low,Standard,South India,1140
SIH-03801,Kutch Embroidery,Cotton,Hand Embroidery,Medium,27.1,370,135,165,Medium,Light,West India,6760
SIH-03802,Pipili Applique,Cotton,Applique,Large,9.8,590,40,50,Medium,Standard,East India,2280
SIH-03803,Madhubani,Paper,Hand Painting,Large,18.6,250,55,50,High,High,East India,3530
SIH-03804,Kalamkari,Cotton,Block Printing,Large,24.1,720,100,105,Medium,Standard,South India,4930
SIH-03805,Blue Pottery,Ceramic,Glazing,Large,1.5,430,25,25,Medium,Light,West India,880
SIH-03806,Dhokra,Brass,Lost Wax Casting,Medium,10.8,2020,125,250,High,Moderate,Central India,6550
SIH-03807,Dhokra,Brass,Lost Wax Casting,Large,20.8,2830,230,265,High,Light,Central India,9660
SIH-03808,Kondapalli Toys,Soft Wood,Hand Painting,Small,5.3,110,25,35,Low,Standard,South India,1170
SIH-03809,Pipili Applique,Cotton,Applique,Large,26.9,540,100,75,High,Moderate,East India,5600
SIH-03810,Blue Pottery,Ceramic,Glazing,Small,1.2,230,15,25,Low,High,West India,560
SIH-03811,Thanjavur Painting,Wood,Gold Leaf Work,Small,27.0,2570,325,465,Medium,Light,South India,14160
SIH-03812,Pashmina,Pashmina Wool,Hand Embroidery,Standard,108.7,8850,715,635,Medium,Light,North India,45960
SIH-03813,Banarasi,Silk,Handloom Weaving,Standard,165.6,5290,395,565,High,Light,North India,38920
SIH-03814,Kalamkari,Cotton,Block Printing,Small,8.0,370,50,45,Low,Light,South India,2560
SIH-03815,Kutch Embroidery,Cotton,Hand Embroidery,Small,12.1,380,70,90,Medium,Moderate,West India,3770
SIH-03816,Kalamkari,Cotton,Block Printing,Medium,2.6,570,15,30,Low,Standard,South India,1280
SIH-03817,Blue Pottery,Ceramic,Glazing,Small,0.8,150,15,20,Low,Standard,West India,360
SIH-03818,Channapatna,Wood,Lac Turning,Small,3.4,110,15,20,Low,Standard,South India,740
SIH-03819,Dhokra,Brass,Lost Wax Casting,Medium,18.1,1140,185,180,Medium,Light,Central India,6030
SIH-03820,Kondapalli Toys,Soft Wood,Hand Painting,Large,12.3,400,60,65,High,Moderate,South India,2530
SIH-03821,Kalamkari,Cotton,Block Printing,Medium,9.2,620,35,85,Low,Standard,South India,3360
SIH-03822,Bastar Dhokra,Bell Metal,Lost Wax Casting,Medium,11.8,1070,140,180,Medium,Moderate,Central India,5560
SIH-03823,Kalamkari,Cotton,Block Printing,Small,8.0,160,30,25,Low,Standard,South India,1340
SIH-03824,Channapatna,Wood,Lac Turning,Medium,3.3,110,15,20,Low,Standard,South India,740
SIH-03825,Madhubani,Paper,Hand Painting,Medium,6.1,100,20,35,Medium,Light,East India,1410
SIH-03826,Moradabad Metal Craft,Brass,Metal Engraving,Large,28.5,1740,290,415,High,Light,North India,10680
SIH-03827,Kutch Embroidery,Cotton,Hand Embroidery,Large,20.4,810,130,145,High,Light,West India,6520
SIH-03828,Banarasi,Silk,Handloom Weaving,Standard,141.3,7170,555,695,High,Moderate,North India,54350
SIH-03829,Channapatna,Wood,Lac Turning,Small,3.5,140,15,35,Low,High,South India,990
SIH-03830,Banarasi,Silk,Handloom Weaving,Standard,111.2,3230,460,650,Medium,Standard,North India,27890
SIH-03831,Sandalwood Carving,Sandalwood,Wood Carving,Small,21.6,2080,110,200,Low,Light,South India,9100
SIH-03832,Thanjavur Painting,Wood,Gold Leaf Work,Medium,52.8,2180,440,595,High,Standard,South India,20590
SIH-03833,Thanjavur Painting,Wood,Gold Leaf Work,Small,45.0,1830,530,390,Medium,Moderate,South India,24520
SIH-03834,Kutch Embroidery,Cotton,Hand Embroidery,Medium,26.0,330,125,90,High,High,West India,7070
SIH-03835,Pashmina,Pashmina Wool,Hand Embroidery,Standard,57.2,5340,335,360,Medium,Standard,North India,25090
SIH-03836,Sikki Craft,Sikki Grass,Hand Weaving,Small,5.6,100,35,35,Low,High,East India,1240
SIH-03837,Blue Pottery,Ceramic,Glazing,Small,3.0,240,25,50,Low,High,West India,1070
SIH-03838,Sikki Craft,Sikki Grass,Hand Weaving,Large,10.5,200,30,40,High,Light,East India,1920
SIH-03839,Bastar Dhokra,Bell Metal,Lost Wax Casting,Small,8.0,990,100,100,Low,Light,Central India,3590
SIH-03840,Moradabad Metal Craft,Brass,Metal Engraving,Medium,10.3,1070,120,155,Medium,Standard,North India,4100
SIH-03841,Blue Pottery,Ceramic,Glazing,Large,5.3,280,60,95,Medium,Light,West India,1600
SIH-03842,Bastar Dhokra,Bell Metal,Lost Wax Casting,Small,8.4,1310,70,180,Low,Moderate,Central India,4650
SIH-03843,Sikki Craft,Sikki Grass,Hand Weaving,Small,4.8,110,20,20,Low,Standard,East India,920
SIH-03844,Banarasi,Silk,Handloom Weaving,Standard,137.3,4610,495,820,High,Light,North India,38970
SIH-03845,Blue Pottery,Ceramic,Glazing,Medium,2.7,280,30,30,Low,Standard,West India,960
SIH-03846,Pashmina,Pashmina Wool,Hand Embroidery,Standard,47.4,4540,350,540,Medium,Standard,North India,22490
SIH-03847,Sandalwood Carving,Sandalwood,Wood Carving,Small,29.3,1680,225,290,Medium,High,South India,11130
SIH-03848,Blue Pottery,Ceramic,Glazing,Large,6.3,380,50,60,Medium,Standard,West India,1600
SIH-03849,Blue Pottery,Ceramic,Glazing,Large,7.3,570,65,115,Medium,Light,West India,2150
SIH-03850,Sandalwood Carving,Sandalwood,Wood Carving,Large,50.9,4150,375,360,High,Light,South India,22590
SIH-03851,Terracotta,Clay,Hand Moulding,Medium,2.6,210,15,20,Low,Light,East India,670
SIH-03852,Pipili Applique,Cotton,Applique,Small,8.0,290,25,30,Low,Standard,East India,1740
SIH-03853,Kashmir Walnut Wood Carving,Walnut Wood,Wood Carving,Large,47.9,1410,310,280,High,Standard,North India,15640
SIH-03854,Blue Pottery,Ceramic,Glazing,Large,4.4,560,45,105,Medium,Light,West India,1790
SIH-03855,Sikki Craft,Sikki Grass,Hand Weaving,Medium,11.4,170,55,60,Medium,Light,East India,2760
SIH-03856,Blue Pottery,Ceramic,Glazing,Large,7.0,310,50,95,High,High,West India,2190
SIH-03857,Thanjavur Painting,Wood,Gold Leaf Work,Medium,36.4,2360,285,315,High,Moderate,South India,19270
SIH-03858,Sandalwood Carving,Sandalwood,Wood Carving,Large,69.4,4050,400,455,High,Standard,South India,25280
SIH-03859,Pashmina,Pashmina Wool,Hand Embroidery,Standard,97.7,4930,635,760,High,Moderate,North India,43150
SIH-03860,Terracotta,Clay,Hand Moulding,Small,4.7,110,15,25,Low,High,East India,910
SIH-03861,Pashmina,Pashmina Wool,Hand Embroidery,Standard,99.0,8150,280,470,High,Standard,North India,34050
SIH-03862,Dhokra,Brass,Lost Wax Casting,Small,8.3,930,100,135,Medium,High,Central India,3610
SIH-03863,Banarasi,Silk,Handloom Weaving,Standard,64.9,5150,365,480,Medium,Light,North India,23990
SIH-03864,Sandalwood Carving,Sandalwood,Wood Carving,Small,29.7,2010,245,150,Low,Moderate,South India,10210
SIH-03865,Pashmina,Pashmina Wool,Hand Embroidery,Standard,85.3,6140,290,535,Medium,Standard,North India,29520
SIH-03866,Kashmir Walnut Wood Carving,Walnut Wood,Wood Carving,Large,27.0,2330,120,235,High,Moderate,North India,9570
SIH-03867,Sandalwood Carving,Sandalwood,Wood Carving,Medium,29.7,2950,305,310,High,Moderate,South India,11110
SIH-03868,Kalamkari,Cotton,Block Printing,Medium,8.8,490,40,55,Low,Light,South India,2470
SIH-03869,Blue Pottery,Ceramic,Glazing,Large,7.6,510,50,70,Medium,Moderate,West India,2210
SIH-03870,Madhubani,Paper,Hand Painting,Small,10.3,110,40,40,Low,Light,East India,2080
SIH-03871,Bastar Dhokra,Bell Metal,Lost Wax Casting,Large,18.2,2690,310,410,High,Light,Central India,9450
SIH-03872,Terracotta,Clay,Hand Moulding,Large,8.4,210,50,65,Medium,Standard,East India,1630
SIH-03873,Phulkari,Cotton,Hand Embroidery,Standard,24.5,440,80,135,Medium,Standard,North India,5810
SIH-03874,Dhokra,Brass,Lost Wax Casting,Medium,6.4,1110,120,115,Medium,Light,Central India,3800
SIH-03875,Banarasi,Silk,Handloom Weaving,Standard,86.3,4680,360,600,High,Moderate,North India,36390
SIH-03876,Blue Pottery,Ceramic,Glazing,Small,1.2,90,15,20,Low,Standard,West India,350
SIH-03877,Thanjavur Painting,Wood,Gold Leaf Work,Small,42.1,1510,355,550,Medium,Moderate,South India,20730
SIH-03878,Pashmina,Pashmina Wool,Hand Embroidery,Standard,115.5,5100,315,765,High,Moderate,North India,36940
SIH-03879,Blue Pottery,Ceramic,Glazing,Large,8.1,480,70,90,Medium,Light,West India,2070
SIH-03880,Pashmina,Pashmina Wool,Hand Embroidery,Standard,52.6,3740,195,260,Medium,Standard,North India,19950
SIH-03881,Dhokra,Brass,Lost Wax Casting,Large,25.8,1360,170,295,High,Light,Central India,7260
SIH-03882,Kalamkari,Cotton,Block Printing,Medium,16.1,700,70,50,Low,Light,South India,3780
SIH-03883,Kashmir Walnut Wood Carving,Walnut Wood,Wood Carving,Medium,25.3,1010,190,220,Medium,Standard,North India,8180
SIH-03884,Kalamkari,Cotton,Block Printing,Medium,7.3,710,35,40,Medium,Moderate,South India,2330
SIH-03885,Blue Pottery,Ceramic,Glazing,Large,2.4,310,25,25,Medium,Light,West India,940
SIH-03886,Kutch Embroidery,Cotton,Hand Embroidery,Small,11.6,260,45,55,Low,Standard,West India,2680
SIH-03887,Channapatna,Wood,Lac Turning,Large,6.1,360,60,45,Medium,Standard,South India,1750
SIH-03888,Dhokra,Brass,Lost Wax Casting,Small,15.8,1310,130,245,Medium,High,Central India,6640
SIH-03889,Bastar Dhokra,Bell Metal,Lost Wax Casting,Large,34.4,2600,310,285,High,Standard,Central India,13710
SIH-03890,Kashmir Walnut Wood Carving,Walnut Wood,Wood Carving,Medium,26.1,790,170,195,Medium,Light,North India,9390
SIH-03891,Bastar Dhokra,Bell Metal,Lost Wax Casting,Medium,27.9,2290,130,400,Medium,Standard,Central India,8850
SIH-03892,Kutch Embroidery,Cotton,Hand Embroidery,Large,36.8,660,100,110,High,High,West India,7140
SIH-03893,Banarasi,Silk,Handloom Weaving,Standard,103.2,3930,635,830,Medium,Standard,North India,38260
SIH-03894,Channapatna,Wood,Lac Turning,Medium,4.5,210,25,30,Low,Light,South India,1010
SIH-03895,Blue Pottery,Ceramic,Glazing,Large,3.0,450,30,40,Medium,Moderate,West India,1160
SIH-03896,Sikki Craft,Sikki Grass,Hand Weaving,Large,11.1,180,75,85,High,Standard,East India,2880
SIH-03897,Pipili Applique,Cotton,Applique,Small,1.8,320,15,25,Low,Standard,East India,790
SIH-03898,Moradabad Metal Craft,Brass,Metal Engraving,Small,5.3,1050,45,95,Low,Standard,North India,2740
SIH-03899,Kashmir Walnut Wood Carving,Walnut Wood,Wood Carving,Small,15.3,1100,85,215,Low,Standard,North India,6280
SIH-03900,Banarasi,Silk,Handloom Weaving,Standard,118.9,4400,520,325,Medium,Standard,North India,32070
SIH-03901,Dhokra,Brass,Lost Wax Casting,Medium,19.9,1670,170,225,High,High,Central India,6940
SIH-03902,Sikki Craft,Sikki Grass,Hand Weaving,Medium,2.2,120,15,20,Medium,Light,East India,540
SIH-03903,Blue Pottery,Ceramic,Glazing,Medium,4.7,240,55,50,Low,High,West India,1320
SIH-03904,Pashmina,Pashmina Wool,Hand Embroidery,Standard,99.3,3880,395,460,Medium,Light,North India,32900
SIH-03905,Phulkari,Cotton,Hand Embroidery,Standard,56.3,520,110,210,High,Moderate,North India,10990
SIH-03906,Pashmina,Pashmina Wool,Hand Embroidery,Standard,101.2,6030,330,695,Medium,Standard,North India,43590
SIH-03907,Channapatna,Wood,Lac Turning,Small,3.4,170,15,30,Low,Light,South India,930
SIH-03908,Pipili Applique,Cotton,Applique,Medium,7.7,210,30,40,Low,Standard,East India,1390
SIH-03909,Pipili Applique,Cotton,Applique,Medium,10.2,210,40,45,Medium,High,East India,2300
SIH-03910,Sandalwood Carving,Sandalwood,Wood Carving,Medium,78.5,1520,735,600,High,High,South India,28920
SIH-03911,Channapatna,Wood,Lac Turning,Small,4.3,160,20,45,Low,Standard,South India,1130
SIH-03912,Dhokra,Brass,Lost Wax Casting,Large,21.3,2050,215,300,High,Standard,Central India,8380
SIH-03913,Terracotta,Clay,Hand Moulding,Medium,4.0,160,20,40,Low,Standard,East India,840
SIH-03914,Kalamkari,Cotton,Block Printing,Small,9.1,440,30,60,Low,Standard,South India,2410
SIH-03915,Pipili Applique,Cotton,Applique,Medium,9.2,170,35,30,Medium,Moderate,East India,2160
SIH-03916,Dhokra,Brass,Lost Wax Casting,Medium,18.0,1700,230,170,High,Moderate,Central India,7290
SIH-03917,Kashmir Walnut Wood Carving,Walnut Wood,Wood Carving,Small,28.1,1050,185,355,Medium,High,North India,9780
SIH-03918,Kutch Embroidery,Cotton,Hand Embroidery,Large,25.4,670,130,135,High,Moderate,West India,6960
SIH-03919,Sandalwood Carving,Sandalwood,Wood Carving,Small,26.4,810,135,190,Low,Light,South India,8780
SIH-03920,Blue Pottery,Ceramic,Glazing,Medium,1.1,230,20,20,Low,Standard,West India,540
SIH-03921,Blue Pottery,Ceramic,Glazing,Medium,6.0,310,50,75,Low,High,West India,1660
SIH-03922,Terracotta,Clay,Hand Moulding,Large,4.8,250,35,35,Medium,Standard,East India,1270
SIH-03923,Sikki Craft,Sikki Grass,Hand Weaving,Small,5.4,100,15,30,Low,Standard,East India,1150
SIH-03924,Blue Pottery,Ceramic,Glazing,Large,5.2,380,60,40,Medium,Standard,West India,1450
SIH-03925,Phulkari,Cotton,Hand Embroidery,Standard,51.9,590,110,160,Medium,Light,North India,9260
SIH-03926,Bastar Dhokra,Bell Metal,Lost Wax Casting,Small,7.7,1020,80,115,Low,Standard,Central India,2930
SIH-03927,Dhokra,Brass,Lost Wax Casting,Small,11.2,1230,75,215,Low,Standard,Central India,4760
SIH-03928,Blue Pottery,Ceramic,Glazing,Large,3.0,350,35,60,Medium,Standard,West India,1290
SIH-03929,Bastar Dhokra,Bell Metal,Lost Wax Casting,Small,19.8,590,165,245,Medium,Moderate,Central India,6680
SIH-03930,Blue Pottery,Ceramic,Glazing,Large,6.6,500,55,80,Medium,Standard,West India,1870
SIH-03931,Dhokra,Brass,Lost Wax Casting,Large,28.9,1530,255,485,High,Moderate,Central India,11160
SIH-03932,Blue Pottery,Ceramic,Glazing,Medium,2.3,320,35,45,Low,Moderate,West India,890
SIH-03933,Kashmir Walnut Wood Carving,Walnut Wood,Wood Carving,Large,38.6,2300,415,335,High,Light,North India,15790
SIH-03934,Channapatna,Wood,Lac Turning,Small,2.9,120,15,30,Low,Standard,South India,770
SIH-03935,Madhubani,Paper,Hand Painting,Small,12.8,160,30,50,Low,High,East India,2270
SIH-03936,Blue Pottery,Ceramic,Glazing,Large,5.1,190,25,40,Medium,Standard,West India,1090
SIH-03937,Blue Pottery,Ceramic,Glazing,Large,5.6,500,30,55,Medium,Standard,West India,1640
SIH-03938,Kashmir Walnut Wood Carving,Walnut Wood,Wood Carving,Large,50.3,2880,485,575,High,Standard,North India,20240
SIH-03939,Bastar Dhokra,Bell Metal,Lost Wax Casting,Large,11.3,2970,230,280,High,Light,Central India,7360
SIH-03940,Pashmina,Pashmina Wool,Hand Embroidery,Standard,93.5,3340,230,440,Medium,Standard,North India,23240
SIH-03941,Pashmina,Pashmina Wool,Hand Embroidery,Standard,56.6,6460,460,450,Medium,Standard,North India,30880
SIH-03942,Pipili Applique,Cotton,Applique,Medium,7.7,270,15,40,Low,Standard,East India,1410
SIH-03943,Blue Pottery,Ceramic,Glazing,Medium,3.4,370,45,40,Medium,High,West India,1250
SIH-03944,Moradabad Metal Craft,Brass,Metal Engraving,Small,11.1,730,120,150,Low,Moderate,North India,4370
SIH-03945,Pashmina,Pashmina Wool,Hand Embroidery,Standard,64.5,4120,330,265,Medium,Light,North India,19490
SIH-03946,Sandalwood Carving,Sandalwood,Wood Carving,Large,58.0,3200,430,435,High,Light,South India,17270
SIH-03947,Pashmina,Pashmina Wool,Hand Embroidery,Standard,24.5,7250,160,250,High,Light,North India,18700
SIH-03948,Madhubani,Paper,Hand Painting,Medium,22.4,230,85,65,Medium,Standard,East India,4100
SIH-03949,Pipili Applique,Cotton,Applique,Medium,12.9,350,65,65,Low,Standard,East India,3070
SIH-03950,Blue Pottery,Ceramic,Glazing,Large,3.9,520,40,50,Medium,Standard,West India,1360
SIH-03951,Sikki Craft,Sikki Grass,Hand Weaving,Small,3.4,90,20,20,Low,Light,East India,740
SIH-03952,Dhokra,Brass,Lost Wax Casting,Small,4.5,880,75,75,Low,Standard,Central India,2370
SIH-03953,Kalamkari,Cotton,Block Printing,Large,26.3,700,100,165,Medium,Standard,South India,6680
SIH-03954,Kashmir Walnut Wood Carving,Walnut Wood,Wood Carving,Small,28.8,1110,280,345,Medium,Standard,North India,10480
SIH-03955,Pipili Applique,Cotton,Applique,Large,12.3,380,35,75,Medium,Standard,East India,2610
SIH-03956,Moradabad Metal Craft,Brass,Metal Engraving,Small,12.1,640,155,210,Low,Light,North India,4820
SIH-03957,Sandalwood Carving,Sandalwood,Wood Carving,Small,42.9,1800,205,315,Medium,Moderate,South India,13450
SIH-03958,Kashmir Walnut Wood Carving,Walnut Wood,Wood Carving,Small,18.0,570,130,135,Medium,Moderate,North India,6840
SIH-03959,Sikki Craft,Sikki Grass,Hand Weaving,Small,0.9,120,15,20,Low,Standard,East India,320
SIH-03960,Terracotta,Clay,Hand Moulding,Medium,4.9,190,45,45,Low,Standard,East India,1170
SIH-03961,Blue Pottery,Ceramic,Glazing,Large,2.7,370,20,25,Medium,Standard,West India,970
SIH-03962,Pipili Applique,Cotton,Applique,Large,18.6,470,85,70,Medium,Standard,East India,3720
SIH-03963,Blue Pottery,Ceramic,Glazing,Large,6.0,470,65,65,Medium,Moderate,West India,1800
SIH-03964,Moradabad Metal Craft,Brass,Metal Engraving,Small,5.1,1270,80,95,Low,Standard,North India,3450
SIH-03965,Pashmina,Pashmina Wool,Hand Embroidery,Standard,78.4,5760,345,475,Medium,Standard,North India,32630
SIH-03966,Thanjavur Painting,Wood,Gold Leaf Work,Small,31.3,2340,195,390,Medium,Standard,South India,17920
SIH-03967,Blue Pottery,Ceramic,Glazing,Medium,1.5,210,25,20,Low,Standard,West India,610
SIH-03968,Blue Pottery,Ceramic,Glazing,Medium,1.7,300,15,35,Low,Standard,West India,660
SIH-03969,Pipili Applique,Cotton,Applique,Large,20.9,700,60,90,High,Standard,East India,3560
SIH-03970,Sikki Craft,Sikki Grass,Hand Weaving,Small,3.7,70,20,25,Low,Standard,East India,630
SIH-03971,Dhokra,Brass,Lost Wax Casting,Medium,34.4,740,125,155,High,High,Central India,8150
SIH-03972,Madhubani,Paper,Hand Painting,Large,17.5,170,70,75,Medium,Standard,East India,3300
SIH-03973,Blue Pottery,Ceramic,Glazing,Large,3.0,390,35,60,Medium,Standard,West India,1250
SIH-03974,Sikki Craft,Sikki Grass,Hand Weaving,Medium,5.6,110,30,40,Medium,Moderate,East India,1120
SIH-03975,Moradabad Metal Craft,Brass,Metal Engraving,Large,25.1,2930,375,325,High,Standard,North India,11030
SIH-03976,Dhokra,Brass,Lost Wax Casting,Medium,10.2,1820,100,190,Medium,Standard,Central India,5580
SIH-03977,Kashmir Walnut Wood Carving,Walnut Wood,Wood Carving,Small,19.3,770,100,145,Medium,High,North India,7180
SIH-03978,Blue Pottery,Ceramic,Glazing,Small,3.5,220,25,60,Low,Moderate,West India,1190
SIH-03979,Kalamkari,Cotton,Block Printing,Large,22.7,530,80,80,High,Light,South India,5660
SIH-03980,Kondapalli Toys,Soft Wood,Hand Painting,Medium,6.2,330,45,55,Medium,Moderate,South India,1690
SIH-03981,Kondapalli Toys,Soft Wood,Hand Painting,Medium,6.3,320,30,35,Medium,Moderate,South India,1500
SIH-03982,Kutch Embroidery,Cotton,Hand Embroidery,Medium,14.4,260,65,75,High,High,West India,4460
SIH-03983,Blue Pottery,Ceramic,Glazing,Medium,1.8,210,20,35,Low,Light,West India,690
SIH-03984,Thanjavur Painting,Wood,Gold Leaf Work,Medium,23.1,3420,235,290,High,Standard,South India,13720
SIH-03985,Banarasi,Silk,Handloom Weaving,Standard,32.3,3260,270,265,Medium,Standard,North India,15640
SIH-03986,Terracotta,Clay,Hand Moulding,Medium,6.7,150,35,45,Low,Standard,East India,1380
SIH-03987,Blue Pottery,Ceramic,Glazing,Small,1.5,160,15,20,Low,Light,West India,480
SIH-03988,Banarasi,Silk,Handloom Weaving,Standard,123.2,7220,600,520,High,Light,North India,40400
SIH-03989,Kalamkari,Cotton,Block Printing,Small,7.8,230,20,65,Low,Standard,South India,2370
SIH-03990,Kashmir Walnut Wood Carving,Walnut Wood,Wood Carving,Medium,45.8,1480,405,315,Medium,Moderate,North India,15090
SIH-03991,Kutch Embroidery,Cotton,Hand Embroidery,Large,25.5,670,85,85,High,Standard,West India,6160
SIH-03992,Bastar Dhokra,Bell Metal,Lost Wax Casting,Medium,39.2,1650,405,585,High,High,Central India,14090
SIH-03993,Sandalwood Carving,Sandalwood,Wood Carving,Large,89.9,3310,365,405,High,Light,South India,23000
SIH-03994,Pipili Applique,Cotton,Applique,Small,7.4,130,15,30,Low,Light,East India,1450
SIH-03995,Blue Pottery,Ceramic,Glazing,Medium,3.3,160,20,45,Low,Light,West India,810
SIH-03996,Blue Pottery,Ceramic,Glazing,Large,8.2,450,95,130,High,High,West India,2400
SIH-03997,Channapatna,Wood,Lac Turning,Small,3.5,90,15,25,Low,Standard,South India,910
SIH-03998,Pashmina,Pashmina Wool,Hand Embroidery,Standard,43.3,3640,305,425,Medium,Standard,North India,19480
SIH-03999,Sikki Craft,Sikki Grass,Hand Weaving,Medium,10.7,170,60,85,Medium,Standard,East India,2640
SIH-04000,Dhokra,Brass,Lost Wax Casting,Small,15.0,1200,115,230,Low,Light,Central India,5390
SIH-04001,Kutch Embroidery,Cotton,Hand Embroidery,Small,11.0,130,35,30,Medium,Standard,West India,2220
SIH-04002,Blue Pottery,Ceramic,Glazing,Small,4.1,120,40,35,Low,High,West India,1090
SIH-04003,Kutch Embroidery,Cotton,Hand Embroidery,Large,25.8,570,115,135,High,Standard,West India,6170
SIH-04004,Pashmina,Pashmina Wool,Hand Embroidery,Standard,46.0,4170,250,250,Medium,Light,North India,18210
SIH-04005,Blue Pottery,Ceramic,Glazing,Large,5.1,500,85,95,Medium,Standard,West India,1900
SIH-04006,Blue Pottery,Ceramic,Glazing,Large,4.0,210,20,45,Medium,Light,West India,930
SIH-04007,Pipili Applique,Cotton,Applique,Small,4.1,210,15,20,Low,Light,East India,1160
SIH-04008,Channapatna,Wood,Lac Turning,Medium,4.8,140,35,50,Low,Standard,South India,1140
SIH-04009,Blue Pottery,Ceramic,Glazing,Large,2.5,520,25,45,Medium,Light,West India,1300
SIH-04010,Thanjavur Painting,Wood,Gold Leaf Work,Large,66.3,3650,525,815,High,Light,South India,28720
SIH-04011,Thanjavur Painting,Wood,Gold Leaf Work,Large,48.8,3590,540,585,High,Moderate,South India,29030
SIH-04012,Sandalwood Carving,Sandalwood,Wood Carving,Small,14.8,990,140,175,Low,Standard,South India,6730
SIH-04013,Terracotta,Clay,Hand Moulding,Medium,1.1,150,15,20,Low,Standard,East India,470
SIH-04014,Blue Pottery,Ceramic,Glazing,Small,1.0,120,15,20,Low,Moderate,West India,380
SIH-04015,Kalamkari,Cotton,Block Printing,Medium,16.4,570,60,65,Low,Light,South India,4400
SIH-04016,Blue Pottery,Ceramic,Glazing,Small,3.3,250,35,50,Low,Standard,West India,1100
SIH-04017,Pipili Applique,Cotton,Applique,Small,4.6,190,20,20,Low,Standard,East India,1190
SIH-04018,Dhokra,Brass,Lost Wax Casting,Large,22.4,2670,285,240,High,Moderate,Central India,10840
SIH-04019,Dhokra,Brass,Lost Wax Casting,Medium,21.2,880,130,155,High,Moderate,Central India,6580
SIH-04020,Pashmina,Pashmina Wool,Hand Embroidery,Standard,84.4,7700,485,640,Medium,Standard,North India,37480
SIH-04021,Kutch Embroidery,Cotton,Hand Embroidery,Medium,29.1,340,135,100,Medium,Moderate,West India,6340
SIH-04022,Blue Pottery,Ceramic,Glazing,Small,3.2,230,25,30,Low,Standard,West India,960
SIH-04023,Dhokra,Brass,Lost Wax Casting,Large,28.2,1630,145,285,High,Standard,Central India,7810
SIH-04024,Dhokra,Brass,Lost Wax Casting,Medium,12.4,1050,115,150,Medium,Light,Central India,5400
SIH-04025,Blue Pottery,Ceramic,Glazing,Medium,4.9,220,45,55,Low,Moderate,West India,1470
SIH-04026,Pashmina,Pashmina Wool,Hand Embroidery,Standard,61.2,6350,405,455,Medium,Standard,North India,28700
SIH-04027,Sandalwood Carving,Sandalwood,Wood Carving,Medium,49.9,2440,475,375,Medium,Light,South India,19720
SIH-04028,Kashmir Walnut Wood Carving,Walnut Wood,Wood Carving,Large,41.4,2120,195,425,High,Moderate,North India,15230
SIH-04029,Kutch Embroidery,Cotton,Hand Embroidery,Medium,27.8,370,65,75,Medium,Light,West India,6050
SIH-04030,Sikki Craft,Sikki Grass,Hand Weaving,Medium,8.9,150,50,45,Medium,Moderate,East India,1980
SIH-04031,Bastar Dhokra,Bell Metal,Lost Wax Casting,Large,18.7,2210,140,390,High,Light,Central India,8540
SIH-04032,Kondapalli Toys,Soft Wood,Hand Painting,Medium,4.6,230,20,30,Low,Standard,South India,1210
SIH-04033,Sandalwood Carving,Sandalwood,Wood Carving,Medium,29.5,3000,265,390,Medium,Light,South India,13760
SIH-04034,Kondapalli Toys,Soft Wood,Hand Painting,Small,2.1,140,15,20,Low,Standard,South India,560
SIH-04035,Blue Pottery,Ceramic,Glazing,Medium,2.8,130,15,35,Low,Standard,West India,600
SIH-04036,Pashmina,Pashmina Wool,Hand Embroidery,Standard,40.3,4720,215,200,High,Moderate,North India,19350
SIH-04037,Blue Pottery,Ceramic,Glazing,Medium,2.4,260,25,30,Low,Light,West India,850
SIH-04038,Sikki Craft,Sikki Grass,Hand Weaving,Medium,4.2,80,15,40,Low,Standard,East India,970
SIH-04039,Sandalwood Carving,Sandalwood,Wood Carving,Medium,41.9,2590,290,400,Medium,Light,South India,14980
SIH-04040,Sandalwood Carving,Sandalwood,Wood Carving,Medium,19.3,1750,200,265,Medium,Moderate,South India,8340
SIH-04041,Kondapalli Toys,Soft Wood,Hand Painting,Large,8.5,270,50,65,High,Standard,South India,2120
SIH-04042,Moradabad Metal Craft,Brass,Metal Engraving,Small,6.5,670,65,95,Low,Moderate,North India,2850
SIH-04043,Phulkari,Cotton,Hand Embroidery,Standard,47.5,630,165,245,High,Moderate,North India,11910
SIH-04044,Moradabad Metal Craft,Brass,Metal Engraving,Large,31.8,2140,235,280,High,Standard,North India,9550
SIH-04045,Thanjavur Painting,Wood,Gold Leaf Work,Large,54.4,4310,665,965,High,Moderate,South India,29840
SIH-04046,Moradabad Metal Craft,Brass,Metal Engraving,Medium,16.3,770,145,180,Medium,Standard,North India,5570
SIH-04047,Bastar Dhokra,Bell Metal,Lost Wax Casting,Medium,35.8,2310,525,545,High,Moderate,Central India,15140
SIH-04048,Terracotta,Clay,Hand Moulding,Large,8.4,240,40,50,Medium,Moderate,East India,1530
SIH-04049,Pashmina,Pashmina Wool,Hand Embroidery,Standard,107.3,3120,365,565,Medium,Standard,North India,39420
SIH-04050,Thanjavur Painting,Wood,Gold Leaf Work,Small,27.0,1640,295,400,Medium,Light,South India,13480
SIH-04051,Sandalwood Carving,Sandalwood,Wood Carving,Small,30.1,1400,250,230,Medium,High,South India,12620
SIH-04052,Bastar Dhokra,Bell Metal,Lost Wax Casting,Large,44.2,2360,470,345,High,Moderate,Central India,14760
SIH-04053,Dhokra,Brass,Lost Wax Casting,Small,7.6,1400,85,130,Low,Standard,Central India,3810
SIH-04054,Blue Pottery,Ceramic,Glazing,Large,4.1,400,50,35,Medium,Standard,West India,1370
SIH-04055,Thanjavur Painting,Wood,Gold Leaf Work,Large,57.1,3960,745,955,High,Light,South India,29600
SIH-04056,Blue Pottery,Ceramic,Glazing,Small,3.7,180,45,60,Low,High,West India,1250
SIH-04057,Phulkari,Cotton,Hand Embroidery,Standard,25.8,730,125,210,Medium,Standard,North India,7310
SIH-04058,Blue Pottery,Ceramic,Glazing,Small,1.0,90,15,20,Low,Standard,West India,330
SIH-04059,Phulkari,Cotton,Hand Embroidery,Standard,24.0,440,90,165,Medium,Light,North India,6970
SIH-04060,Blue Pottery,Ceramic,Glazing,Large,7.0,390,35,85,Medium,Standard,West India,1730
SIH-04061,Bastar Dhokra,Bell Metal,Lost Wax Casting,Large,41.1,2640,325,290,High,Light,Central India,13680
SIH-04062,Banarasi,Silk,Handloom Weaving,Standard,161.2,6310,705,445,High,Moderate,North India,40580
SIH-04063,Kondapalli Toys,Soft Wood,Hand Painting,Medium,1.1,340,20,20,Medium,Light,South India,740
SIH-04064,Kalamkari,Cotton,Block Printing,Medium,8.8,370,40,55,Low,Standard,South India,2070
SIH-04065,Moradabad Metal Craft,Brass,Metal Engraving,Small,7.6,960,85,145,Low,Light,North India,3150
SIH-04066,Blue Pottery,Ceramic,Glazing,Medium,1.9,130,20,20,Low,Light,West India,460
SIH-04067,Phulkari,Cotton,Hand Embroidery,Standard,50.0,380,280,250,Medium,Moderate,North India,13020
SIH-04068,Pashmina,Pashmina Wool,Hand Embroidery,Standard,60.5,5640,255,385,Medium,Standard,North India,27820
SIH-04069,Sikki Craft,Sikki Grass,Hand Weaving,Medium,4.2,160,20,35,Medium,Light,East India,1040
SIH-04070,Dhokra,Brass,Lost Wax Casting,Large,31.6,1260,245,330,High,Moderate,Central India,11100
SIH-04071,Thanjavur Painting,Wood,Gold Leaf Work,Large,31.9,2500,195,315,High,Light,South India,17200
SIH-04072,Pipili Applique,Cotton,Applique,Small,7.5,170,30,35,Low,Standard,East India,1660
SIH-04073,Banarasi,Silk,Handloom Weaving,Standard,113.2,4630,580,475,High,Standard,North India,37680
SIH-04074,Thanjavur Painting,Wood,Gold Leaf Work,Medium,21.7,2090,300,245,High,Moderate,South India,12950
SIH-04075,Dhokra,Brass,Lost Wax Casting,Small,11.9,1220,80,140,Low,Moderate,Central India,4980
SIH-04076,Channapatna,Wood,Lac Turning,Large,3.9,280,25,35,Medium,Light,South India,1030
SIH-04077,Kutch Embroidery,Cotton,Hand Embroidery,Large,39.9,890,115,200,High,Standard,West India,8490
SIH-04078,Sikki Craft,Sikki Grass,Hand Weaving,Medium,5.3,150,15,45,Medium,Standard,East India,1190
SIH-04079,Sikki Craft,Sikki Grass,Hand Weaving,Large,12.7,240,40,100,Medium,Standard,East India,2760
SIH-04080,Kalamkari,Cotton,Block Printing,Small,9.0,310,30,40,Low,Moderate,South India,2580
SIH-04081,Blue Pottery,Ceramic,Glazing,Small,2.0,150,25,20,Low,Standard,West India,550
SIH-04082,Sikki Craft,Sikki Grass,Hand Weaving,Medium,5.9,120,25,30,Medium,Moderate,East India,940
SIH-04083,Terracotta,Clay,Hand Moulding,Medium,1.3,170,15,25,Low,Moderate,East India,480
SIH-04084,Blue Pottery,Ceramic,Glazing,Small,3.7,220,45,40,Low,High,West India,1100
SIH-04085,Pipili Applique,Cotton,Applique,Medium,11.1,280,25,45,Medium,Standard,East India,2600
SIH-04086,Pashmina,Pashmina Wool,Hand Embroidery,Standard,119.1,5980,395,465,Medium,Moderate,North India,39230
SIH-04087,Kondapalli Toys,Soft Wood,Hand Painting,Small,1.4,190,15,20,Low,Standard,South India,520
SIH-04088,Blue Pottery,Ceramic,Glazing,Small,1.2,160,20,20,Low,Standard,West India,460
SIH-04089,Blue Pottery,Ceramic,Glazing,Medium,6.0,290,50,60,Medium,High,West India,1500
SIH-04090,Blue Pottery,Ceramic,Glazing,Small,3.4,170,35,30,Low,Moderate,West India,1000
SIH-04091,Blue Pottery,Ceramic,Glazing,Small,3.1,190,30,55,Low,Moderate,West India,1020
SIH-04092,Channapatna,Wood,Lac Turning,Medium,5.1,90,40,55,Low,Standard,South India,1310
SIH-04093,Blue Pottery,Ceramic,Glazing,Large,3.5,600,45,40,Medium,Standard,West India,1550
SIH-04094,Channapatna,Wood,Lac Turning,Small,4.0,150,30,35,Low,Light,South India,1100
SIH-04095,Terracotta,Clay,Hand Moulding,Medium,4.8,200,20,45,Low,Light,East India,980
SIH-04096,Pipili Applique,Cotton,Applique,Large,11.4,580,40,65,High,Standard,East India,2940
SIH-04097,Blue Pottery,Ceramic,Glazing,Small,4.0,180,25,45,Low,High,West India,1080
SIH-04098,Terracotta,Clay,Hand Moulding,Medium,2.8,150,20,20,Low,High,East India,650
SIH-04099,Kashmir Walnut Wood Carving,Walnut Wood,Wood Carving,Large,50.9,940,305,300,High,Standard,North India,13590
SIH-04100,Bastar Dhokra,Bell Metal,Lost Wax Casting,Medium,21.5,1940,135,200,Medium,Moderate,Central India,7920
SIH-04101,Thanjavur Painting,Wood,Gold Leaf Work,Small,39.7,1830,530,375,Medium,High,South India,23830
SIH-04102,Madhubani,Paper,Hand Painting,Large,32.0,450,75,130,High,Moderate,East India,8740
SIH-04103,Bastar Dhokra,Bell Metal,Lost Wax Casting,Large,33.7,2830,185,465,High,Standard,Central India,11920
SIH-04104,Sikki Craft,Sikki Grass,Hand Weaving,Large,11.4,210,55,85,High,Standard,East India,2590
SIH-04105,Bastar Dhokra,Bell Metal,Lost Wax Casting,Small,13.1,1360,70,145,Low,Standard,Central India,4580
SIH-04106,Blue Pottery,Ceramic,Glazing,Large,5.9,400,75,90,Medium,Moderate,West India,2000
SIH-04107,Sikki Craft,Sikki Grass,Hand Weaving,Medium,4.6,170,25,45,Medium,Standard,East India,1150
SIH-04108,Moradabad Metal Craft,Brass,Metal Engraving,Large,10.8,1810,110,170,High,Light,North India,5700
SIH-04109,Sikki Craft,Sikki Grass,Hand Weaving,Large,14.5,280,95,115,High,Standard,East India,3160
SIH-04110,Phulkari,Cotton,Hand Embroidery,Standard,29.7,980,75,105,Medium,Light,North India,6550
SIH-04111,Madhubani,Paper,Hand Painting,Medium,12.3,190,45,40,Low,Standard,East India,2920
SIH-04112,Pipili Applique,Cotton,Applique,Small,6.3,120,20,20,Low,Light,East India,1330
SIH-04113,Moradabad Metal Craft,Brass,Metal Engraving,Medium,11.3,1220,80,175,Medium,Standard,North India,4470
SIH-04114,Madhubani,Paper,Hand Painting,Small,8.2,110,15,40,Low,Moderate,East India,1820
SIH-04115,Blue Pottery,Ceramic,Glazing,Large,7.3,520,45,90,Medium,Standard,West India,2080
SIH-04116,Pipili Applique,Cotton,Applique,Small,3.4,330,20,25,Low,Moderate,East India,1010
SIH-04117,Terracotta,Clay,Hand Moulding,Large,8.2,280,55,50,Medium,Light,East India,1930
SIH-04118,Sandalwood Carving,Sandalwood,Wood Carving,Small,24.1,1990,130,265,Medium,Light,South India,10020
SIH-04119,Channapatna,Wood,Lac Turning,Small,3.7,90,25,30,Low,Moderate,South India,1010
SIH-04120,Blue Pottery,Ceramic,Glazing,Large,5.4,430,35,60,Medium,Standard,West India,1580
SIH-04121,Kashmir Walnut Wood Carving,Walnut Wood,Wood Carving,Small,40.5,960,200,275,Medium,Moderate,North India,10770
SIH-04122,Phulkari,Cotton,Hand Embroidery,Standard,54.3,690,175,190,High,High,North India,11200
SIH-04123,Pipili Applique,Cotton,Applique,Small,5.2,190,25,25,Low,Standard,East India,1220
SIH-04124,Terracotta,Clay,Hand Moulding,Large,1.4,210,20,20,Low,Standard,East India,480
SIH-04125,Kondapalli Toys,Soft Wood,Hand Painting,Small,2.6,160,15,20,Low,Standard,South India,830
SIH-04126,Kutch Embroidery,Cotton,Hand Embroidery,Large,27.5,540,140,140,High,Standard,West India,6860
SIH-04127,Banarasi,Silk,Handloom Weaving,Standard,84.1,3250,430,360,High,Standard,North India,26400
SIH-04128,Terracotta,Clay,Hand Moulding,Large,8.6,270,55,65,Medium,Moderate,East India,2070
SIH-04129,Sikki Craft,Sikki Grass,Hand Weaving,Large,15.8,260,55,110,High,High,East India,2850
SIH-04130,Terracotta,Clay,Hand Moulding,Large,9.6,240,55,65,Medium,Standard,East India,1830
SIH-04131,Blue Pottery,Ceramic,Glazing,Medium,2.4,370,30,25,Low,Standard,West India,930
SIH-04132,Phulkari,Cotton,Hand Embroidery,Standard,47.8,610,170,295,High,High,North India,11990
SIH-04133,Blue Pottery,Ceramic,Glazing,Large,7.9,400,50,65,Medium,Standard,West India,2320
SIH-04134,Phulkari,Cotton,Hand Embroidery,Standard,20.0,480,50,100,Medium,Standard,North India,5160
SIH-04135,Kalamkari,Cotton,Block Printing,Small,6.8,210,25,35,Low,Standard,South India,1490
SIH-04136,Terracotta,Clay,Hand Moulding,Large,7.9,290,80,65,Medium,Moderate,East India,2090
SIH-04137,Moradabad Metal Craft,Brass,Metal Engraving,Medium,14.7,1330,120,140,Medium,Standard,North India,5310
SIH-04138,Sandalwood Carving,Sandalwood,Wood Carving,Small,29.0,1010,130,210,Low,Light,South India,9490
SIH-04139,Thanjavur Painting,Wood,Gold Leaf Work,Large,49.1,5110,375,870,High,Light,South India,28270
SIH-04140,Banarasi,Silk,Handloom Weaving,Standard,123.0,5420,520,435,Medium,Standard,North India,36170
SIH-04141,Phulkari,Cotton,Hand Embroidery,Standard,39.5,290,100,240,Medium,Standard,North India,10560
SIH-04142,Dhokra,Brass,Lost Wax Casting,Medium,8.3,1250,70,205,Medium,Moderate,Central India,4330
SIH-04143,Moradabad Metal Craft,Brass,Metal Engraving,Medium,26.3,1030,135,375,High,High,North India,8140
SIH-04144,Sikki Craft,Sikki Grass,Hand Weaving,Small,2.3,90,15,20,Low,Light,East India,590
SIH-04145,Kalamkari,Cotton,Block Printing,Small,3.1,500,20,35,Low,Standard,South India,1430
SIH-04146,Sikki Craft,Sikki Grass,Hand Weaving,Medium,3.9,130,15,20,Medium,Light,East India,780
SIH-04147,Sikki Craft,Sikki Grass,Hand Weaving,Small,5.1,90,30,20,Low,Standard,East India,1080
SIH-04148,Kashmir Walnut Wood Carving,Walnut Wood,Wood Carving,Small,30.6,1430,225,315,Medium,Moderate,North India,11630
SIH-04149,Pashmina,Pashmina Wool,Hand Embroidery,Standard,87.4,4170,265,525,Medium,Standard,North India,32930
SIH-04150,Moradabad Metal Craft,Brass,Metal Engraving,Medium,8.9,1020,90,100,Medium,Standard,North India,3200
SIH-04151,Terracotta,Clay,Hand Moulding,Medium,3.9,250,30,30,Low,Light,East India,1080
SIH-04152,Dhokra,Brass,Lost Wax Casting,Medium,12.6,2150,175,150,Medium,Moderate,Central India,6690
SIH-04153,Pipili Applique,Cotton,Applique,Large,12.9,240,25,50,High,Light,East India,2450
SIH-04154,Pipili Applique,Cotton,Applique,Small,5.8,210,15,30,Low,Standard,East India,1030
SIH-04155,Moradabad Metal Craft,Brass,Metal Engraving,Small,5.3,550,70,95,Low,Light,North India,2370
SIH-04156,Thanjavur Painting,Wood,Gold Leaf Work,Small,32.5,1410,270,320,Medium,Moderate,South India,17900
SIH-04157,Thanjavur Painting,Wood,Gold Leaf Work,Large,48.1,3860,375,710,High,High,South India,22460
SIH-04158,Phulkari,Cotton,Hand Embroidery,Standard,34.7,930,125,210,High,Moderate,North India,8590
SIH-04159,Banarasi,Silk,Handloom Weaving,Standard,68.9,5040,390,370,Medium,Standard,North India,23620
SIH-04160,Pipili Applique,Cotton,Applique,Large,25.0,680,110,140,Medium,Light,East India,5220
SIH-04161,Blue Pottery,Ceramic,Glazing,Small,0.8,120,15,20,Low,Moderate,West India,340
SIH-04162,Madhubani,Paper,Hand Painting,Large,59.3,240,165,220,High,Standard,East India,10380
SIH-04163,Blue Pottery,Ceramic,Glazing,Small,1.3,90,15,20,Low,Moderate,West India,360
SIH-04164,Bastar Dhokra,Bell Metal,Lost Wax Casting,Small,13.2,1230,100,225,Low,Standard,Central India,5320
SIH-04165,Kashmir Walnut Wood Carving,Walnut Wood,Wood Carving,Medium,49.2,1980,280,350,High,Moderate,North India,17830
SIH-04166,Blue Pottery,Ceramic,Glazing,Large,3.2,220,15,30,Medium,Light,West India,780
SIH-04167,Pipili Applique,Cotton,Applique,Large,9.9,540,30,50,Medium,Standard,East India,2270
SIH-04168,Blue Pottery,Ceramic,Glazing,Medium,1.2,190,15,25,Low,Light,West India,470
SIH-04169,Bastar Dhokra,Bell Metal,Lost Wax Casting,Small,12.3,1530,125,160,Low,Standard,Central India,5140
SIH-04170,Kondapalli Toys,Soft Wood,Hand Painting,Large,3.0,400,20,30,Medium,Standard,South India,1090
SIH-04171,Terracotta,Clay,Hand Moulding,Large,9.3,350,75,60,Medium,Light,East India,1850
SIH-04172,Sandalwood Carving,Sandalwood,Wood Carving,Small,23.0,1340,170,120,Low,Light,South India,6980
SIH-04173,Banarasi,Silk,Handloom Weaving,Standard,97.6,5000,490,415,High,Light,North India,34230
SIH-04174,Moradabad Metal Craft,Brass,Metal Engraving,Medium,10.5,1670,105,260,Medium,Standard,North India,5840
SIH-04175,Banarasi,Silk,Handloom Weaving,Standard,81.7,8010,470,555,High,High,North India,43500
SIH-04176,Thanjavur Painting,Wood,Gold Leaf Work,Large,56.3,3280,625,560,High,Light,South India,27250
SIH-04177,Sandalwood Carving,Sandalwood,Wood Carving,Large,18.6,4420,300,295,High,Moderate,South India,12430
SIH-04178,Moradabad Metal Craft,Brass,Metal Engraving,Large,17.2,1250,140,220,High,Light,North India,5720
SIH-04179,Madhubani,Paper,Hand Painting,Large,32.7,420,170,205,High,Moderate,East India,8970
SIH-04180,Kondapalli Toys,Soft Wood,Hand Painting,Large,5.1,240,40,35,High,Standard,South India,1550
SIH-04181,Moradabad Metal Craft,Brass,Metal Engraving,Small,11.0,860,160,210,Low,Light,North India,4380
SIH-04182,Moradabad Metal Craft,Brass,Metal Engraving,Large,18.7,2120,240,375,High,Moderate,North India,8590
SIH-04183,Channapatna,Wood,Lac Turning,Medium,5.5,190,45,40,Low,Light,South India,1380
SIH-04184,Blue Pottery,Ceramic,Glazing,Medium,5.2,200,40,35,Low,Light,West India,1390
SIH-04185,Sandalwood Carving,Sandalwood,Wood Carving,Medium,53.1,2920,430,385,High,High,South India,18780
SIH-04186,Kondapalli Toys,Soft Wood,Hand Painting,Large,8.7,410,40,45,Medium,Standard,South India,2400
SIH-04187,Moradabad Metal Craft,Brass,Metal Engraving,Large,23.9,2580,175,395,High,Standard,North India,8840
SIH-04188,Moradabad Metal Craft,Brass,Metal Engraving,Medium,14.1,1620,225,315,High,High,North India,6860
SIH-04189,Pashmina,Pashmina Wool,Hand Embroidery,Standard,86.6,5570,315,405,Medium,Standard,North India,31030
SIH-04190,Kondapalli Toys,Soft Wood,Hand Painting,Small,0.9,170,15,20,Low,Light,South India,480
SIH-04191,Banarasi,Silk,Handloom Weaving,Standard,87.9,4890,340,730,High,Moderate,North India,34650
SIH-04192,Channapatna,Wood,Lac Turning,Small,3.6,160,20,20,Low,Light,South India,980
SIH-04193,Pashmina,Pashmina Wool,Hand Embroidery,Standard,114.6,5460,400,515,High,High,North India,37320
SIH-04194,Kashmir Walnut Wood Carving,Walnut Wood,Wood Carving,Small,21.9,1070,110,215,Medium,Moderate,North India,6800
SIH-04195,Terracotta,Clay,Hand Moulding,Small,1.1,50,15,20,Low,Standard,East India,250
SIH-04196,Pipili Applique,Cotton,Applique,Large,17.0,570,60,65,Medium,Light,East India,4120
SIH-04197,Channapatna,Wood,Lac Turning,Medium,2.1,160,20,20,Low,Standard,South India,650
SIH-04198,Thanjavur Painting,Wood,Gold Leaf Work,Large,43.1,5450,500,560,High,Moderate,South India,26270
SIH-04199,Phulkari,Cotton,Hand Embroidery,Standard,30.2,570,125,170,High,Moderate,North India,6990
SIH-04200,Moradabad Metal Craft,Brass,Metal Engraving,Medium,23.5,1810,175,180,Medium,Moderate,North India,7000
SIH-04201,Thanjavur Painting,Wood,Gold Leaf Work,Large,79.3,2540,445,535,High,Moderate,South India,29210
SIH-04202,Blue Pottery,Ceramic,Glazing,Large,5.2,250,50,75,Medium,Standard,West India,1500
SIH-04203,Kashmir Walnut Wood Carving,Walnut Wood,Wood Carving,Medium,43.8,1530,360,540,High,Moderate,North India,15050
SIH-04204,Blue Pottery,Ceramic,Glazing,Medium,6.1,190,35,30,Low,High,West India,1220
SIH-04205,Bastar Dhokra,Bell Metal,Lost Wax Casting,Small,11.3,720,85,85,Low,Light,Central India,3970
SIH-04206,Thanjavur Painting,Wood,Gold Leaf Work,Large,60.2,2930,475,845,High,Light,South India,27020
SIH-04207,Terracotta,Clay,Hand Moulding,Large,7.1,240,50,65,Medium,Light,East India,1430
SIH-04208,Channapatna,Wood,Lac Turning,Medium,5.0,220,35,50,Low,Moderate,South India,1410
SIH-04209,Terracotta,Clay,Hand Moulding,Small,1.0,130,15,20,Low,Standard,East India,360
SIH-04210,Pipili Applique,Cotton,Applique,Medium,5.9,270,15,20,Low,Standard,East India,1290
SIH-04211,Dhokra,Brass,Lost Wax Casting,Medium,14.7,2540,135,310,High,High,Central India,8480
SIH-04212,Terracotta,Clay,Hand Moulding,Large,3.5,300,20,40,Medium,Standard,East India,960
SIH-04213,Dhokra,Brass,Lost Wax Casting,Small,6.6,850,60,85,Low,Standard,Central India,2760
SIH-04214,Moradabad Metal Craft,Brass,Metal Engraving,Small,7.2,420,70,130,Low,Standard,North India,2700
SIH-04215,Kutch Embroidery,Cotton,Hand Embroidery,Medium,22.4,560,115,135,Medium,Light,West India,5540
SIH-04216,Kondapalli Toys,Soft Wood,Hand Painting,Large,5.3,410,35,30,Medium,Standard,South India,1340
SIH-04217,Sandalwood Carving,Sandalwood,Wood Carving,Small,37.0,2510,185,405,Medium,High,South India,11930
SIH-04218,Blue Pottery,Ceramic,Glazing,Small,0.8,170,15,20,Low,Light,West India,400
SIH-04219,Kashmir Walnut Wood Carving,Walnut Wood,Wood Carving,Large,51.1,2300,425,465,High,Standard,North India,15440
SIH-04220,Blue Pottery,Ceramic,Glazing,Medium,3.2,330,40,50,Low,Light,West India,1210
SIH-04221,Thanjavur Painting,Wood,Gold Leaf Work,Medium,18.2,2760,305,375,Medium,Standard,South India,13890
SIH-04222,Pashmina,Pashmina Wool,Hand Embroidery,Standard,59.4,5060,240,275,Medium,Standard,North India,21200
SIH-04223,Banarasi,Silk,Handloom Weaving,Standard,109.4,4080,220,640,High,Light,North India,31610
SIH-04224,Moradabad Metal Craft,Brass,Metal Engraving,Small,2.7,740,50,80,Low,Standard,North India,1860
SIH-04225,Blue Pottery,Ceramic,Glazing,Medium,1.8,260,30,45,Low,Moderate,West India,800
SIH-04226,Channapatna,Wood,Lac Turning,Medium,1.5,200,15,20,Low,Standard,South India,540
SIH-04227,Madhubani,Paper,Hand Painting,Medium,8.0,180,35,60,Medium,Moderate,East India,2270
SIH-04228,Pipili Applique,Cotton,Applique,Small,9.1,140,35,50,Low,Standard,East India,2220
SIH-04229,Kondapalli Toys,Soft Wood,Hand Painting,Medium,5.9,330,30,35,Medium,Standard,South India,1320
SIH-04230,Pipili Applique,Cotton,Applique,Medium,9.2,300,25,60,Low,Standard,East India,2310
SIH-04231,Blue Pottery,Ceramic,Glazing,Medium,3.2,190,30,40,Low,Moderate,West India,1040
SIH-04232,Madhubani,Paper,Hand Painting,Medium,24.3,160,55,130,Medium,Standard,East India,5950
SIH-04233,Blue Pottery,Ceramic,Glazing,Medium,4.4,290,30,65,Low,Light,West India,1410
SIH-04234,Kutch Embroidery,Cotton,Hand Embroidery,Medium,24.7,570,90,120,Medium,Standard,West India,4470
SIH-04235,Thanjavur Painting,Wood,Gold Leaf Work,Large,57.7,2900,330,605,High,Standard,South India,21690
SIH-04236,Phulkari,Cotton,Hand Embroidery,Standard,56.9,690,100,145,High,Moderate,North India,10310
SIH-04237,Terracotta,Clay,Hand Moulding,Medium,2.5,200,15,25,Low,Moderate,East India,620
SIH-04238,Blue Pottery,Ceramic,Glazing,Small,3.2,210,30,25,Low,Standard,West India,1020
SIH-04239,Blue Pottery,Ceramic,Glazing,Small,4.2,220,30,45,Low,High,West India,1240
SIH-04240,Blue Pottery,Ceramic,Glazing,Small,3.2,240,20,35,Low,Standard,West India,910
SIH-04241,Terracotta,Clay,Hand Moulding,Large,6.1,330,40,50,Medium,Moderate,East India,1510
SIH-04242,Kalamkari,Cotton,Block Printing,Medium,20.6,680,100,85,Medium,Moderate,South India,5860
SIH-04243,Pashmina,Pashmina Wool,Hand Embroidery,Standard,114.6,6820,635,890,Medium,Standard,North India,45460
SIH-04244,Bastar Dhokra,Bell Metal,Lost Wax Casting,Large,20.4,3990,190,240,High,Standard,Central India,10180
SIH-04245,Sandalwood Carving,Sandalwood,Wood Carving,Large,63.5,1770,275,770,High,High,South India,23080
SIH-04246,Banarasi,Silk,Handloom Weaving,Standard,85.5,5410,470,325,Medium,Standard,North India,30210
SIH-04247,Madhubani,Paper,Hand Painting,Small,15.5,200,40,50,Low,Moderate,East India,3320
SIH-04248,Pashmina,Pashmina Wool,Hand Embroidery,Standard,103.2,5550,480,460,Medium,Standard,North India,36530
SIH-04249,Banarasi,Silk,Handloom Weaving,Standard,85.9,5830,595,520,Medium,Light,North India,38250
SIH-04250,Channapatna,Wood,Lac Turning,Large,4.7,400,20,50,Medium,Standard,South India,1370
SIH-04251,Thanjavur Painting,Wood,Gold Leaf Work,Small,36.2,2020,340,320,Medium,Moderate,South India,14900
SIH-04252,Kondapalli Toys,Soft Wood,Hand Painting,Small,3.5,140,25,30,Low,Standard,South India,950
SIH-04253,Kashmir Walnut Wood Carving,Walnut Wood,Wood Carving,Small,7.2,530,40,75,Medium,Moderate,North India,3290
SIH-04254,Moradabad Metal Craft,Brass,Metal Engraving,Small,13.3,500,130,205,Medium,High,North India,4540
SIH-04255,Pipili Applique,Cotton,Applique,Medium,3.3,230,15,20,Low,Standard,East India,730
SIH-04256,Sikki Craft,Sikki Grass,Hand Weaving,Medium,4.1,170,15,20,Medium,Light,East India,1030
SIH-04257,Sikki Craft,Sikki Grass,Hand Weaving,Large,10.9,280,35,70,High,Standard,East India,1970
SIH-04258,Phulkari,Cotton,Hand Embroidery,Standard,28.1,710,95,110,Medium,Light,North India,7230
SIH-04259,Moradabad Metal Craft,Brass,Metal Engraving,Large,14.5,2940,140,285,High,Standard,North India,7000
SIH-04260,Kalamkari,Cotton,Block Printing,Large,16.1,800,100,130,Medium,Light,South India,5010
SIH-04261,Moradabad Metal Craft,Brass,Metal Engraving,Large,6.7,2030,95,150,High,Light,North India,4550
SIH-04262,Pashmina,Pashmina Wool,Hand Embroidery,Standard,39.4,5460,290,460,Medium,Standard,North India,22810
SIH-04263,Pashmina,Pashmina Wool,Hand Embroidery,Standard,77.3,5540,420,545,High,Standard,North India,35040
SIH-04264,Madhubani,Paper,Hand Painting,Small,6.8,110,15,30,Low,Moderate,East India,1310
SIH-04265,Pipili Applique,Cotton,Applique,Medium,9.0,220,25,40,Low,Light,East India,1680
SIH-04266,Blue Pottery,Ceramic,Glazing,Small,1.2,100,15,20,Low,Light,West India,390
SIH-04267,Dhokra,Brass,Lost Wax Casting,Small,8.7,930,95,145,Low,Light,Central India,3860
SIH-04268,Blue Pottery,Ceramic,Glazing,Large,8.4,360,80,45,Medium,Standard,West India,1880
SIH-04269,Sandalwood Carving,Sandalwood,Wood Carving,Large,27.8,4730,245,530,High,Standard,South India,15480
SIH-04270,Madhubani,Paper,Hand Painting,Small,15.0,110,50,35,Low,Moderate,East India,2340
SIH-04271,Channapatna,Wood,Lac Turning,Large,9.9,180,65,50,Medium,Standard,South India,2480
SIH-04272,Kondapalli Toys,Soft Wood,Hand Painting,Small,3.3,160,15,40,Low,Moderate,South India,940
SIH-04273,Pashmina,Pashmina Wool,Hand Embroidery,Standard,106.3,4630,465,900,High,Light,North India,42670
SIH-04274,Blue Pottery,Ceramic,Glazing,Large,5.0,320,50,55,Medium,Light,West India,1340
SIH-04275,Channapatna,Wood,Lac Turning,Medium,6.0,160,30,30,Low,High,South India,1290
SIH-04276,Bastar Dhokra,Bell Metal,Lost Wax Casting,Large,17.8,1840,185,245,High,Standard,Central India,6830
SIH-04277,Banarasi,Silk,Handloom Weaving,Standard,78.1,7610,340,295,High,Light,North India,29160
SIH-04278,Channapatna,Wood,Lac Turning,Small,3.6,100,15,40,Low,Standard,South India,950
SIH-04279,Bastar Dhokra,Bell Metal,Lost Wax Casting,Medium,21.2,1280,230,325,High,Moderate,Central India,8610
SIH-04280,Sikki Craft,Sikki Grass,Hand Weaving,Small,5.4,50,15,25,Low,High,East India,940
SIH-04281,Blue Pottery,Ceramic,Glazing,Small,3.4,170,30,50,Low,High,West India,1010
SIH-04282,Bastar Dhokra,Bell Metal,Lost Wax Casting,Large,54.2,1840,345,670,High,Standard,Central India,15830
SIH-04283,Dhokra,Brass,Lost Wax Casting,Large,34.7,880,235,180,High,Moderate,Central India,9280
SIH-04284,Kalamkari,Cotton,Block Printing,Medium,5.9,510,15,35,Low,Light,South India,1770
SIH-04285,Madhubani,Paper,Hand Painting,Small,12.4,160,45,50,Low,Light,East India,2220
SIH-04286,Sandalwood Carving,Sandalwood,Wood Carving,Small,19.8,2130,160,275,Low,Standard,South India,9140
SIH-04287,Sikki Craft,Sikki Grass,Hand Weaving,Large,14.1,330,40,120,High,Light,East India,3020
SIH-04288,Kalamkari,Cotton,Block Printing,Large,22.1,1000,60,120,Medium,Light,South India,5330
SIH-04289,Sikki Craft,Sikki Grass,Hand Weaving,Small,6.2,110,30,45,Low,High,East India,1410
SIH-04290,Blue Pottery,Ceramic,Glazing,Large,5.2,430,50,45,Medium,Standard,West India,1630
SIH-04291,Kalamkari,Cotton,Block Printing,Medium,8.8,350,30,25,Low,Standard,South India,1760
SIH-04292,Pipili Applique,Cotton,Applique,Small,9.9,250,40,60,Low,High,East India,2420
SIH-04293,Madhubani,Paper,Hand Painting,Large,36.8,370,80,120,High,Standard,East India,6310
SIH-04294,Kashmir Walnut Wood Carving,Walnut Wood,Wood Carving,Small,15.1,530,115,100,Low,Standard,North India,4300
SIH-04295,Bastar Dhokra,Bell Metal,Lost Wax Casting,Medium,24.5,2000,195,390,High,Moderate,Central India,8990
SIH-04296,Dhokra,Brass,Lost Wax Casting,Small,10.7,1190,135,210,Low,Standard,Central India,5020
SIH-04297,Bastar Dhokra,Bell Metal,Lost Wax Casting,Small,12.2,1270,195,125,Low,Moderate,Central India,5630
SIH-04298,Kalamkari,Cotton,Block Printing,Medium,8.8,510,30,60,Low,Standard,South India,2220
SIH-04299,Kalamkari,Cotton,Block Printing,Medium,15.7,760,50,115,Medium,Moderate,South India,4210
SIH-04300,Kutch Embroidery,Cotton,Hand Embroidery,Medium,23.0,530,65,140,High,Moderate,West India,6970
SIH-04301,Sikki Craft,Sikki Grass,Hand Weaving,Medium,5.9,160,20,35,Medium,Light,East India,1090
SIH-04302,Sikki Craft,Sikki Grass,Hand Weaving,Medium,7.7,200,50,40,Medium,Standard,East India,1780
SIH-04303,Blue Pottery,Ceramic,Glazing,Small,1.1,100,15,20,Low,Standard,West India,340
SIH-04304,Sandalwood Carving,Sandalwood,Wood Carving,Medium,47.4,3500,395,280,High,Light,South India,17150
SIH-04305,Dhokra,Brass,Lost Wax Casting,Large,18.7,2410,300,310,High,Light,Central India,9010
SIH-04306,Banarasi,Silk,Handloom Weaving,Standard,111.6,4450,720,940,Medium,Standard,North India,41920
SIH-04307,Sandalwood Carving,Sandalwood,Wood Carving,Large,40.0,6610,515,720,High,Light,South India,20920
SIH-04308,Terracotta,Clay,Hand Moulding,Large,2.5,360,25,25,Medium,Standard,East India,900
SIH-04309,Pashmina,Pashmina Wool,Hand Embroidery,Standard,68.2,5100,275,465,Medium,Standard,North India,22010
SIH-04310,Dhokra,Brass,Lost Wax Casting,Small,14.3,1200,130,195,Low,Standard,Central India,5700
SIH-04311,Channapatna,Wood,Lac Turning,Medium,4.4,250,35,35,Low,Standard,South India,1270
SIH-04312,Moradabad Metal Craft,Brass,Metal Engraving,Small,8.4,1190,135,180,Low,Light,North India,4020
SIH-04313,Sandalwood Carving,Sandalwood,Wood Carving,Large,33.4,4550,400,485,High,Light,South India,17310
SIH-04314,Kashmir Walnut Wood Carving,Walnut Wood,Wood Carving,Large,34.0,2600,235,250,High,Standard,North India,12920
SIH-04315,Kondapalli Toys,Soft Wood,Hand Painting,Small,2.2,120,15,20,Low,Standard,South India,600
SIH-04316,Channapatna,Wood,Lac Turning,Small,4.7,150,20,40,Low,Moderate,South India,1240
SIH-04317,Sikki Craft,Sikki Grass,Hand Weaving,Small,4.3,110,30,25,Low,Light,East India,1120
SIH-04318,Bastar Dhokra,Bell Metal,Lost Wax Casting,Large,15.8,2250,230,210,High,Light,Central India,7370
SIH-04319,Thanjavur Painting,Wood,Gold Leaf Work,Large,49.3,3750,580,345,High,Standard,South India,22500
SIH-04320,Madhubani,Paper,Hand Painting,Small,15.0,190,70,50,Low,Standard,East India,3180
SIH-04321,Thanjavur Painting,Wood,Gold Leaf Work,Large,40.0,5810,395,505,High,Light,South India,28170
SIH-04322,Sandalwood Carving,Sandalwood,Wood Carving,Medium,32.1,3370,270,460,Medium,Standard,South India,16320
SIH-04323,Channapatna,Wood,Lac Turning,Small,5.1,100,30,25,Low,High,South India,1090
SIH-04324,Kalamkari,Cotton,Block Printing,Medium,15.3,700,35,75,Low,Light,South India,3410
SIH-04325,Blue Pottery,Ceramic,Glazing,Large,5.5,330,65,40,Medium,Light,West India,1470
SIH-04326,Banarasi,Silk,Handloom Weaving,Standard,50.6,4840,165,220,Medium,Standard,North India,21780
SIH-04327,Sandalwood Carving,Sandalwood,Wood Carving,Large,60.9,3090,335,665,High,Standard,South India,24480
SIH-04328,Channapatna,Wood,Lac Turning,Small,4.2,160,25,50,Low,Moderate,South India,1290
SIH-04329,Blue Pottery,Ceramic,Glazing,Medium,1.4,230,20,20,Low,Light,West India,580
SIH-04330,Dhokra,Brass,Lost Wax Casting,Medium,17.4,830,190,140,Medium,Light,Central India,5710
SIH-04331,Blue Pottery,Ceramic,Glazing,Small,0.9,90,15,20,Low,Standard,West India,330
SIH-04332,Kondapalli Toys,Soft Wood,Hand Painting,Small,4.3,140,20,40,Low,Moderate,South India,1240
SIH-04333,Madhubani,Paper,Hand Painting,Medium,35.5,180,135,165,Medium,Moderate,East India,6710
SIH-04334,Banarasi,Silk,Handloom Weaving,Standard,56.1,4640,345,265,High,Moderate,North India,20130
SIH-04335,Thanjavur Painting,Wood,Gold Leaf Work,Small,23.0,2300,175,455,Medium,Light,South India,13050
SIH-04336,Channapatna,Wood,Lac Turning,Medium,3.3,90,20,20,Low,Standard,South India,640
SIH-04337,Kutch Embroidery,Cotton,Hand Embroidery,Large,13.5,860,65,115,High,Moderate,West India,4750
SIH-04338,Pashmina,Pashmina Wool,Hand Embroidery,Standard,83.4,3740,445,665,Medium,Light,North India,34290
SIH-04339,Sandalwood Carving,Sandalwood,Wood Carving,Small,13.1,1520,85,210,Medium,Light,South India,7620
SIH-04340,Phulkari,Cotton,Hand Embroidery,Standard,38.2,640,155,110,High,Moderate,North India,9080
SIH-04341,Kondapalli Toys,Soft Wood,Hand Painting,Medium,8.0,200,45,50,Medium,High,South India,2050
SIH-04342,Sikki Craft,Sikki Grass,Hand Weaving,Medium,5.7,110,20,25,Medium,Light,East India,1000
SIH-04343,Phulkari,Cotton,Hand Embroidery,Standard,44.3,650,105,190,Medium,Standard,North India,10770
SIH-04344,Sandalwood Carving,Sandalwood,Wood Carving,Medium,41.1,4290,230,565,High,Moderate,South India,18180
SIH-04345,Pipili Applique,Cotton,Applique,Large,9.4,290,35,50,Medium,Standard,East India,2070
SIH-04346,Thanjavur Painting,Wood,Gold Leaf Work,Large,65.6,2430,710,520,High,Standard,South India,28430
SIH-04347,Blue Pottery,Ceramic,Glazing,Large,6.3,320,75,95,Medium,Light,West India,1960
SIH-04348,Dhokra,Brass,Lost Wax Casting,Medium,10.0,1880,125,165,Medium,Light,Central India,5110
SIH-04349,Bastar Dhokra,Bell Metal,Lost Wax Casting,Small,11.0,1060,110,160,Medium,Moderate,Central India,3670
SIH-04350,Channapatna,Wood,Lac Turning,Small,4.2,140,20,30,Low,High,South India,1190
SIH-04351,Sandalwood Carving,Sandalwood,Wood Carving,Small,20.9,2170,205,240,Low,Light,South India,8660
SIH-04352,Banarasi,Silk,Handloom Weaving,Standard,124.1,6490,550,660,High,Moderate,North India,36280
SIH-04353,Pipili Applique,Cotton,Applique,Medium,10.5,240,30,30,Low,Standard,East India,1880
SIH-04354,Blue Pottery,Ceramic,Glazing,Large,2.8,430,20,35,Medium,Light,West India,1210
SIH-04355,Blue Pottery,Ceramic,Glazing,Large,3.1,340,40,50,Medium,Standard,West India,1010
SIH-04356,Bastar Dhokra,Bell Metal,Lost Wax Casting,Large,54.2,1970,325,520,High,High,Central India,15960
SIH-04357,Phulkari,Cotton,Hand Embroidery,Standard,9.2,790,60,50,Medium,Moderate,North India,3690
SIH-04358,Pashmina,Pashmina Wool,Hand Embroidery,Standard,57.8,7060,295,500,Medium,Light,North India,26620
SIH-04359,Kalamkari,Cotton,Block Printing,Large,6.5,550,35,35,Medium,Standard,South India,2020
SIH-04360,Dhokra,Brass,Lost Wax Casting,Small,10.0,1050,120,105,Low,Standard,Central India,4220
SIH-04361,Kutch Embroidery,Cotton,Hand Embroidery,Large,18.7,450,85,80,High,High,West India,4320
SIH-04362,Channapatna,Wood,Lac Turning,Small,3.6,140,25,30,Low,High,South India,1070
SIH-04363,Sandalwood Carving,Sandalwood,Wood Carving,Medium,22.5,3530,170,240,Medium,Standard,South India,11590
SIH-04364,Blue Pottery,Ceramic,Glazing,Large,4.0,410,55,50,Medium,Moderate,West India,1540
SIH-04365,Blue Pottery,Ceramic,Glazing,Medium,5.0,200,50,65,Low,High,West India,1300
SIH-04366,Channapatna,Wood,Lac Turning,Large,8.0,260,25,30,Medium,Standard,South India,1460
SIH-04367,Channapatna,Wood,Lac Turning,Small,3.8,120,20,40,Low,Moderate,South India,1020
SIH-04368,Thanjavur Painting,Wood,Gold Leaf Work,Small,33.5,1980,285,275,Medium,Moderate,South India,14840
SIH-04369,Thanjavur Painting,Wood,Gold Leaf Work,Large,59.6,4980,655,695,High,Light,South India,26640
SIH-04370,Terracotta,Clay,Hand Moulding,Small,3.3,180,25,50,Low,Standard,East India,880
SIH-04371,Terracotta,Clay,Hand Moulding,Small,4.2,100,30,35,Low,Standard,East India,840
SIH-04372,Pashmina,Pashmina Wool,Hand Embroidery,Standard,52.1,6010,415,345,High,Light,North India,25540
SIH-04373,Kondapalli Toys,Soft Wood,Hand Painting,Medium,7.1,300,25,40,Low,Light,South India,1930
SIH-04374,Kondapalli Toys,Soft Wood,Hand Painting,Medium,4.1,270,15,55,Medium,Standard,South India,1220
SIH-04375,Kutch Embroidery,Cotton,Hand Embroidery,Large,23.4,710,105,140,High,Standard,West India,6130
SIH-04376,Pipili Applique,Cotton,Applique,Small,7.6,210,20,35,Low,High,East India,1810
SIH-04377,Sikki Craft,Sikki Grass,Hand Weaving,Medium,5.9,100,15,35,Medium,Standard,East India,870
SIH-04378,Terracotta,Clay,Hand Moulding,Medium,1.3,150,15,20,Low,Moderate,East India,430
SIH-04379,Moradabad Metal Craft,Brass,Metal Engraving,Medium,4.4,1860,60,105,Medium,Standard,North India,3790
SIH-04380,Banarasi,Silk,Handloom Weaving,Standard,77.9,5540,455,475,High,High,North India,30020
SIH-04381,Moradabad Metal Craft,Brass,Metal Engraving,Large,31.8,2150,305,445,High,Moderate,North India,11530
SIH-04382,Kondapalli Toys,Soft Wood,Hand Painting,Medium,9.3,260,55,80,Medium,Moderate,South India,2720
SIH-04383,Blue Pottery,Ceramic,Glazing,Large,4.9,350,45,50,Medium,Standard,West India,1260
SIH-04384,Pashmina,Pashmina Wool,Hand Embroidery,Standard,58.7,4490,135,225,Medium,Light,North India,20160
SIH-04385,Channapatna,Wood,Lac Turning,Medium,2.1,160,20,25,Low,Moderate,South India,670
SIH-04386,Kalamkari,Cotton,Block Printing,Medium,2.6,350,15,25,Low,Standard,South India,1000
SIH-04387,Thanjavur Painting,Wood,Gold Leaf Work,Small,18.2,2490,135,400,Medium,Light,South India,12900
SIH-04388,Madhubani,Paper,Hand Painting,Medium,25.3,120,95,120,Low,Standard,East India,5040
SIH-04389,Moradabad Metal Craft,Brass,Metal Engraving,Medium,20.2,1290,105,150,Medium,Standard,North India,6250
SIH-04390,Sikki Craft,Sikki Grass,Hand Weaving,Medium,3.4,110,20,20,Low,Standard,East India,820
SIH-04391,Kalamkari,Cotton,Block Printing,Medium,6.8,540,20,40,Low,Moderate,South India,1800
SIH-04392,Blue Pottery,Ceramic,Glazing,Medium,4.1,240,40,55,Low,Light,West India,1240
SIH-04393,Kashmir Walnut Wood Carving,Walnut Wood,Wood Carving,Large,31.6,1700,275,230,High,Standard,North India,11110
SIH-04394,Sikki Craft,Sikki Grass,Hand Weaving,Large,8.8,230,50,35,High,Standard,East India,1930
SIH-04395,Moradabad Metal Craft,Brass,Metal Engraving,Medium,20.1,1540,180,215,Medium,Standard,North India,6490
SIH-04396,Kutch Embroidery,Cotton,Hand Embroidery,Medium,17.6,270,80,130,Medium,Standard,West India,5130
SIH-04397,Madhubani,Paper,Hand Painting,Medium,7.4,190,15,25,Medium,Light,East India,1650
SIH-04398,Banarasi,Silk,Handloom Weaving,Standard,87.1,6090,460,335,Medium,Standard,North India,35740
SIH-04399,Thanjavur Painting,Wood,Gold Leaf Work,Large,56.9,4160,480,830,High,Moderate,South India,29500
SIH-04400,Blue Pottery,Ceramic,Glazing,Small,4.2,160,30,30,Low,High,West India,1160
SIH-04401,Kalamkari,Cotton,Block Printing,Small,5.6,270,15,25,Low,Standard,South India,1330
SIH-04402,Kutch Embroidery,Cotton,Hand Embroidery,Large,18.1,680,40,120,High,High,West India,4610
SIH-04403,Thanjavur Painting,Wood,Gold Leaf Work,Large,36.0,3070,320,525,High,Moderate,South India,19410
SIH-04404,Kashmir Walnut Wood Carving,Walnut Wood,Wood Carving,Small,12.5,770,65,125,Low,Light,North India,4710
SIH-04405,Sikki Craft,Sikki Grass,Hand Weaving,Large,6.2,260,35,40,High,Light,East India,1460
SIH-04406,Banarasi,Silk,Handloom Weaving,Standard,98.2,6340,640,570,Medium,Standard,North India,42290
SIH-04407,Blue Pottery,Ceramic,Glazing,Medium,4.5,240,30,40,Low,Standard,West India,1280
SIH-04408,Moradabad Metal Craft,Brass,Metal Engraving,Large,19.5,1090,180,350,High,Standard,North India,7020
SIH-04409,Blue Pottery,Ceramic,Glazing,Small,0.7,180,15,20,Low,Light,West India,420
SIH-04410,Moradabad Metal Craft,Brass,Metal Engraving,Large,34.3,2010,355,305,High,Standard,North India,11730
SIH-04411,Banarasi,Silk,Handloom Weaving,Standard,177.5,3460,390,875,High,High,North India,50370
SIH-04412,Blue Pottery,Ceramic,Glazing,Small,3.0,200,40,45,Low,Standard,West India,1090
SIH-04413,Terracotta,Clay,Hand Moulding,Large,2.2,300,35,25,Low,Standard,East India,890
SIH-04414,Pipili Applique,Cotton,Applique,Small,4.9,150,15,30,Low,Standard,East India,980
SIH-04415,Kondapalli Toys,Soft Wood,Hand Painting,Medium,4.8,310,15,40,Medium,Standard,South India,1230
SIH-04416,Kalamkari,Cotton,Block Printing,Medium,8.2,650,55,40,Medium,High,South India,2980
SIH-04417,Pashmina,Pashmina Wool,Hand Embroidery,Standard,65.3,6760,260,375,Medium,Standard,North India,29020
SIH-04418,Kashmir Walnut Wood Carving,Walnut Wood,Wood Carving,Medium,41.0,1800,240,410,High,Moderate,North India,13330
SIH-04419,Kutch Embroidery,Cotton,Hand Embroidery,Large,32.7,720,70,135,High,Moderate,West India,7310
SIH-04420,Thanjavur Painting,Wood,Gold Leaf Work,Large,56.5,3590,690,780,High,Moderate,South India,28350
SIH-04421,Moradabad Metal Craft,Brass,Metal Engraving,Large,19.3,2580,335,275,High,Standard,North India,10120
SIH-04422,Madhubani,Paper,Hand Painting,Medium,18.3,170,75,110,Medium,Moderate,East India,4490
SIH-04423,Thanjavur Painting,Wood,Gold Leaf Work,Small,38.2,1510,315,290,Medium,High,South India,15350
SIH-04424,Kalamkari,Cotton,Block Printing,Medium,3.7,420,15,30,Low,Standard,South India,1220
SIH-04425,Banarasi,Silk,Handloom Weaving,Standard,76.2,2990,325,400,Medium,Standard,North India,21590
SIH-04426,Channapatna,Wood,Lac Turning,Small,4.8,120,20,45,Low,Moderate,South India,1230
SIH-04427,Madhubani,Paper,Hand Painting,Small,7.9,90,25,40,Low,Standard,East India,1750
SIH-04428,Kashmir Walnut Wood Carving,Walnut Wood,Wood Carving,Small,31.8,1130,155,310,Medium,High,North India,11020
SIH-04429,Blue Pottery,Ceramic,Glazing,Large,9.5,260,95,110,Medium,Moderate,West India,2560
SIH-04430,Kashmir Walnut Wood Carving,Walnut Wood,Wood Carving,Large,77.2,1940,520,530,High,Moderate,North India,20900
SIH-04431,Bastar Dhokra,Bell Metal,Lost Wax Casting,Small,18.2,1350,100,120,Medium,High,Central India,5380
SIH-04432,Blue Pottery,Ceramic,Glazing,Large,3.4,370,50,60,Medium,Light,West India,1430
SIH-04433,Blue Pottery,Ceramic,Glazing,Small,3.2,220,30,40,Low,High,West India,1140
SIH-04434,Thanjavur Painting,Wood,Gold Leaf Work,Small,28.3,1810,185,210,Medium,Moderate,South India,11880
SIH-04435,Channapatna,Wood,Lac Turning,Large,7.8,240,60,40,Low,Standard,South India,1840
SIH-04436,Moradabad Metal Craft,Brass,Metal Engraving,Small,8.8,810,80,155,Low,Standard,North India,3650
SIH-04437,Thanjavur Painting,Wood,Gold Leaf Work,Medium,60.1,3170,375,765,High,Moderate,South India,29950
SIH-04438,Kondapalli Toys,Soft Wood,Hand Painting,Large,8.6,340,45,90,Medium,Standard,South India,2200
SIH-04439,Banarasi,Silk,Handloom Weaving,Standard,87.4,5820,295,350,High,Standard,North India,29820
SIH-04440,Kalamkari,Cotton,Block Printing,Small,7.5,270,20,50,Low,Standard,South India,1820
SIH-04441,Kalamkari,Cotton,Block Printing,Small,3.8,240,15,20,Low,Standard,South India,1260
SIH-04442,Pipili Applique,Cotton,Applique,Large,8.9,670,45,60,High,Light,East India,2910
SIH-04443,Blue Pottery,Ceramic,Glazing,Small,1.2,170,15,20,Low,Standard,West India,490
SIH-04444,Blue Pottery,Ceramic,Glazing,Small,3.4,210,20,50,Low,Moderate,West India,1160
SIH-04445,Moradabad Metal Craft,Brass,Metal Engraving,Medium,12.7,1460,85,140,Medium,Standard,North India,4770
SIH-04446,Sikki Craft,Sikki Grass,Hand Weaving,Small,1.8,140,15,20,Low,Standard,East India,540
SIH-04447,Pashmina,Pashmina Wool,Hand Embroidery,Standard,132.7,5180,680,700,High,Moderate,North India,46020
SIH-04448,Madhubani,Paper,Hand Painting,Medium,19.5,140,85,85,Medium,Standard,East India,4700
SIH-04449,Kashmir Walnut Wood Carving,Walnut Wood,Wood Carving,Small,20.4,550,95,160,Medium,High,North India,7020
SIH-04450,Dhokra,Brass,Lost Wax Casting,Large,18.1,1780,185,270,High,Light,Central India,6630
SIH-04451,Blue Pottery,Ceramic,Glazing,Medium,4.4,200,45,65,Low,Moderate,West India,1260
SIH-04452,Sandalwood Carving,Sandalwood,Wood Carving,Large,77.6,2070,340,500,High,High,South India,22850
SIH-04453,Sandalwood Carving,Sandalwood,Wood Carving,Small,16.1,1860,95,195,Medium,Moderate,South India,6990
SIH-04454,Pashmina,Pashmina Wool,Hand Embroidery,Standard,100.8,6340,455,665,High,Moderate,North India,37250
SIH-04455,Channapatna,Wood,Lac Turning,Large,5.4,380,30,55,Medium,Standard,South India,1560
SIH-04456,Pipili Applique,Cotton,Applique,Large,20.5,480,55,95,High,Standard,East India,3870
SIH-04457,Pashmina,Pashmina Wool,Hand Embroidery,Standard,76.2,8690,305,705,Medium,Light,North India,40090
SIH-04458,Thanjavur Painting,Wood,Gold Leaf Work,Small,47.4,1420,485,390,Medium,Light,South India,25280
SIH-04459,Thanjavur Painting,Wood,Gold Leaf Work,Medium,52.3,2980,720,625,High,Moderate,South India,28610
SIH-04460,Pipili Applique,Cotton,Applique,Small,8.8,240,30,45,Low,Standard,East India,2030
SIH-04461,Kalamkari,Cotton,Block Printing,Small,1.6,380,20,20,Low,Light,South India,970
SIH-04462,Pipili Applique,Cotton,Applique,Small,6.5,160,20,30,Low,Standard,East India,1180
SIH-04463,Kashmir Walnut Wood Carving,Walnut Wood,Wood Carving,Large,38.2,1560,350,305,High,Moderate,North India,14110
SIH-04464,Dhokra,Brass,Lost Wax Casting,Medium,23.9,2140,240,260,High,High,Central India,8910
SIH-04465,Sikki Craft,Sikki Grass,Hand Weaving,Large,15.2,160,70,55,High,Standard,East India,2920
SIH-04466,Channapatna,Wood,Lac Turning,Medium,4.5,130,25,25,Low,Light,South India,1080
SIH-04467,Phulkari,Cotton,Hand Embroidery,Standard,38.0,740,80,240,High,Moderate,North India,8580
SIH-04468,Moradabad Metal Craft,Brass,Metal Engraving,Small,5.3,900,85,90,Low,Standard,North India,2310
SIH-04469,Dhokra,Brass,Lost Wax Casting,Small,3.9,1090,70,115,Medium,Moderate,Central India,2920
SIH-04470,Moradabad Metal Craft,Brass,Metal Engraving,Medium,21.1,1770,185,365,Medium,Moderate,North India,7190
SIH-04471,Kondapalli Toys,Soft Wood,Hand Painting,Medium,1.9,350,20,25,Medium,Light,South India,910
SIH-04472,Blue Pottery,Ceramic,Glazing,Small,3.7,170,40,45,Low,High,West India,1180
SIH-04473,Blue Pottery,Ceramic,Glazing,Large,8.7,360,100,75,Medium,Standard,West India,2200
SIH-04474,Kutch Embroidery,Cotton,Hand Embroidery,Medium,23.0,620,95,125,Medium,Light,West India,5740
SIH-04475,Blue Pottery,Ceramic,Glazing,Medium,1.7,250,30,35,Low,Standard,West India,750
SIH-04476,Phulkari,Cotton,Hand Embroidery,Standard,45.2,630,140,130,Medium,Standard,North India,8320
SIH-04477,Pipili Applique,Cotton,Applique,Medium,6.0,180,15,25,Low,Standard,East India,1430
SIH-04478,Kutch Embroidery,Cotton,Hand Embroidery,Small,10.3,240,50,50,Medium,Moderate,West India,2960
SIH-04479,Sandalwood Carving,Sandalwood,Wood Carving,Small,11.3,2590,115,255,Medium,Moderate,South India,7200
SIH-04480,Pashmina,Pashmina Wool,Hand Embroidery,Standard,42.1,5040,325,470,Medium,Standard,North India,22620
SIH-04481,Sandalwood Carving,Sandalwood,Wood Carving,Medium,22.1,2880,220,295,High,Moderate,South India,10410
SIH-04482,Kondapalli Toys,Soft Wood,Hand Painting,Small,2.0,220,20,25,Low,Standard,South India,800
SIH-04483,Sikki Craft,Sikki Grass,Hand Weaving,Large,10.2,250,40,75,High,Standard,East India,2040
SIH-04484,Dhokra,Brass,Lost Wax Casting,Medium,23.9,610,235,180,Medium,Light,Central India,7840
SIH-04485,Sikki Craft,Sikki Grass,Hand Weaving,Large,10.3,180,45,70,Medium,Standard,East India,1800
SIH-04486,Pipili Applique,Cotton,Applique,Large,4.8,410,30,25,High,Standard,East India,1400
SIH-04487,Pipili Applique,Cotton,Applique,Small,2.9,190,15,20,Low,Standard,East India,780
SIH-04488,Channapatna,Wood,Lac Turning,Small,3.8,180,35,30,Low,Moderate,South India,1170
SIH-04489,Madhubani,Paper,Hand Painting,Medium,16.9,200,45,65,Medium,Moderate,East India,3510
SIH-04490,Phulkari,Cotton,Hand Embroidery,Standard,38.6,500,110,295,Medium,Light,North India,10710
SIH-04491,Banarasi,Silk,Handloom Weaving,Standard,75.1,4220,420,525,High,Standard,North India,28020
SIH-04492,Phulkari,Cotton,Hand Embroidery,Standard,43.3,470,175,250,High,Moderate,North India,10780
SIH-04493,Dhokra,Brass,Lost Wax Casting,Large,29.3,3660,335,450,High,Standard,Central India,10630
SIH-04494,Blue Pottery,Ceramic,Glazing,Large,6.7,310,45,60,Medium,Light,West India,1420
SIH-04495,Bastar Dhokra,Bell Metal,Lost Wax Casting,Medium,18.0,1400,195,245,Medium,Standard,Central India,6960
SIH-04496,Blue Pottery,Ceramic,Glazing,Small,2.0,100,15,20,Low,Standard,West India,410
SIH-04497,Kutch Embroidery,Cotton,Hand Embroidery,Large,37.8,660,90,170,High,Standard,West India,8810
SIH-04498,Channapatna,Wood,Lac Turning,Medium,1.4,170,15,20,Low,Standard,South India,460
SIH-04499,Madhubani,Paper,Hand Painting,Medium,25.7,250,65,105,Medium,Standard,East India,6680
SIH-04500,Pipili Applique,Cotton,Applique,Medium,9.9,310,20,25,Low,Standard,East India,1810
SIH-04501,Kondapalli Toys,Soft Wood,Hand Painting,Medium,4.3,200,25,20,Medium,Moderate,South India,1050
SIH-04502,Channapatna,Wood,Lac Turning,Large,3.7,180,15,20,Medium,Moderate,South India,800
SIH-04503,Kondapalli Toys,Soft Wood,Hand Painting,Medium,2.3,310,20,30,Low,Light,South India,890
SIH-04504,Madhubani,Paper,Hand Painting,Medium,21.1,170,60,75,Low,Standard,East India,5200
SIH-04505,Blue Pottery,Ceramic,Glazing,Medium,7.0,270,65,50,Medium,High,West India,1850
SIH-04506,Kondapalli Toys,Soft Wood,Hand Painting,Small,5.6,250,35,30,Low,Moderate,South India,1720
SIH-04507,Phulkari,Cotton,Hand Embroidery,Standard,20.9,570,100,60,Medium,Light,North India,5020
SIH-04508,Kutch Embroidery,Cotton,Hand Embroidery,Medium,32.0,420,90,115,High,High,West India,6300
SIH-04509,Banarasi,Silk,Handloom Weaving,Standard,113.7,6820,555,1100,High,Standard,North India,45990
SIH-04510,Moradabad Metal Craft,Brass,Metal Engraving,Small,7.3,510,65,80,Low,Standard,North India,2420
SIH-04511,Bastar Dhokra,Bell Metal,Lost Wax Casting,Small,10.2,1080,110,215,Low,Light,Central India,4630
SIH-04512,Phulkari,Cotton,Hand Embroidery,Standard,47.1,510,205,245,High,Moderate,North India,11700
SIH-04513,Phulkari,Cotton,Hand Embroidery,Standard,21.3,520,70,85,High,Light,North India,6620
SIH-04514,Thanjavur Painting,Wood,Gold Leaf Work,Large,41.3,3640,550,450,High,Moderate,South India,24510
SIH-04515,Blue Pottery,Ceramic,Glazing,Medium,1.8,160,15,20,Low,Standard,West India,560
SIH-04516,Madhubani,Paper,Hand Painting,Medium,19.1,110,30,50,Low,Light,East India,2860
SIH-04517,Moradabad Metal Craft,Brass,Metal Engraving,Medium,15.2,1290,155,245,Medium,Light,North India,5910
SIH-04518,Blue Pottery,Ceramic,Glazing,Medium,1.9,250,15,35,Low,Standard,West India,740
SIH-04519,Channapatna,Wood,Lac Turning,Large,8.3,260,35,45,Medium,Moderate,South India,2030
SIH-04520,Phulkari,Cotton,Hand Embroidery,Standard,38.2,620,75,135,Medium,Light,North India,8490
SIH-04521,Kondapalli Toys,Soft Wood,Hand Painting,Small,1.3,100,15,20,Low,Standard,South India,400
SIH-04522,Pashmina,Pashmina Wool,Hand Embroidery,Standard,87.6,3500,560,705,Medium,Standard,North India,32340
SIH-04523,Moradabad Metal Craft,Brass,Metal Engraving,Large,25.0,980,115,300,High,Light,North India,6490
SIH-04524,Sandalwood Carving,Sandalwood,Wood Carving,Medium,50.5,2690,445,625,Medium,Moderate,South India,19510
SIH-04525,Moradabad Metal Craft,Brass,Metal Engraving,Small,16.0,950,70,105,Medium,Moderate,North India,4210
SIH-04526,Dhokra,Brass,Lost Wax Casting,Medium,15.2,1290,110,150,High,Moderate,Central India,6150
SIH-04527,Kondapalli Toys,Soft Wood,Hand Painting,Large,11.8,260,60,70,High,Light,South India,2590
SIH-04528,Sandalwood Carving,Sandalwood,Wood Carving,Small,18.7,2300,150,360,Low,Moderate,South India,10940
SIH-04529,Pipili Applique,Cotton,Applique,Medium,6.9,270,30,40,Low,Standard,East India,1730
SIH-04530,Pashmina,Pashmina Wool,Hand Embroidery,Standard,39.3,7810,220,400,Medium,Standard,North India,21710
SIH-04531,Kalamkari,Cotton,Block Printing,Small,6.9,270,20,25,Low,Standard,South India,1760
SIH-04532,Channapatna,Wood,Lac Turning,Medium,2.2,160,15,20,Low,Standard,South India,580
SIH-04533,Moradabad Metal Craft,Brass,Metal Engraving,Large,25.9,3070,240,255,High,Light,North India,10770
SIH-04534,Kutch Embroidery,Cotton,Hand Embroidery,Small,16.2,330,70,95,Low,Standard,West India,4340
SIH-04535,Banarasi,Silk,Handloom Weaving,Standard,69.6,5420,250,640,Medium,Light,North India,32160
SIH-04536,Kondapalli Toys,Soft Wood,Hand Painting,Medium,4.8,220,40,30,Medium,Light,South India,1310
SIH-04537,Dhokra,Brass,Lost Wax Casting,Large,12.8,2100,185,330,High,High,Central India,7510
SIH-04538,Thanjavur Painting,Wood,Gold Leaf Work,Small,29.8,2550,360,285,Medium,Standard,South India,15990
SIH-04539,Moradabad Metal Craft,Brass,Metal Engraving,Small,8.5,900,100,145,Low,Standard,North India,3720
SIH-04540,Moradabad Metal Craft,Brass,Metal Engraving,Large,31.9,920,285,195,High,Standard,North India,8330
SIH-04541,Terracotta,Clay,Hand Moulding,Small,4.7,170,40,50,Low,High,East India,1030
SIH-04542,Sikki Craft,Sikki Grass,Hand Weaving,Large,9.2,330,30,45,High,Standard,East India,2120
SIH-04543,Thanjavur Painting,Wood,Gold Leaf Work,Large,79.5,2470,530,855,High,High,South India,29130
SIH-04544,Moradabad Metal Craft,Brass,Metal Engraving,Small,4.6,960,75,75,Low,Standard,North India,2640
SIH-04545,Blue Pottery,Ceramic,Glazing,Medium,1.3,250,20,30,Low,Moderate,West India,590
SIH-04546,Madhubani,Paper,Hand Painting,Medium,14.2,270,65,100,Low,Standard,East India,4280
SIH-04547,Channapatna,Wood,Lac Turning,Medium,4.2,170,35,20,Low,Standard,South India,1130
SIH-04548,Sandalwood Carving,Sandalwood,Wood Carving,Small,11.5,2580,170,205,Medium,Light,South India,8750
SIH-04549,Dhokra,Brass,Lost Wax Casting,Large,16.3,1630,215,330,High,Moderate,Central India,7940
SIH-04550,Terracotta,Clay,Hand Moulding,Large,8.0,260,35,65,Medium,Light,East India,1780
SIH-04551,Terracotta,Clay,Hand Moulding,Small,0.7,110,15,20,Low,Light,East India,330
SIH-04552,Thanjavur Painting,Wood,Gold Leaf Work,Small,14.8,2770,290,370,Medium,Standard,South India,12070
SIH-04553,Channapatna,Wood,Lac Turning,Medium,4.6,140,30,50,Low,Standard,South India,1190
SIH-04554,Moradabad Metal Craft,Brass,Metal Engraving,Small,9.8,930,100,110,Low,Light,North India,3570
SIH-04555,Banarasi,Silk,Handloom Weaving,Standard,104.7,4010,360,620,Medium,Standard,North India,28930
SIH-04556,Pipili Applique,Cotton,Applique,Small,4.3,320,15,25,Low,Light,East India,1390
SIH-04557,Terracotta,Clay,Hand Moulding,Large,7.8,190,30,50,Medium,Light,East India,1480
SIH-04558,Sandalwood Carving,Sandalwood,Wood Carving,Large,22.3,5490,325,245,High,Moderate,South India,15650
SIH-04559,Kondapalli Toys,Soft Wood,Hand Painting,Small,4.4,230,40,30,Low,Standard,South India,1230
SIH-04560,Blue Pottery,Ceramic,Glazing,Small,3.9,210,35,35,Low,Moderate,West India,1220
SIH-04561,Blue Pottery,Ceramic,Glazing,Large,4.0,290,40,45,Medium,Standard,West India,1130
SIH-04562,Pipili Applique,Cotton,Applique,Large,13.8,320,45,65,Medium,Standard,East India,2650
SIH-04563,Terracotta,Clay,Hand Moulding,Medium,2.9,230,20,40,Low,Standard,East India,790
SIH-04564,Terracotta,Clay,Hand Moulding,Medium,3.6,150,30,40,Low,Standard,East India,820
SIH-04565,Madhubani,Paper,Hand Painting,Large,32.1,470,75,125,Medium,Standard,East India,6150
SIH-04566,Kondapalli Toys,Soft Wood,Hand Painting,Small,3.5,160,15,40,Low,Standard,South India,1150
SIH-04567,Kondapalli Toys,Soft Wood,Hand Painting,Small,1.1,190,15,20,Low,Standard,South India,570
SIH-04568,Phulkari,Cotton,Hand Embroidery,Standard,38.8,710,135,220,Medium,Light,North India,11630
SIH-04569,Blue Pottery,Ceramic,Glazing,Medium,1.4,280,25,30,Low,Standard,West India,740
SIH-04570,Blue Pottery,Ceramic,Glazing,Small,2.8,190,30,40,Low,Standard,West India,950
SIH-04571,Kalamkari,Cotton,Block Printing,Small,8.5,290,25,55,Low,Standard,South India,2360
SIH-04572,Bastar Dhokra,Bell Metal,Lost Wax Casting,Large,39.3,2550,500,660,High,High,Central India,15380
SIH-04573,Thanjavur Painting,Wood,Gold Leaf Work,Small,35.2,1840,165,420,Medium,Moderate,South India,13920
SIH-04574,Dhokra,Brass,Lost Wax Casting,Medium,14.9,1560,180,185,Medium,Light,Central India,6280
SIH-04575,Kalamkari,Cotton,Block Printing,Medium,15.3,490,85,75,Low,Standard,South India,4620
SIH-04576,Pipili Applique,Cotton,Applique,Large,20.5,420,45,65,Medium,Standard,East India,3480
SIH-04577,Kondapalli Toys,Soft Wood,Hand Painting,Small,2.9,190,25,30,Low,Standard,South India,900
SIH-04578,Channapatna,Wood,Lac Turning,Small,4.6,130,25,30,Low,Moderate,South India,1120
SIH-04579,Blue Pottery,Ceramic,Glazing,Small,0.9,150,15,20,Low,Standard,West India,440
SIH-04580,Terracotta,Clay,Hand Moulding,Large,12.0,210,100,75,Medium,Light,East India,2690
SIH-04581,Blue Pottery,Ceramic,Glazing,Large,9.0,460,70,80,Medium,High,West India,2460
SIH-04582,Madhubani,Paper,Hand Painting,Small,20.3,120,75,80,Low,Moderate,East India,4320
SIH-04583,Pashmina,Pashmina Wool,Hand Embroidery,Standard,87.7,8280,710,450,High,Moderate,North India,42970
SIH-04584,Blue Pottery,Ceramic,Glazing,Large,4.8,600,75,95,Medium,Standard,West India,2100
SIH-04585,Pipili Applique,Cotton,Applique,Medium,9.6,260,50,35,Low,Standard,East India,2290
SIH-04586,Kondapalli Toys,Soft Wood,Hand Painting,Medium,7.5,260,55,60,Medium,Moderate,South India,2330
SIH-04587,Terracotta,Clay,Hand Moulding,Medium,3.4,150,25,40,Low,Moderate,East India,810
SIH-04588,Sandalwood Carving,Sandalwood,Wood Carving,Medium,17.6,2500,160,165,Medium,Moderate,South India,8860
SIH-04589,Madhubani,Paper,Hand Painting,Medium,18.7,190,45,90,Low,Standard,East India,3700
SIH-04590,Blue Pottery,Ceramic,Glazing,Large,3.1,400,25,60,Medium,Moderate,West India,1200
SIH-04591,Kondapalli Toys,Soft Wood,Hand Painting,Large,11.1,470,70,85,High,Moderate,South India,2690
SIH-04592,Terracotta,Clay,Hand Moulding,Small,1.8,130,20,20,Low,Standard,East India,420
SIH-04593,Madhubani,Paper,Hand Painting,Small,16.6,120,50,95,Low,Light,East India,3730
SIH-04594,Blue Pottery,Ceramic,Glazing,Medium,6.4,170,75,100,Low,High,West India,1880
SIH-04595,Dhokra,Brass,Lost Wax Casting,Large,22.8,2520,255,395,High,Moderate,Central India,11210
SIH-04596,Bastar Dhokra,Bell Metal,Lost Wax Casting,Large,26.2,3850,355,625,High,Light,Central India,13320
SIH-04597,Kutch Embroidery,Cotton,Hand Embroidery,Large,26.3,640,95,170,High,Standard,West India,8000
SIH-04598,Banarasi,Silk,Handloom Weaving,Standard,36.0,5280,135,405,Medium,Standard,North India,18100
SIH-04599,Madhubani,Paper,Hand Painting,Medium,18.8,240,55,65,Low,Standard,East India,3230
SIH-04600,Channapatna,Wood,Lac Turning,Large,5.9,290,50,65,Medium,Moderate,South India,1720
SIH-04601,Madhubani,Paper,Hand Painting,Large,66.9,240,335,275,High,Moderate,East India,16440
SIH-04602,Kutch Embroidery,Cotton,Hand Embroidery,Large,25.5,580,95,125,High,Light,West India,5360
SIH-04603,Kondapalli Toys,Soft Wood,Hand Painting,Small,0.8,220,15,20,Low,Standard,South India,440
SIH-04604,Kutch Embroidery,Cotton,Hand Embroidery,Large,26.7,530,70,95,High,Standard,West India,6260
SIH-04605,Bastar Dhokra,Bell Metal,Lost Wax Casting,Medium,28.6,1050,230,270,High,High,Central India,9400
SIH-04606,Blue Pottery,Ceramic,Glazing,Medium,2.8,230,30,50,Low,Light,West India,910
SIH-04607,Pashmina,Pashmina Wool,Hand Embroidery,Standard,18.7,3920,175,180,Medium,Standard,North India,12200
SIH-04608,Dhokra,Brass,Lost Wax Casting,Medium,12.5,1520,175,125,Medium,Standard,Central India,5470
SIH-04609,Blue Pottery,Ceramic,Glazing,Small,3.8,230,45,35,Low,Light,West India,1260
SIH-04610,Bastar Dhokra,Bell Metal,Lost Wax Casting,Large,16.1,3240,290,220,High,Standard,Central India,8050
SIH-04611,Blue Pottery,Ceramic,Glazing,Small,3.6,240,45,70,Low,Moderate,West India,1240
SIH-04612,Bastar Dhokra,Bell Metal,Lost Wax Casting,Large,30.0,1920,305,390,High,High,Central India,11380
SIH-04613,Kashmir Walnut Wood Carving,Walnut Wood,Wood Carving,Large,56.0,1910,215,505,High,Light,North India,16740
SIH-04614,Moradabad Metal Craft,Brass,Metal Engraving,Large,9.4,1480,80,145,High,Standard,North India,4160
SIH-04615,Banarasi,Silk,Handloom Weaving,Standard,93.7,6510,315,510,High,Moderate,North India,39180
SIH-04616,Pashmina,Pashmina Wool,Hand Embroidery,Standard,44.9,3650,335,470,Medium,Standard,North India,21270
SIH-04617,Bastar Dhokra,Bell Metal,Lost Wax Casting,Large,41.3,2060,505,455,High,High,Central India,14910
SIH-04618,Terracotta,Clay,Hand Moulding,Medium,3.7,170,35,40,Low,Standard,East India,970
SIH-04619,Moradabad Metal Craft,Brass,Metal Engraving,Small,5.1,980,70,50,Low,Light,North India,2390
SIH-04620,Sikki Craft,Sikki Grass,Hand Weaving,Large,7.6,130,35,35,High,Moderate,East India,1780
SIH-04621,Blue Pottery,Ceramic,Glazing,Medium,1.9,240,30,20,Low,Standard,West India,760
SIH-04622,Moradabad Metal Craft,Brass,Metal Engraving,Small,10.7,1160,80,105,Low,Light,North India,5070
SIH-04623,Kalamkari,Cotton,Block Printing,Small,9.2,530,30,35,Low,Standard,South India,2630
SIH-04624,Dhokra,Brass,Lost Wax Casting,Large,19.8,1680,100,220,High,High,Central India,6380
SIH-04625,Channapatna,Wood,Lac Turning,Large,5.5,340,25,40,Medium,Standard,South India,1300
SIH-04626,Kashmir Walnut Wood Carving,Walnut Wood,Wood Carving,Medium,17.5,2330,220,220,High,Standard,North India,9710
SIH-04627,Terracotta,Clay,Hand Moulding,Medium,6.0,180,20,65,Low,Light,East India,1280
SIH-04628,Thanjavur Painting,Wood,Gold Leaf Work,Medium,47.0,2940,700,880,High,Moderate,South India,26950
SIH-04629,Madhubani,Paper,Hand Painting,Medium,15.3,180,70,75,Medium,High,East India,3620
SIH-04630,Phulkari,Cotton,Hand Embroidery,Standard,37.7,660,125,215,High,High,North India,9250
SIH-04631,Terracotta,Clay,Hand Moulding,Medium,3.9,220,25,55,Low,Standard,East India,1060
SIH-04632,Kondapalli Toys,Soft Wood,Hand Painting,Large,3.6,500,20,25,High,Light,South India,1390
SIH-04633,Phulkari,Cotton,Hand Embroidery,Standard,42.0,450,200,280,High,Light,North India,10690
SIH-04634,Dhokra,Brass,Lost Wax Casting,Large,23.2,2830,205,255,High,Standard,Central India,9250
SIH-04635,Thanjavur Painting,Wood,Gold Leaf Work,Medium,28.8,2950,315,485,High,Light,South India,14830
SIH-04636,Channapatna,Wood,Lac Turning,Medium,1.3,260,15,20,Low,Standard,South India,610
SIH-04637,Terracotta,Clay,Hand Moulding,Large,12.9,300,70,125,Medium,Light,East India,2280
SIH-04638,Kutch Embroidery,Cotton,Hand Embroidery,Large,26.3,670,85,215,High,Light,West India,8210
SIH-04639,Sandalwood Carving,Sandalwood,Wood Carving,Large,79.1,1700,470,765,High,Standard,South India,24110
SIH-04640,Blue Pottery,Ceramic,Glazing,Large,7.5,440,75,70,Medium,Light,West India,2150
SIH-04641,Terracotta,Clay,Hand Moulding,Large,2.4,220,15,20,Medium,Standard,East India,640
SIH-04642,Moradabad Metal Craft,Brass,Metal Engraving,Large,20.6,2800,155,300,High,High,North India,9520
SIH-04643,Kutch Embroidery,Cotton,Hand Embroidery,Large,31.5,700,75,215,High,High,West India,8710
SIH-04644,Bastar Dhokra,Bell Metal,Lost Wax Casting,Small,7.8,950,125,145,Low,Standard,Central India,3920
SIH-04645,Kashmir Walnut Wood Carving,Walnut Wood,Wood Carving,Large,39.1,2090,305,275,High,Standard,North India,11590
SIH-04646,Kalamkari,Cotton,Block Printing,Small,2.0,270,15,20,Low,Standard,South India,840
SIH-04647,Kondapalli Toys,Soft Wood,Hand Painting,Small,4.9,130,20,50,Low,Moderate,South India,1460
SIH-04648,Moradabad Metal Craft,Brass,Metal Engraving,Small,8.3,980,115,100,Low,Light,North India,3280
SIH-04649,Madhubani,Paper,Hand Painting,Large,53.3,250,120,310,Medium,Light,East India,11160
SIH-04650,Kashmir Walnut Wood Carving,Walnut Wood,Wood Carving,Small,19.2,670,135,175,Medium,Moderate,North India,6240
SIH-04651,Moradabad Metal Craft,Brass,Metal Engraving,Small,9.2,690,85,125,Low,Light,North India,3680
SIH-04652,Phulkari,Cotton,Hand Embroidery,Standard,32.5,690,165,140,Medium,Standard,North India,8730
SIH-04653,Phulkari,Cotton,Hand Embroidery,Standard,39.6,890,255,280,High,Moderate,North India,13470
SIH-04654,Sandalwood Carving,Sandalwood,Wood Carving,Medium,30.7,2070,335,305,High,Light,South India,14060
SIH-04655,Phulkari,Cotton,Hand Embroidery,Standard,48.1,690,145,260,High,Moderate,North India,11880
SIH-04656,Kalamkari,Cotton,Block Printing,Medium,5.5,330,30,50,Low,Standard,South India,1750
SIH-04657,Dhokra,Brass,Lost Wax Casting,Small,5.4,1000,55,90,Low,Standard,Central India,2750
SIH-04658,Sikki Craft,Sikki Grass,Hand Weaving,Small,4.0,80,25,30,Low,Standard,East India,900
SIH-04659,Pipili Applique,Cotton,Applique,Small,5.1,240,25,25,Low,Moderate,East India,1170
SIH-04660,Thanjavur Painting,Wood,Gold Leaf Work,Medium,51.8,2190,515,535,High,Moderate,South India,26830
SIH-04661,Moradabad Metal Craft,Brass,Metal Engraving,Small,3.1,650,35,55,Low,Standard,North India,1550
SIH-04662,Pipili Applique,Cotton,Applique,Large,17.7,430,45,100,High,Moderate,East India,4270
SIH-04663,Blue Pottery,Ceramic,Glazing,Small,3.9,230,45,35,Low,Light,West India,1280
SIH-04664,Bastar Dhokra,Bell Metal,Lost Wax Casting,Large,30.5,3520,285,465,High,High,Central India,12970
SIH-04665,Bastar Dhokra,Bell Metal,Lost Wax Casting,Medium,23.4,1290,165,270,Medium,Standard,Central India,7840
SIH-04666,Blue Pottery,Ceramic,Glazing,Medium,3.4,290,45,60,Low,Light,West India,1230
SIH-04667,Kalamkari,Cotton,Block Printing,Small,10.2,340,40,80,Low,Moderate,South India,3000
SIH-04668,Kutch Embroidery,Cotton,Hand Embroidery,Small,21.4,370,75,80,Medium,Moderate,West India,5260
SIH-04669,Sandalwood Carving,Sandalwood,Wood Carving,Large,45.3,3030,160,340,High,High,South India,15800
SIH-04670,Bastar Dhokra,Bell Metal,Lost Wax Casting,Large,22.8,3110,260,265,High,Standard,Central India,10810
SIH-04671,Banarasi,Silk,Handloom Weaving,Standard,101.5,4120,465,670,High,Standard,North India,39120
SIH-04672,Bastar Dhokra,Bell Metal,Lost Wax Casting,Small,4.5,1040,60,70,Low,Standard,Central India,2900
SIH-04673,Kalamkari,Cotton,Block Printing,Small,10.7,210,40,25,Low,Moderate,South India,2030
SIH-04674,Kondapalli Toys,Soft Wood,Hand Painting,Large,8.6,380,35,50,Medium,Standard,South India,1940
SIH-04675,Phulkari,Cotton,Hand Embroidery,Standard,34.5,620,150,120,Medium,Light,North India,8230
SIH-04676,Thanjavur Painting,Wood,Gold Leaf Work,Medium,40.1,2640,365,330,High,Light,South India,18280
SIH-04677,Phulkari,Cotton,Hand Embroidery,Standard,41.1,630,105,240,Medium,Light,North India,10260
SIH-04678,Dhokra,Brass,Lost Wax Casting,Small,10.0,1640,115,130,Medium,Moderate,Central India,5010
SIH-04679,Blue Pottery,Ceramic,Glazing,Small,3.5,150,35,30,Low,Moderate,West India,1000
SIH-04680,Moradabad Metal Craft,Brass,Metal Engraving,Large,14.4,2000,220,270,High,Standard,North India,6760
SIH-04681,Terracotta,Clay,Hand Moulding,Small,4.0,150,30,30,Low,Moderate,East India,1000
SIH-04682,Kutch Embroidery,Cotton,Hand Embroidery,Medium,26.9,410,80,135,Medium,Standard,West India,5500
SIH-04683,Terracotta,Clay,Hand Moulding,Small,5.2,160,25,30,Low,Light,East India,1130
SIH-04684,Blue Pottery,Ceramic,Glazing,Medium,5.7,280,40,65,Medium,High,West India,1420
SIH-04685,Sandalwood Carving,Sandalwood,Wood Carving,Small,18.5,2570,185,265,Low,Moderate,South India,11090
SIH-04686,Terracotta,Clay,Hand Moulding,Large,6.0,290,35,40,Medium,Standard,East India,1570
SIH-04687,Blue Pottery,Ceramic,Glazing,Large,3.4,470,25,55,Medium,Standard,West India,1140
SIH-04688,Madhubani,Paper,Hand Painting,Small,19.2,130,45,65,Low,Standard,East India,4350
SIH-04689,Channapatna,Wood,Lac Turning,Large,7.2,370,30,55,Medium,Moderate,South India,2260
SIH-04690,Bastar Dhokra,Bell Metal,Lost Wax Casting,Small,15.0,1540,160,190,Low,Moderate,Central India,7170
SIH-04691,Bastar Dhokra,Bell Metal,Lost Wax Casting,Small,19.6,1330,195,240,Medium,Moderate,Central India,7930
SIH-04692,Kondapalli Toys,Soft Wood,Hand Painting,Large,4.6,370,20,45,Medium,Standard,South India,1410
SIH-04693,Terracotta,Clay,Hand Moulding,Small,5.3,120,35,45,Low,High,East India,1140
SIH-04694,Kalamkari,Cotton,Block Printing,Large,31.6,380,55,90,High,High,South India,6620
SIH-04695,Blue Pottery,Ceramic,Glazing,Small,3.6,280,50,30,Low,High,West India,1130
SIH-04696,Sikki Craft,Sikki Grass,Hand Weaving,Medium,9.8,120,55,55,Medium,Moderate,East India,2280
SIH-04697,Kashmir Walnut Wood Carving,Walnut Wood,Wood Carving,Medium,45.3,1610,145,220,Medium,Moderate,North India,11660
SIH-04698,Terracotta,Clay,Hand Moulding,Medium,4.8,140,25,55,Low,Standard,East India,1140
SIH-04699,Blue Pottery,Ceramic,Glazing,Small,0.9,130,15,20,Low,Standard,West India,360
SIH-04700,Pashmina,Pashmina Wool,Hand Embroidery,Standard,71.2,8650,345,480,Medium,Standard,North India,34760
SIH-04701,Terracotta,Clay,Hand Moulding,Medium,2.3,140,25,20,Low,Moderate,East India,580
SIH-04702,Terracotta,Clay,Hand Moulding,Medium,7.2,230,55,65,Low,Light,East India,1700
SIH-04703,Banarasi,Silk,Handloom Weaving,Standard,90.1,5070,545,655,Medium,Standard,North India,34210
SIH-04704,Moradabad Metal Craft,Brass,Metal Engraving,Medium,21.6,1600,125,375,Medium,Moderate,North India,8680
SIH-04705,Terracotta,Clay,Hand Moulding,Small,3.8,170,20,30,Low,Standard,East India,870
SIH-04706,Madhubani,Paper,Hand Painting,Medium,5.7,250,25,45,Medium,Moderate,East India,1580
SIH-04707,Blue Pottery,Ceramic,Glazing,Large,2.7,370,30,60,Medium,Standard,West India,1110
SIH-04708,Sandalwood Carving,Sandalwood,Wood Carving,Small,9.9,1780,95,185,Low,Standard,South India,6320
SIH-04709,Banarasi,Silk,Handloom Weaving,Standard,124.2,4720,660,580,High,Standard,North India,38310
SIH-04710,Blue Pottery,Ceramic,Glazing,Large,5.5,350,60,95,Medium,Moderate,West India,1880
SIH-04711,Kalamkari,Cotton,Block Printing,Small,7.2,420,40,25,Low,Standard,South India,2060
SIH-04712,Pashmina,Pashmina Wool,Hand Embroidery,Standard,111.0,6110,585,670,Medium,Standard,North India,43810
SIH-04713,Kutch Embroidery,Cotton,Hand Embroidery,Large,24.3,650,145,125,High,Light,West India,6890
SIH-04714,Blue Pottery,Ceramic,Glazing,Small,2.6,270,40,25,Low,Standard,West India,1030
SIH-04715,Kutch Embroidery,Cotton,Hand Embroidery,Medium,22.2,480,75,130,Medium,Standard,West India,6220
SIH-04716,Thanjavur Painting,Wood,Gold Leaf Work,Medium,45.8,4030,405,330,Medium,Standard,South India,20730
SIH-04717,Banarasi,Silk,Handloom Weaving,Standard,61.4,6430,340,335,Medium,Standard,North India,28280
SIH-04718,Dhokra,Brass,Lost Wax Casting,Small,7.4,940,80,95,Low,Standard,Central India,3310
SIH-04719,Madhubani,Paper,Hand Painting,Medium,8.8,260,35,45,Medium,High,East India,1880
SIH-04720,Thanjavur Painting,Wood,Gold Leaf Work,Medium,69.3,2100,665,480,High,Standard,South India,28160
SIH-04721,Kalamkari,Cotton,Block Printing,Small,2.1,300,20,20,Low,Standard,South India,920
SIH-04722,Blue Pottery,Ceramic,Glazing,Medium,4.0,340,40,50,Low,Standard,West India,1280
SIH-04723,Terracotta,Clay,Hand Moulding,Medium,4.0,140,25,35,Low,Light,East India,800
SIH-04724,Thanjavur Painting,Wood,Gold Leaf Work,Large,51.8,3880,340,415,High,Moderate,South India,22000
SIH-04725,Dhokra,Brass,Lost Wax Casting,Medium,22.5,1620,130,155,Medium,Moderate,Central India,7280
SIH-04726,Terracotta,Clay,Hand Moulding,Large,5.8,320,40,40,Medium,Light,East India,1490
SIH-04727,Kalamkari,Cotton,Block Printing,Large,17.0,530,55,85,Medium,Standard,South India,4340
SIH-04728,Kutch Embroidery,Cotton,Hand Embroidery,Large,30.3,780,145,160,High,Standard,West India,7100
SIH-04729,Madhubani,Paper,Hand Painting,Medium,25.4,150,110,155,Medium,Light,East India,6520
SIH-04730,Madhubani,Paper,Hand Painting,Medium,22.3,330,35,80,Medium,Moderate,East India,4440
SIH-04731,Pashmina,Pashmina Wool,Hand Embroidery,Standard,70.5,6570,215,315,Medium,Standard,North India,28590
SIH-04732,Channapatna,Wood,Lac Turning,Small,4.3,100,35,40,Low,High,South India,1140
SIH-04733,Moradabad Metal Craft,Brass,Metal Engraving,Small,10.4,540,60,95,Low,Moderate,North India,3910
SIH-04734,Terracotta,Clay,Hand Moulding,Small,4.6,140,35,50,Low,Standard,East India,1070
SIH-04735,Blue Pottery,Ceramic,Glazing,Small,3.6,240,30,65,Low,Standard,West India,1160
SIH-04736,Blue Pottery,Ceramic,Glazing,Medium,4.3,230,40,55,Low,Standard,West India,1340
SIH-04737,Channapatna,Wood,Lac Turning,Small,3.8,150,30,30,Low,Standard,South India,1040
SIH-04738,Blue Pottery,Ceramic,Glazing,Small,0.8,170,15,20,Low,Standard,West India,400
SIH-04739,Dhokra,Brass,Lost Wax Casting,Medium,20.1,1680,250,345,High,Light,Central India,7400
SIH-04740,Kashmir Walnut Wood Carving,Walnut Wood,Wood Carving,Small,25.4,1290,155,290,Low,Moderate,North India,9050
SIH-04741,Banarasi,Silk,Handloom Weaving,Standard,151.4,4740,580,450,High,Standard,North India,35240
SIH-04742,Blue Pottery,Ceramic,Glazing,Large,7.8,510,60,110,Medium,High,West India,2480
SIH-04743,Sandalwood Carving,Sandalwood,Wood Carving,Small,27.7,1050,245,300,Medium,Moderate,South India,11530
SIH-04744,Blue Pottery,Ceramic,Glazing,Medium,5.7,340,55,55,Low,High,West India,1800
SIH-04745,Kashmir Walnut Wood Carving,Walnut Wood,Wood Carving,Medium,41.4,2040,420,615,Medium,Moderate,North India,16370
SIH-04746,Blue Pottery,Ceramic,Glazing,Medium,4.6,280,45,40,Low,Light,West India,1380
SIH-04747,Dhokra,Brass,Lost Wax Casting,Medium,16.5,1760,205,260,High,Moderate,Central India,7790
SIH-04748,Pipili Applique,Cotton,Applique,Large,23.5,560,120,110,Medium,Light,East India,5410
SIH-04749,Madhubani,Paper,Hand Painting,Small,11.9,120,25,55,Low,Moderate,East India,2110
SIH-04750,Terracotta,Clay,Hand Moulding,Medium,6.0,170,55,35,Low,Standard,East India,1440
SIH-04751,Thanjavur Painting,Wood,Gold Leaf Work,Small,29.9,2310,365,350,Medium,Light,South India,14850
SIH-04752,Blue Pottery,Ceramic,Glazing,Small,3.4,210,25,55,Low,Standard,West India,1130
SIH-04753,Blue Pottery,Ceramic,Glazing,Small,3.8,180,35,65,Low,Moderate,West India,1190
SIH-04754,Bastar Dhokra,Bell Metal,Lost Wax Casting,Large,39.6,2510,430,335,High,Light,Central India,15850
SIH-04755,Kashmir Walnut Wood Carving,Walnut Wood,Wood Carving,Medium,26.2,1250,190,190,Medium,Standard,North India,7710
SIH-04756,Channapatna,Wood,Lac Turning,Medium,3.9,220,30,25,Low,Moderate,South India,1200
SIH-04757,Pashmina,Pashmina Wool,Hand Embroidery,Standard,75.4,5070,295,440,Medium,Standard,North India,30510
SIH-04758,Pashmina,Pashmina Wool,Hand Embroidery,Standard,48.2,5110,200,475,High,Light,North India,20010
SIH-04759,Banarasi,Silk,Handloom Weaving,Standard,76.1,6190,255,695,High,Standard,North India,32430
SIH-04760,Phulkari,Cotton,Hand Embroidery,Standard,33.3,980,140,205,High,Moderate,North India,8680
SIH-04761,Phulkari,Cotton,Hand Embroidery,Standard,39.1,680,120,150,High,High,North India,9190
SIH-04762,Channapatna,Wood,Lac Turning,Small,4.8,150,40,45,Low,High,South India,1340
SIH-04763,Sandalwood Carving,Sandalwood,Wood Carving,Small,32.5,2950,135,275,Medium,High,South India,13300
SIH-04764,Dhokra,Brass,Lost Wax Casting,Small,10.4,500,70,155,Low,Standard,Central India,3760
SIH-04765,Blue Pottery,Ceramic,Glazing,Medium,4.4,330,35,50,Low,Moderate,West India,1460
SIH-04766,Bastar Dhokra,Bell Metal,Lost Wax Casting,Small,8.1,1200,55,135,Low,Standard,Central India,3620
SIH-04767,Kutch Embroidery,Cotton,Hand Embroidery,Medium,16.4,420,100,100,Medium,Standard,West India,4660
SIH-04768,Channapatna,Wood,Lac Turning,Medium,5.4,200,35,35,Low,Moderate,South India,1240
SIH-04769,Blue Pottery,Ceramic,Glazing,Small,3.8,200,30,50,Low,High,West India,1200
SIH-04770,Phulkari,Cotton,Hand Embroidery,Standard,29.8,540,125,110,High,High,North India,7880
SIH-04771,Sandalwood Carving,Sandalwood,Wood Carving,Large,45.3,2520,305,415,High,Light,South India,16000
SIH-04772,Thanjavur Painting,Wood,Gold Leaf Work,Small,38.6,1710,320,530,Medium,Standard,South India,19350
SIH-04773,Kondapalli Toys,Soft Wood,Hand Painting,Small,3.6,250,15,20,Low,Standard,South India,870
SIH-04774,Blue Pottery,Ceramic,Glazing,Small,3.7,190,30,30,Low,High,West India,1120
SIH-04775,Moradabad Metal Craft,Brass,Metal Engraving,Small,11.6,790,95,145,Low,Light,North India,4990
SIH-04776,Kutch Embroidery,Cotton,Hand Embroidery,Large,38.1,720,125,205,High,Standard,West India,8260
SIH-04777,Kutch Embroidery,Cotton,Hand Embroidery,Large,15.5,800,55,95,High,Standard,West India,3660
SIH-04778,Sandalwood Carving,Sandalwood,Wood Carving,Small,14.0,1070,150,165,Medium,Moderate,South India,6870
SIH-04779,Terracotta,Clay,Hand Moulding,Medium,5.5,210,40,40,Low,Standard,East India,1240
SIH-04780,Banarasi,Silk,Handloom Weaving,Standard,101.4,5180,280,440,High,Moderate,North India,36130
SIH-04781,Kondapalli Toys,Soft Wood,Hand Painting,Medium,3.4,210,20,25,Medium,Light,South India,1070
SIH-04782,Phulkari,Cotton,Hand Embroidery,Standard,36.4,650,70,225,Medium,Standard,North India,7940
SIH-04783,Kashmir Walnut Wood Carving,Walnut Wood,Wood Carving,Medium,16.6,790,110,100,Medium,Standard,North India,5350
SIH-04784,Kashmir Walnut Wood Carving,Walnut Wood,Wood Carving,Large,25.6,1810,115,175,High,Light,North India,8380
SIH-04785,Kashmir Walnut Wood Carving,Walnut Wood,Wood Carving,Large,41.1,1960,410,475,High,Moderate,North India,15850
SIH-04786,Sandalwood Carving,Sandalwood,Wood Carving,Small,13.4,1370,75,150,Low,Standard,South India,5690
SIH-04787,Kondapalli Toys,Soft Wood,Hand Painting,Medium,4.2,350,35,40,Medium,Standard,South India,1300
SIH-04788,Moradabad Metal Craft,Brass,Metal Engraving,Medium,7.0,1460,110,105,Medium,Standard,North India,4150
SIH-04789,Sandalwood Carving,Sandalwood,Wood Carving,Medium,52.5,3280,310,435,High,Light,South India,17510
SIH-04790,Pashmina,Pashmina Wool,Hand Embroidery,Standard,67.4,7410,390,590,Medium,Standard,North India,30600
SIH-04791,Thanjavur Painting,Wood,Gold Leaf Work,Small,47.7,1860,235,430,Medium,Moderate,South India,21860
SIH-04792,Sikki Craft,Sikki Grass,Hand Weaving,Large,8.1,250,45,30,High,Light,East India,1580
SIH-04793,Channapatna,Wood,Lac Turning,Small,4.8,160,40,35,Low,High,South India,1270
SIH-04794,Sandalwood Carving,Sandalwood,Wood Carving,Large,46.5,2440,345,355,High,High,South India,15000
SIH-04795,Blue Pottery,Ceramic,Glazing,Medium,4.8,220,30,45,Low,Standard,West India,1250
SIH-04796,Bastar Dhokra,Bell Metal,Lost Wax Casting,Small,11.2,1360,125,120,Low,Light,Central India,5980
SIH-04797,Sandalwood Carving,Sandalwood,Wood Carving,Small,22.0,1930,180,285,Medium,Moderate,South India,10600
SIH-04798,Terracotta,Clay,Hand Moulding,Small,3.5,110,20,45,Low,Standard,East India,850
SIH-04799,Kalamkari,Cotton,Block Printing,Small,4.5,260,15,25,Low,Moderate,South India,1380
SIH-04800,Kashmir Walnut Wood Carving,Walnut Wood,Wood Carving,Medium,21.7,920,80,160,Medium,Light,North India,6020
SIH-04801,Blue Pottery,Ceramic,Glazing,Small,1.5,90,15,20,Low,Light,West India,430
SIH-04802,Pashmina,Pashmina Wool,Hand Embroidery,Standard,67.1,5030,245,305,Medium,Standard,North India,27660
SIH-04803,Bastar Dhokra,Bell Metal,Lost Wax Casting,Medium,15.0,1190,80,190,Medium,Standard,Central India,5550
SIH-04804,Sikki Craft,Sikki Grass,Hand Weaving,Large,12.2,200,30,75,High,Standard,East India,2340
SIH-04805,Pipili Applique,Cotton,Applique,Small,8.9,250,25,50,Low,Light,East India,1820
SIH-04806,Kutch Embroidery,Cotton,Hand Embroidery,Small,20.8,350,50,70,Low,Standard,West India,4260
SIH-04807,Blue Pottery,Ceramic,Glazing,Small,4.4,180,45,55,Low,High,West India,1300
SIH-04808,Pipili Applique,Cotton,Applique,Large,21.2,420,50,65,Medium,Standard,East India,4090
SIH-04809,Blue Pottery,Ceramic,Glazing,Large,5.6,400,75,80,Medium,Standard,West India,1790
SIH-04810,Sandalwood Carving,Sandalwood,Wood Carving,Small,32.0,1720,260,365,Low,Light,South India,12450
SIH-04811,Pipili Applique,Cotton,Applique,Large,20.4,700,80,65,High,Standard,East India,4340
SIH-04812,Terracotta,Clay,Hand Moulding,Small,3.7,130,35,40,Low,Standard,East India,960
SIH-04813,Channapatna,Wood,Lac Turning,Large,9.1,220,70,55,Medium,High,South India,2560
SIH-04814,Sikki Craft,Sikki Grass,Hand Weaving,Small,4.9,130,25,20,Low,Standard,East India,970
SIH-04815,Kutch Embroidery,Cotton,Hand Embroidery,Small,14.8,270,35,100,Medium,Light,West India,3550
SIH-04816,Blue Pottery,Ceramic,Glazing,Medium,1.2,260,20,25,Low,Light,West India,580
SIH-04817,Sandalwood Carving,Sandalwood,Wood Carving,Small,11.6,1210,115,145,Low,Standard,South India,5040
SIH-04818,Moradabad Metal Craft,Brass,Metal Engraving,Medium,9.1,1840,90,220,Medium,Light,North India,5230
SIH-04819,Blue Pottery,Ceramic,Glazing,Medium,4.7,310,25,60,Low,Standard,West India,1380
SIH-04820,Moradabad Metal Craft,Brass,Metal Engraving,Small,3.0,740,75,60,Low,Standard,North India,2080
SIH-04821,Dhokra,Brass,Lost Wax Casting,Small,6.4,840,65,110,Low,Light,Central India,3440
SIH-04822,Madhubani,Paper,Hand Painting,Medium,16.5,170,50,105,Medium,High,East India,4310
SIH-04823,Channapatna,Wood,Lac Turning,Small,4.1,120,30,25,Low,Standard,South India,1150
SIH-04824,Moradabad Metal Craft,Brass,Metal Engraving,Medium,18.5,1300,195,235,Medium,Light,North India,6520
SIH-04825,Kutch Embroidery,Cotton,Hand Embroidery,Medium,18.5,310,65,130,Medium,Light,West India,4890
SIH-04826,Blue Pottery,Ceramic,Glazing,Large,7.7,420,55,85,Medium,Standard,West India,2020
SIH-04827,Thanjavur Painting,Wood,Gold Leaf Work,Large,35.5,3710,345,610,High,Light,South India,20580
SIH-04828,Blue Pottery,Ceramic,Glazing,Medium,3.3,390,25,30,Low,Standard,West India,1220
SIH-04829,Banarasi,Silk,Handloom Weaving,Standard,117.6,5830,690,490,High,Moderate,North India,41400
SIH-04830,Moradabad Metal Craft,Brass,Metal Engraving,Large,31.2,2200,235,370,High,High,North India,12500
SIH-04831,Kalamkari,Cotton,Block Printing,Large,16.7,500,70,85,Medium,Standard,South India,3620
SIH-04832,Blue Pottery,Ceramic,Glazing,Small,3.7,230,35,45,Low,High,West India,1110
SIH-04833,Kashmir Walnut Wood Carving,Walnut Wood,Wood Carving,Medium,31.5,1460,115,300,Medium,Light,North India,8870
SIH-04834,Thanjavur Painting,Wood,Gold Leaf Work,Large,71.7,3590,655,875,High,Standard,South India,27670
SIH-04835,Dhokra,Brass,Lost Wax Casting,Small,15.5,1330,110,160,Medium,Moderate,Central India,6040
SIH-04836,Terracotta,Clay,Hand Moulding,Small,5.3,150,40,65,Low,Standard,East India,1200
SIH-04837,Madhubani,Paper,Hand Painting,Small,13.3,150,45,90,Low,Light,East India,3470
SIH-04838,Dhokra,Brass,Lost Wax Casting,Large,28.0,1400,185,220,High,Standard,Central India,8450
SIH-04839,Phulkari,Cotton,Hand Embroidery,Standard,25.6,840,80,210,Medium,Standard,North India,7800
SIH-04840,Sikki Craft,Sikki Grass,Hand Weaving,Small,0.8,100,15,20,Low,Standard,East India,310
SIH-04841,Kutch Embroidery,Cotton,Hand Embroidery,Medium,10.8,640,50,110,Medium,Standard,West India,3990
SIH-04842,Bastar Dhokra,Bell Metal,Lost Wax Casting,Medium,14.7,1640,140,230,Medium,Standard,Central India,5670
SIH-04843,Kalamkari,Cotton,Block Printing,Medium,8.3,600,25,45,Medium,Moderate,South India,2730
SIH-04844,Blue Pottery,Ceramic,Glazing,Medium,5.8,210,50,50,Low,Moderate,West India,1580
SIH-04845,Channapatna,Wood,Lac Turning,Medium,5.4,190,25,45,Low,Light,South India,1390
SIH-04846,Dhokra,Brass,Lost Wax Casting,Medium,10.4,1730,120,190,Medium,Standard,Central India,5550
SIH-04847,Pashmina,Pashmina Wool,Hand Embroidery,Standard,79.5,5550,305,420,Medium,Standard,North India,28110
SIH-04848,Thanjavur Painting,Wood,Gold Leaf Work,Medium,75.6,3010,550,505,High,Standard,South India,28640
SIH-04849,Kalamkari,Cotton,Block Printing,Large,24.5,840,85,90,Medium,Standard,South India,6320
SIH-04850,Blue Pottery,Ceramic,Glazing,Small,0.9,150,15,20,Low,Standard,West India,380
SIH-04851,Terracotta,Clay,Hand Moulding,Large,7.6,180,55,50,Medium,Moderate,East India,1460
SIH-04852,Thanjavur Painting,Wood,Gold Leaf Work,Large,64.6,3650,295,725,High,Moderate,South India,26810
SIH-04853,Kutch Embroidery,Cotton,Hand Embroidery,Large,31.8,830,110,135,High,Moderate,West India,7680
SIH-04854,Sikki Craft,Sikki Grass,Hand Weaving,Large,11.2,200,45,60,Medium,Standard,East India,2140
SIH-04855,Banarasi,Silk,Handloom Weaving,Standard,61.7,4480,240,445,High,Standard,North India,23830
SIH-04856,Pipili Applique,Cotton,Applique,Medium,10.7,410,25,45,Low,Standard,East India,1900
SIH-04857,Kalamkari,Cotton,Block Printing,Medium,6.6,450,25,55,Low,Standard,South India,2040
SIH-04858,Bastar Dhokra,Bell Metal,Lost Wax Casting,Large,41.3,3150,340,665,High,Light,Central India,15010
SIH-04859,Pipili Applique,Cotton,Applique,Medium,9.9,450,35,70,Medium,Standard,East India,2630
SIH-04860,Madhubani,Paper,Hand Painting,Small,9.2,110,20,35,Low,Light,East India,1650
SIH-04861,Channapatna,Wood,Lac Turning,Large,7.2,360,40,45,Medium,Standard,South India,1580
SIH-04862,Blue Pottery,Ceramic,Glazing,Small,3.1,240,35,40,Low,Standard,West India,1040
SIH-04863,Pashmina,Pashmina Wool,Hand Embroidery,Standard,83.3,7920,645,425,Medium,Light,North India,38750
SIH-04864,Blue Pottery,Ceramic,Glazing,Medium,1.5,260,15,30,Low,Standard,West India,630
SIH-04865,Blue Pottery,Ceramic,Glazing,Small,3.6,230,40,40,Low,Standard,West India,1200
SIH-04866,Pipili Applique,Cotton,Applique,Small,7.6,220,30,35,Low,Standard,East India,1310
SIH-04867,Banarasi,Silk,Handloom Weaving,Standard,98.2,6120,350,380,High,Standard,North India,37320
SIH-04868,Kondapalli Toys,Soft Wood,Hand Painting,Medium,3.4,360,35,20,Low,Standard,South India,1150
SIH-04869,Sikki Craft,Sikki Grass,Hand Weaving,Small,6.5,80,20,25,Medium,High,East India,1300
SIH-04870,Blue Pottery,Ceramic,Glazing,Medium,5.5,230,45,60,Low,Light,West India,1320
SIH-04871,Phulkari,Cotton,Hand Embroidery,Standard,31.9,620,160,260,Medium,Standard,North India,8980
SIH-04872,Terracotta,Clay,Hand Moulding,Medium,4.9,170,20,65,Low,Standard,East India,1200
SIH-04873,Sikki Craft,Sikki Grass,Hand Weaving,Large,9.0,150,40,65,Medium,Standard,East India,1950
SIH-04874,Sikki Craft,Sikki Grass,Hand Weaving,Medium,6.5,120,35,40,Medium,Moderate,East India,1300
SIH-04875,Kalamkari,Cotton,Block Printing,Small,5.3,320,15,20,Low,Standard,South India,1310
SIH-04876,Pipili Applique,Cotton,Applique,Large,19.7,540,40,50,High,Light,East India,3630
SIH-04877,Bastar Dhokra,Bell Metal,Lost Wax Casting,Small,9.1,790,65,175,Low,Standard,Central India,3820
SIH-04878,Blue Pottery,Ceramic,Glazing,Small,3.0,250,45,45,Low,Standard,West India,1140
SIH-04879,Pipili Applique,Cotton,Applique,Large,14.7,380,45,90,Medium,Standard,East India,2970
SIH-04880,Sandalwood Carving,Sandalwood,Wood Carving,Medium,48.7,2560,265,355,Medium,Standard,South India,14240
SIH-04881,Terracotta,Clay,Hand Moulding,Medium,5.5,240,40,55,Low,Light,East India,1210
SIH-04882,Banarasi,Silk,Handloom Weaving,Standard,104.3,7760,480,770,High,Standard,North India,35640
SIH-04883,Thanjavur Painting,Wood,Gold Leaf Work,Small,38.2,2110,295,290,Medium,Standard,South India,15140
SIH-04884,Kondapalli Toys,Soft Wood,Hand Painting,Small,6.0,220,50,60,Low,High,South India,1670
SIH-04885,Blue Pottery,Ceramic,Glazing,Small,4.0,170,25,40,Low,Moderate,West India,1150
SIH-04886,Thanjavur Painting,Wood,Gold Leaf Work,Medium,60.8,2160,420,790,High,Standard,South India,23620
SIH-04887,Blue Pottery,Ceramic,Glazing,Large,3.0,560,60,55,Medium,Standard,West India,1460
SIH-04888,Terracotta,Clay,Hand Moulding,Small,1.0,100,15,20,Low,Light,East India,310
SIH-04889,Kalamkari,Cotton,Block Printing,Small,4.0,370,25,25,Low,Standard,South India,1210
SIH-04890,Terracotta,Clay,Hand Moulding,Medium,6.4,220,45,70,Low,Standard,East India,1540
SIH-04891,Kalamkari,Cotton,Block Printing,Medium,11.5,370,30,50,Low,Moderate,South India,2410
SIH-04892,Bastar Dhokra,Bell Metal,Lost Wax Casting,Large,26.5,2390,180,255,High,Standard,Central India,8670
SIH-04893,Terracotta,Clay,Hand Moulding,Small,5.6,110,50,35,Low,Moderate,East India,1220
SIH-04894,Pipili Applique,Cotton,Applique,Small,6.8,200,25,35,Low,Standard,East India,1610
SIH-04895,Pashmina,Pashmina Wool,Hand Embroidery,Standard,58.5,5380,200,510,Medium,Standard,North India,23820
SIH-04896,Kondapalli Toys,Soft Wood,Hand Painting,Large,10.8,410,55,40,High,Moderate,South India,2390
SIH-04897,Pashmina,Pashmina Wool,Hand Embroidery,Standard,108.8,3330,535,745,Medium,Light,North India,36220
SIH-04898,Kutch Embroidery,Cotton,Hand Embroidery,Large,32.5,900,170,215,High,Light,West India,7950
SIH-04899,Banarasi,Silk,Handloom Weaving,Standard,148.2,6290,565,710,High,High,North India,51750
SIH-04900,Blue Pottery,Ceramic,Glazing,Medium,1.4,220,20,20,Low,Standard,West India,550
SIH-04901,Moradabad Metal Craft,Brass,Metal Engraving,Medium,22.2,2090,280,410,Medium,Standard,North India,9180
SIH-04902,Phulkari,Cotton,Hand Embroidery,Standard,35.8,630,140,130,Medium,Standard,North India,7100
SIH-04903,Banarasi,Silk,Handloom Weaving,Standard,94.9,3020,470,405,Medium,Standard,North India,30100
SIH-04904,Banarasi,Silk,Handloom Weaving,Standard,136.4,4620,490,705,High,Moderate,North India,46500
SIH-04905,Blue Pottery,Ceramic,Glazing,Small,3.8,250,40,50,Low,High,West India,1230
SIH-04906,Kashmir Walnut Wood Carving,Walnut Wood,Wood Carving,Large,41.2,1800,320,375,High,Standard,North India,12470
SIH-04907,Blue Pottery,Ceramic,Glazing,Medium,4.4,270,45,30,Medium,High,West India,1340
SIH-04908,Kalamkari,Cotton,Block Printing,Small,12.1,340,65,55,Low,Light,South India,3760
SIH-04909,Pipili Applique,Cotton,Applique,Small,9.1,260,30,35,Low,Standard,East India,2070
SIH-04910,Bastar Dhokra,Bell Metal,Lost Wax Casting,Large,32.5,1880,190,440,High,Light,Central India,9660
SIH-04911,Madhubani,Paper,Hand Painting,Medium,23.7,310,60,125,Medium,Moderate,East India,4410
SIH-04912,Pipili Applique,Cotton,Applique,Large,19.7,560,50,120,High,Standard,East India,4010
SIH-04913,Bastar Dhokra,Bell Metal,Lost Wax Casting,Small,25.4,1520,135,275,Medium,Moderate,Central India,8560
SIH-04914,Pipili Applique,Cotton,Applique,Large,29.2,340,125,130,High,Standard,East India,6070
SIH-04915,Thanjavur Painting,Wood,Gold Leaf Work,Medium,38.7,2900,550,570,High,Standard,South India,21420
SIH-04916,Phulkari,Cotton,Hand Embroidery,Standard,13.4,780,50,80,High,Moderate,North India,5330
SIH-04917,Kalamkari,Cotton,Block Printing,Large,32.7,730,90,190,High,High,South India,7850
SIH-04918,Sandalwood Carving,Sandalwood,Wood Carving,Large,51.0,5480,645,505,High,Standard,South India,29320
SIH-04919,Pashmina,Pashmina Wool,Hand Embroidery,Standard,78.4,7050,335,625,Medium,Light,North India,32650
SIH-04920,Blue Pottery,Ceramic,Glazing,Large,4.4,300,45,40,Medium,Standard,West India,1190
SIH-04921,Madhubani,Paper,Hand Painting,Small,9.5,130,35,45,Low,High,East India,2330
SIH-04922,Pipili Applique,Cotton,Applique,Large,17.1,380,70,100,Medium,Standard,East India,3350
SIH-04923,Thanjavur Painting,Wood,Gold Leaf Work,Small,52.4,2580,260,520,Medium,Moderate,South India,23930
SIH-04924,Banarasi,Silk,Handloom Weaving,Standard,130.5,6060,615,870,High,Light,North India,51220
SIH-04925,Blue Pottery,Ceramic,Glazing,Medium,1.6,270,25,20,Low,Light,West India,670
SIH-04926,Banarasi,Silk,Handloom Weaving,Standard,113.4,5730,605,865,High,Standard,North India,39760
SIH-04927,Pashmina,Pashmina Wool,Hand Embroidery,Standard,106.1,5530,570,780,Medium,Light,North India,37290
SIH-04928,Bastar Dhokra,Bell Metal,Lost Wax Casting,Large,35.0,2520,350,285,High,Moderate,Central India,13190
SIH-04929,Madhubani,Paper,Hand Painting,Medium,17.9,310,95,105,Medium,Light,East India,5190
SIH-04930,Blue Pottery,Ceramic,Glazing,Large,4.8,230,40,35,Medium,Standard,West India,1240
SIH-04931,Kondapalli Toys,Soft Wood,Hand Painting,Medium,8.5,260,45,55,Medium,Standard,South India,2380
SIH-04932,Madhubani,Paper,Hand Painting,Large,37.0,290,140,205,High,Moderate,East India,8370
SIH-04933,Madhubani,Paper,Hand Painting,Large,26.5,160,50,130,High,High,East India,5610
SIH-04934,Kalamkari,Cotton,Block Printing,Large,22.9,630,55,110,Medium,Standard,South India,4740
SIH-04935,Phulkari,Cotton,Hand Embroidery,Standard,45.0,390,160,150,High,Moderate,North India,11180
SIH-04936,Pashmina,Pashmina Wool,Hand Embroidery,Standard,85.4,7170,515,865,Medium,Light,North India,39570
SIH-04937,Blue Pottery,Ceramic,Glazing,Small,3.2,290,25,55,Low,Moderate,West India,1170
SIH-04938,Phulkari,Cotton,Hand Embroidery,Standard,35.3,540,135,195,Medium,Moderate,North India,7220
SIH-04939,Blue Pottery,Ceramic,Glazing,Medium,2.1,280,30,20,Low,Moderate,West India,830
SIH-04940,Madhubani,Paper,Hand Painting,Small,3.2,80,15,20,Low,Standard,East India,700
SIH-04941,Kalamkari,Cotton,Block Printing,Large,7.6,800,60,50,Medium,Light,South India,2900
SIH-04942,Kashmir Walnut Wood Carving,Walnut Wood,Wood Carving,Large,30.9,2190,275,480,High,Standard,North India,13350
SIH-04943,Sandalwood Carving,Sandalwood,Wood Carving,Small,19.5,1880,200,160,Low,Standard,South India,10240
SIH-04944,Blue Pottery,Ceramic,Glazing,Small,3.5,230,25,30,Low,Moderate,West India,1040
SIH-04945,Kalamkari,Cotton,Block Printing,Small,5.2,320,25,35,Low,Standard,South India,1390
SIH-04946,Pashmina,Pashmina Wool,Hand Embroidery,Standard,54.2,6270,410,460,Medium,Light,North India,24450
SIH-04947,Kondapalli Toys,Soft Wood,Hand Painting,Small,3.7,250,25,45,Low,Standard,South India,1310
SIH-04948,Sandalwood Carving,Sandalwood,Wood Carving,Medium,24.5,3860,155,220,Medium,Standard,South India,13750
SIH-04949,Pashmina,Pashmina Wool,Hand Embroidery,Standard,78.9,8120,515,710,Medium,Standard,North India,34020
SIH-04950,Kondapalli Toys,Soft Wood,Hand Painting,Small,4.0,210,30,45,Low,Light,South India,1360
SIH-04951,Banarasi,Silk,Handloom Weaving,Standard,85.8,5780,550,430,Medium,Standard,North India,36780
SIH-04952,Kondapalli Toys,Soft Wood,Hand Painting,Large,10.5,510,75,85,High,Standard,South India,2750
SIH-04953,Kutch Embroidery,Cotton,Hand Embroidery,Medium,23.4,400,70,145,High,High,West India,6650
SIH-04954,Sandalwood Carving,Sandalwood,Wood Carving,Medium,28.3,3080,250,215,Medium,Light,South India,12310
SIH-04955,Thanjavur Painting,Wood,Gold Leaf Work,Medium,36.2,3570,465,565,High,Standard,South India,21350
SIH-04956,Bastar Dhokra,Bell Metal,Lost Wax Casting,Small,4.2,1250,110,110,Low,Light,Central India,3250
SIH-04957,Channapatna,Wood,Lac Turning,Large,3.2,220,15,20,Low,Standard,South India,810
SIH-04958,Sandalwood Carving,Sandalwood,Wood Carving,Medium,61.2,3190,470,695,High,Moderate,South India,25460
SIH-04959,Blue Pottery,Ceramic,Glazing,Large,6.4,280,80,70,Medium,Standard,West India,1920
SIH-04960,Blue Pottery,Ceramic,Glazing,Large,6.3,320,80,90,Medium,Moderate,West India,1850
SIH-04961,Kalamkari,Cotton,Block Printing,Medium,12.1,500,55,50,Low,Standard,South India,2920
SIH-04962,Madhubani,Paper,Hand Painting,Medium,35.6,260,175,195,Medium,High,East India,9750
SIH-04963,Sikki Craft,Sikki Grass,Hand Weaving,Medium,6.2,120,35,30,Medium,Light,East India,1470
SIH-04964,Kondapalli Toys,Soft Wood,Hand Painting,Large,9.9,320,25,80,High,Light,South India,2080
SIH-04965,Terracotta,Clay,Hand Moulding,Large,4.0,300,40,30,Medium,Standard,East India,1050
SIH-04966,Pipili Applique,Cotton,Applique,Large,4.2,410,25,30,High,Standard,East India,1180
SIH-04967,Dhokra,Brass,Lost Wax Casting,Large,11.1,1370,145,155,High,Standard,Central India,5860
SIH-04968,Channapatna,Wood,Lac Turning,Large,2.7,180,20,25,Medium,Standard,South India,740
SIH-04969,Madhubani,Paper,Hand Painting,Small,13.3,110,30,70,Low,Moderate,East India,3210
SIH-04970,Sandalwood Carving,Sandalwood,Wood Carving,Large,48.6,4340,385,350,High,Moderate,South India,20740
SIH-04971,Thanjavur Painting,Wood,Gold Leaf Work,Large,38.2,4350,450,675,High,Standard,South India,23290
SIH-04972,Kutch Embroidery,Cotton,Hand Embroidery,Small,17.3,240,110,130,Medium,Moderate,West India,5400
SIH-04973,Pashmina,Pashmina Wool,Hand Embroidery,Standard,55.8,3960,310,405,Medium,Standard,North India,25950
SIH-04974,Kalamkari,Cotton,Block Printing,Large,31.9,850,65,85,High,Moderate,South India,7150
SIH-04975,Bastar Dhokra,Bell Metal,Lost Wax Casting,Medium,21.5,2270,235,395,Medium,Light,Central India,9050
SIH-04976,Blue Pottery,Ceramic,Glazing,Medium,2.9,390,40,50,Low,Standard,West India,1130
SIH-04977,Phulkari,Cotton,Hand Embroidery,Standard,29.1,630,110,110,Medium,Light,North India,6170
SIH-04978,Moradabad Metal Craft,Brass,Metal Engraving,Small,4.1,680,45,45,Low,Standard,North India,1740
SIH-04979,Kalamkari,Cotton,Block Printing,Large,19.7,1030,90,95,Medium,Light,South India,5490
SIH-04980,Kutch Embroidery,Cotton,Hand Embroidery,Large,19.9,630,50,135,High,Moderate,West India,4940
SIH-04981,Kondapalli Toys,Soft Wood,Hand Painting,Large,4.5,570,50,40,Medium,Standard,South India,1790
SIH-04982,Madhubani,Paper,Hand Painting,Medium,10.4,220,45,40,Low,Standard,East India,2850
SIH-04983,Phulkari,Cotton,Hand Embroidery,Standard,10.9,770,80,55,Medium,Standard,North India,3840
SIH-04984,Kutch Embroidery,Cotton,Hand Embroidery,Medium,19.1,600,65,130,Medium,Standard,West India,4350
SIH-04985,Pipili Applique,Cotton,Applique,Medium,17.0,360,65,75,Medium,Moderate,East India,3770
SIH-04986,Blue Pottery,Ceramic,Glazing,Small,3.6,260,35,30,Low,Moderate,West India,1220
SIH-04987,Sandalwood Carving,Sandalwood,Wood Carving,Small,33.2,1520,215,225,Medium,Light,South India,13100
SIH-04988,Pipili Applique,Cotton,Applique,Small,1.7,180,15,20,Low,Standard,East India,560
SIH-04989,Madhubani,Paper,Hand Painting,Small,7.2,210,25,40,Low,Light,East India,1810
SIH-04990,Phulkari,Cotton,Hand Embroidery,Standard,44.6,630,180,335,Medium,Light,North India,13670
SIH-04991,Blue Pottery,Ceramic,Glazing,Small,0.8,100,15,20,Low,Standard,West India,320
SIH-04992,Thanjavur Painting,Wood,Gold Leaf Work,Large,47.8,4420,580,955,High,Standard,South India,26350
SIH-04993,Pipili Applique,Cotton,Applique,Small,2.2,180,15,20,Low,Standard,East India,610
SIH-04994,Phulkari,Cotton,Hand Embroidery,Standard,48.0,670,170,300,Medium,Standard,North India,13210
SIH-04995,Blue Pottery,Ceramic,Glazing,Medium,0.9,250,15,20,Low,Standard,West India,520
SIH-04996,Pipili Applique,Cotton,Applique,Large,23.3,410,65,90,Medium,Moderate,East India,4020
SIH-04997,Blue Pottery,Ceramic,Glazing,Medium,3.8,220,25,30,Low,Standard,West India,1020
SIH-04998,Blue Pottery,Ceramic,Glazing,Small,1.2,110,15,20,Low,Standard,West India,350
SIH-04999,Terracotta,Clay,Hand Moulding,Medium,5.4,240,50,40,Low,Light,East India,1300
SIH-05000,Kondapalli Toys,Soft Wood,Hand Painting,Small,4.8,250,35,50,Low,Moderate,South India,1610
